Gene,Gene_name,In_OMIM,In_OpenTargets_Platform,OpenTargets_score,OpenTargets_sources,In_ClinVar,In_SZDB,Databases
A3GALT2,"alpha 1,3-galactosyltransferase 2",N,Y,0.09353932034400413,gwas_credible_sets,N,N,OpenTargets_Platform
ABCA13,ATP binding cassette subfamily A member 13,Y,Y,0.27119324917087145,eva|europepmc,Y,N,OMIM|OpenTargets_Platform|ClinVar
ABCB1,ATP binding cassette subfamily B member 1,N,Y,0.16170432929216066,gwas_credible_sets|europepmc,N,N,OpenTargets_Platform
ABCB4,ATP binding cassette subfamily B member 4,N,Y,0.11087395640541053,eva,Y,N,OpenTargets_Platform|ClinVar
ABCB9,ATP binding cassette subfamily B member 9,N,Y,0.10961263884229774,gwas_credible_sets|europepmc,N,N,OpenTargets_Platform
ABCC4,ATP binding cassette subfamily C member 4 (PEL blood group),N,Y,0.045025267148429915,gwas_credible_sets,N,N,OpenTargets_Platform
ABCF3,ATP binding cassette subfamily F member 3,N,Y,0.04070517118886358,gwas_credible_sets,N,N,OpenTargets_Platform
ACADS,acyl-CoA dehydrogenase short chain,N,Y,0.2076139706709906,gwas_credible_sets,N,N,OpenTargets_Platform
ACE,angiotensin I converting enzyme,N,Y,0.44573304279191317,gwas_credible_sets|europepmc|impc,N,N,OpenTargets_Platform
ACER2,alkaline ceramidase 2,N,Y,0.024442974781896814,gwas_credible_sets,N,N,OpenTargets_Platform
ACHE,acetylcholinesterase (Yt blood group),N,Y,0.3252720546314883,clinical_precedence|europepmc,N,N,OpenTargets_Platform
ACTBL2,actin beta like 2,N,Y,0.2377441058770879,gwas_credible_sets|europepmc,N,N,OpenTargets_Platform
ACTC1,actin alpha cardiac muscle 1,N,Y,0.1420904498058195,gwas_credible_sets|europepmc,N,N,OpenTargets_Platform
ACTL6B,actin like 6B,N,Y,0.018785570223230755,gwas_credible_sets,N,N,OpenTargets_Platform
ACTR1A,actin related protein 1A,N,Y,0.03609837333591602,gwas_credible_sets|europepmc,N,N,OpenTargets_Platform
ACTR1B,actin related protein 1B,N,Y,0.06231024225657371,gwas_credible_sets|europepmc,N,N,OpenTargets_Platform
ACTR5,actin related protein 5,N,Y,0.33926054115864274,gwas_credible_sets,N,N,OpenTargets_Platform
ADAM10,ADAM metallopeptidase domain 10,N,Y,0.38176021206436106,gwas_credible_sets|europepmc,N,N,OpenTargets_Platform
ADAMTSL3,ADAMTS like 3,N,Y,0.21273123394057505,gwas_credible_sets|europepmc,N,N,OpenTargets_Platform
ADAT2,adenosine deaminase tRNA specific 2,N,Y,0.08753691918404374,gwas_credible_sets,N,N,OpenTargets_Platform
ADCK1,aarF domain containing kinase 1,N,Y,0.022753503720573526,gwas_credible_sets|europepmc,N,N,OpenTargets_Platform
ADCY10,adenylate cyclase 10,N,Y,0.03384771320380207,gwas_credible_sets,N,N,OpenTargets_Platform
ADCY2,adenylate cyclase 2,N,Y,0.2691918809457282,gwas_credible_sets|europepmc,N,N,OpenTargets_Platform
ADGB,androglobin,N,Y,0.026335377102415816,gwas_credible_sets,N,N,OpenTargets_Platform
ADGRB1,adhesion G protein-coupled receptor B1,N,Y,0.050054739606218826,gwas_credible_sets|europepmc,N,N,OpenTargets_Platform
ADGRL1,adhesion G protein-coupled receptor L1,Y,N,0.0036957985468470188,europepmc,N,N,OMIM
ADGRV1,adhesion G protein-coupled receptor V1,N,Y,0.32248375965340764,gwas_credible_sets|expression_atlas|europepmc,N,N,OpenTargets_Platform
ADIPOR2,adiponectin receptor 2,N,Y,0.032901961135963685,gwas_credible_sets,N,N,OpenTargets_Platform
ADNP,activity dependent neuroprotector homeobox,Y,N,0.03350292418106482,europepmc,N,N,OMIM
ADNP2,ADNP homeobox 2,Y,N,0.018877899119277047,europepmc,N,N,OMIM
ADO,2-aminoethanethiol dioxygenase,N,Y,0.16572378888782408,gwas_credible_sets,N,N,OpenTargets_Platform
ADORA2A,adenosine A2a receptor,N,Y,0.08815149727706265,europepmc|clinical_precedence,N,N,OpenTargets_Platform
ADORA2B,adenosine A2b receptor,N,Y,0.05788544473999142,clinical_precedence|europepmc,N,N,OpenTargets_Platform
ADRA1A,adrenoceptor alpha 1A,N,Y,0.49520523424558716,clinical_precedence|europepmc,N,N,OpenTargets_Platform
ADRA1B,adrenoceptor alpha 1B,N,Y,0.48975461602014203,clinical_precedence,N,N,OpenTargets_Platform
ADRA1D,adrenoceptor alpha 1D,N,Y,0.49228275371767605,clinical_precedence|europepmc|expression_atlas,N,N,OpenTargets_Platform
ADRA2A,adrenoceptor alpha 2A,N,Y,0.08999062294574897,europepmc|clinical_precedence,N,N,OpenTargets_Platform
ADRA2B,adrenoceptor alpha 2B,N,Y,0.040637288148100456,clinical_precedence|europepmc,N,N,OpenTargets_Platform
ADRA2C,adrenoceptor alpha 2C,N,Y,0.0828919237647102,europepmc|clinical_precedence,N,N,OpenTargets_Platform
AFF3,ALF transcription elongation factor 3,N,Y,0.27213063160249784,gwas_credible_sets,N,N,OpenTargets_Platform
AGAP1,"ArfGAP with GTPase domain, ankyrin repeat and PH domain 1",N,Y,0.2283561810171106,gwas_credible_sets|europepmc,N,N,OpenTargets_Platform
AGBL4,AGBL carboxypeptidase 4,N,Y,0.2745666835943008,gwas_credible_sets,N,N,OpenTargets_Platform
AGFG1,ArfGAP with FG repeats 1,N,Y,0.02952585544369961,gwas_credible_sets|europepmc,N,N,OpenTargets_Platform
AGO1,argonaute RISC component 1,N,Y,0.18065862328171622,gwas_credible_sets|europepmc,N,N,OpenTargets_Platform
AGO3,argonaute RISC catalytic component 3,N,Y,0.11844670917954528,gwas_credible_sets,N,N,OpenTargets_Platform
AGO4,argonaute RISC component 4,N,Y,0.07078662170121632,gwas_credible_sets,N,N,OpenTargets_Platform
AHI1,Abelson helper integration site 1,Y,N,0.04770874223457292,europepmc,N,N,OMIM
AIG1,androgen induced 1,N,Y,0.13700858921279482,gwas_credible_sets,N,N,OpenTargets_Platform
AJUBA,ajuba LIM protein,N,Y,0.02633963001366731,gwas_credible_sets,N,N,OpenTargets_Platform
AK4,adenylate kinase 4,N,Y,0.3077508243917142,gwas_credible_sets,N,N,OpenTargets_Platform
AKAP10,A-kinase anchoring protein 10,N,Y,0.13398708645433796,gwas_credible_sets,N,N,OpenTargets_Platform
AKAP6,A-kinase anchoring protein 6,N,Y,0.36187525447552726,gwas_credible_sets|europepmc,N,N,OpenTargets_Platform
AKT1,AKT serine/threonine kinase 1,Y,Y,0.10877434065027536,europepmc|eva,Y,N,OMIM|OpenTargets_Platform|ClinVar
AKT3,AKT serine/threonine kinase 3,N,Y,0.4677778739575651,gwas_credible_sets|europepmc,N,N,OpenTargets_Platform
ALAS1,5'-aminolevulinate synthase 1,N,Y,0.029152297179199448,gwas_credible_sets|europepmc,N,N,OpenTargets_Platform
ALDH1L1,aldehyde dehydrogenase 1 family member L1,N,Y,0.021427489588189463,gwas_credible_sets|europepmc|expression_atlas,N,N,OpenTargets_Platform
ALDH5A1,aldehyde dehydrogenase 5 family member A1,N,Y,0.2775955352965093,clinical_precedence,N,N,OpenTargets_Platform
ALG14,ALG14 UDP-N-acetylglucosaminyltransferase subunit,N,Y,0.043416404865272464,gwas_credible_sets,N,N,OpenTargets_Platform
ALK,ALK receptor tyrosine kinase,N,Y,0.2826745925440112,gwas_credible_sets|europepmc,N,N,OpenTargets_Platform
ALKAL1,,N,N,,,Y,N,ClinVar
ALPK3,alpha kinase 3,N,Y,0.20327501418878408,gwas_credible_sets|europepmc,N,N,OpenTargets_Platform
AMBRA1,autophagy and beclin 1 regulator 1,N,Y,0.07465226463851506,gwas_credible_sets|europepmc,N,N,OpenTargets_Platform
AMN,amnion associated transmembrane protein,N,Y,0.026620729686770758,gwas_credible_sets,N,N,OpenTargets_Platform
AMZ1,archaelysin family metallopeptidase 1,N,Y,0.03638545797754195,gwas_credible_sets,N,N,OpenTargets_Platform
ANAPC5,anaphase promoting complex subunit 5,N,Y,0.24583716944209694,gwas_credible_sets|europepmc,N,N,OpenTargets_Platform
ANAPC7,anaphase promoting complex subunit 7,N,Y,0.02035098438504834,gwas_credible_sets,N,N,OpenTargets_Platform
ANG,angiogenin,N,Y,0.057213520779141304,gwas_credible_sets|europepmc,N,N,OpenTargets_Platform
ANGPT2,angiopoietin 2,N,Y,0.02635784213339809,gwas_credible_sets|europepmc,N,N,OpenTargets_Platform
ANGPTL2,angiopoietin like 2,N,Y,0.12220956253411784,gwas_credible_sets|europepmc,N,N,OpenTargets_Platform
ANK3,ankyrin 3,N,Y,0.29186713082271537,gwas_credible_sets|europepmc,N,N,OpenTargets_Platform
ANKK1,ankyrin repeat and kinase domain containing 1,N,Y,0.0797002335840043,europepmc|gwas_credible_sets|eva,Y,N,OpenTargets_Platform|ClinVar
ANKRD1,ankyrin repeat domain 1,N,Y,0.2293187661403429,gwas_credible_sets|europepmc,N,N,OpenTargets_Platform
ANKRD36,ankyrin repeat domain 36,N,Y,0.2962805258651564,gwas_credible_sets,N,N,OpenTargets_Platform
ANKRD44,ankyrin repeat domain 44,N,Y,0.04268901796593673,gwas_credible_sets|europepmc,N,N,OpenTargets_Platform
ANKRD45,ankyrin repeat domain 45,N,Y,0.099566792575041,gwas_credible_sets|impc|europepmc,N,N,OpenTargets_Platform
ANKRD55,ankyrin repeat domain 55,N,Y,0.19692629205236367,gwas_credible_sets|europepmc,N,N,OpenTargets_Platform
ANKRD63,ankyrin repeat domain 63,N,Y,0.14317119238886603,gwas_credible_sets,N,N,OpenTargets_Platform
ANKS1B,ankyrin repeat and sterile alpha motif domain containing 1B,N,Y,0.37463372328676336,gwas_credible_sets|impc|europepmc,N,N,OpenTargets_Platform
ANP32E,acidic nuclear phosphoprotein 32 family member E,N,Y,0.021281786812419438,gwas_credible_sets,N,N,OpenTargets_Platform
ANPEP,"alanyl aminopeptidase, membrane",N,Y,0.03269383670648754,gwas_credible_sets|europepmc,N,N,OpenTargets_Platform
ANXA1,annexin A1,N,Y,0.2799163063149147,gwas_credible_sets|europepmc,N,N,OpenTargets_Platform
AP2B1,adaptor related protein complex 2 subunit beta 1,N,Y,0.09065360703379191,impc|gwas_credible_sets|europepmc,N,N,OpenTargets_Platform
AP2M1,adaptor related protein complex 2 subunit mu 1,N,Y,0.08154353964803382,gwas_credible_sets|europepmc,N,N,OpenTargets_Platform
AP3B1,adaptor related protein complex 3 subunit beta 1,N,Y,0.2522004742864879,gwas_credible_sets|europepmc,N,N,OpenTargets_Platform
AP3B2,adaptor related protein complex 3 subunit beta 2,N,Y,0.2958751659685841,gwas_credible_sets|impc,N,N,OpenTargets_Platform
AP3D1,adaptor related protein complex 3 subunit delta 1,N,Y,0.09348757057845154,gwas_credible_sets|impc,N,N,OpenTargets_Platform
AP3S2,adaptor related protein complex 3 subunit sigma 2,N,Y,0.052756145613585236,gwas_credible_sets,N,N,OpenTargets_Platform
APAF1,apoptotic peptidase activating factor 1,N,Y,0.11295496583815437,gwas_credible_sets,N,N,OpenTargets_Platform
APBA1,amyloid beta precursor protein binding family A member 1,N,Y,0.18909091899878158,gwas_credible_sets|europepmc,N,N,OpenTargets_Platform
APOBR,apolipoprotein B receptor,N,Y,0.025844918269831887,gwas_credible_sets,N,N,OpenTargets_Platform
APOC1,apolipoprotein C1,N,Y,0.076033607690668,gwas_credible_sets|europepmc,N,N,OpenTargets_Platform
APOE,apolipoprotein E,Y,Y,0.3560533184855201,gwas_credible_sets|europepmc|impc,N,N,OMIM|OpenTargets_Platform
APOL1,apolipoprotein L1,Y,N,0.03789958647702518,europepmc,N,N,OMIM
APOL2,apolipoprotein L2,Y,N,0.005979481494842881,europepmc,N,N,OMIM
APOL3,apolipoprotein L3,Y,N,,,N,N,OMIM
APOL4,apolipoprotein L4,Y,N,0.004958529717019749,europepmc,N,N,OMIM
APOL5,apolipoprotein L5,Y,N,0.0014783194187388072,europepmc,N,N,OMIM
APOL6,apolipoprotein L6,Y,N,,,N,N,OMIM
APP,amyloid beta precursor protein,Y,N,0.04249952453865227,europepmc,N,N,OMIM
ARFGEF2,ARF guanine nucleotide exchange factor 2,N,Y,0.06647739570919226,gwas_credible_sets|europepmc,N,N,OpenTargets_Platform
ARHGAP1,Rho GTPase activating protein 1,N,Y,0.17770584763241587,gwas_credible_sets,N,N,OpenTargets_Platform
ARHGAP15,Rho GTPase activating protein 15,N,Y,0.3088161332560516,gwas_credible_sets|europepmc,N,N,OpenTargets_Platform
ARHGAP18,Rho GTPase activating protein 18,Y,N,0.030005367113284977,europepmc,N,N,OMIM
ARHGAP42,Rho GTPase activating protein 42,N,Y,0.3172849675169304,gwas_credible_sets,N,N,OpenTargets_Platform
ARHGEF28,Rho guanine nucleotide exchange factor 28,N,Y,0.25063466066767487,gwas_credible_sets|europepmc,N,N,OpenTargets_Platform
ARID1B,AT-rich interaction domain 1B,N,Y,0.11087395640541053,eva,Y,N,OpenTargets_Platform|ClinVar
ARID5B,AT-rich interaction domain 5B,N,Y,0.027501622018389918,gwas_credible_sets,N,N,OpenTargets_Platform
ARIH2,ariadne RBR E3 ubiquitin protein ligase 2,N,Y,0.06485317855774739,gwas_credible_sets,N,N,OpenTargets_Platform
ARL11,ARF like GTPase 11,N,Y,0.02148430469122376,gwas_credible_sets,N,N,OpenTargets_Platform
ARL15,ARF like GTPase 15,N,Y,0.20959434863931115,gwas_credible_sets,N,N,OpenTargets_Platform
ARL16,,N,N,,,Y,N,ClinVar
ARL3,ARF like GTPase 3,N,Y,0.20814032167585908,gwas_credible_sets|europepmc,N,N,OpenTargets_Platform
ARL5B,ARF like GTPase 5B,N,Y,0.20471525667962082,gwas_credible_sets|europepmc,N,N,OpenTargets_Platform
ARL6IP4,ARF like GTPase 6 interacting protein 4,N,Y,0.24427345635177,gwas_credible_sets,N,N,OpenTargets_Platform
ARMS2,age-related maculopathy susceptibility 2,N,Y,0.050294793534471485,gwas_credible_sets,N,N,OpenTargets_Platform
ARPC1B,actin related protein 2/3 complex subunit 1B,N,Y,0.24143796725154304,gwas_credible_sets,N,N,OpenTargets_Platform
ARPC3,actin related protein 2/3 complex subunit 3,N,Y,0.11875377715903974,gwas_credible_sets|europepmc,N,N,OpenTargets_Platform
ARPIN,actin related protein 2/3 complex inhibitor,N,Y,0.02550060731107665,gwas_credible_sets,N,N,OpenTargets_Platform
ARRDC3,arrestin domain containing 3,N,Y,0.2145906508333684,gwas_credible_sets,N,N,OpenTargets_Platform
ARSA,arylsulfatase A,Y,Y,0.02900035135235233,gwas_credible_sets|europepmc,N,N,OMIM|OpenTargets_Platform
ARSB,arylsulfatase B,N,Y,0.1128604481243408,eva|europepmc,Y,N,OpenTargets_Platform|ClinVar
AS3MT,arsenite methyltransferase,N,Y,0.4646965044716118,gwas_credible_sets|europepmc,N,N,OpenTargets_Platform
ASB18,ankyrin repeat and SOCS box containing 18,N,Y,0.06833270567143972,impc|gwas_credible_sets,N,N,OpenTargets_Platform
ASB5,ankyrin repeat and SOCS box containing 5,N,Y,0.03614989112214794,gwas_credible_sets,N,N,OpenTargets_Platform
ASB7,ankyrin repeat and SOCS box containing 7,N,Y,0.06016391572059163,gwas_credible_sets,N,N,OpenTargets_Platform
ASCC2,activating signal cointegrator 1 complex subunit 2,N,Y,0.028135900569112585,gwas_credible_sets,N,N,OpenTargets_Platform
ASF1A,anti-silencing function 1A histone chaperone,N,Y,0.2031645746443241,gwas_credible_sets,N,N,OpenTargets_Platform
ASIC1,acid sensing ion channel subunit 1,N,Y,0.06697337998355155,gwas_credible_sets|europepmc,N,N,OpenTargets_Platform
ASTN1,astrotactin 1,N,Y,0.31863697580766676,gwas_credible_sets|europepmc,N,N,OpenTargets_Platform
ASTN2,astrotactin 2,N,N,0.012774303280204942,europepmc,Y,N,ClinVar
ATF7IP,activating transcription factor 7 interacting protein,N,Y,0.42177314269240906,gwas_credible_sets,N,N,OpenTargets_Platform
ATG13,autophagy related 13,N,Y,0.08713585540825386,gwas_credible_sets|europepmc,N,N,OpenTargets_Platform
ATG7,,N,N,,,Y,N,ClinVar
ATP10D,ATPase phospholipid transporting 10D (putative),N,Y,0.041991392534840036,gwas_credible_sets,N,N,OpenTargets_Platform
ATP2A1,ATPase sarcoplasmic/endoplasmic reticulum Ca2+ transporting 1,N,Y,0.11472715548129436,gwas_credible_sets|europepmc,N,N,OpenTargets_Platform
ATP2A2,ATPase sarcoplasmic/endoplasmic reticulum Ca2+ transporting 2,Y,Y,0.4795141692682048,gwas_credible_sets|europepmc,N,N,OMIM|OpenTargets_Platform
ATP2A3,ATPase sarcoplasmic/endoplasmic reticulum Ca2+ transporting 3,N,Y,0.03888213579213343,gwas_credible_sets,N,N,OpenTargets_Platform
ATP5MC1,ATP synthase membrane subunit c locus 1,N,Y,0.12090357699123834,gwas_credible_sets|europepmc,N,N,OpenTargets_Platform
ATP6V0B,ATPase H+ transporting V0 subunit b,N,Y,0.09397084095842627,gwas_credible_sets|europepmc,N,N,OpenTargets_Platform
ATPAF2,ATP synthase mitochondrial F1 complex assembly factor 2,N,Y,0.1355693637205757,gwas_credible_sets,N,N,OpenTargets_Platform
ATRX,ATRX chromatin remodeler,N,Y,0.13896202536144786,eva|europepmc,Y,N,OpenTargets_Platform|ClinVar
ATXN1,ataxin 1,Y,Y,0.39015586188637685,gwas_credible_sets|eva|europepmc,Y,N,OMIM|OpenTargets_Platform|ClinVar
ATXN2L,ataxin 2 like,N,Y,0.052408153773221354,gwas_credible_sets|europepmc,N,N,OpenTargets_Platform
ATXN7,ataxin 7,N,Y,0.46786347856452054,gwas_credible_sets|europepmc,N,N,OpenTargets_Platform
ATXN7L3B,ataxin 7 like 3B,N,Y,0.029411346450566617,gwas_credible_sets,N,N,OpenTargets_Platform
ATXN8OS,ATXN8 opposite strand lncRNA,Y,N,0.0042501683288740716,europepmc,N,N,OMIM
AUTS1,"Autism, susceptibility to, 1",Y,N,,,N,N,OMIM
AVL9,AVL9 cell migration associated,N,Y,0.1384377160868579,gwas_credible_sets,N,N,OpenTargets_Platform
AVPR1A,arginine vasopressin receptor 1A,N,Y,0.030074240121012015,europepmc|clinical_precedence,N,N,OpenTargets_Platform
AVPR1B,arginine vasopressin receptor 1B,N,Y,0.005605294462717977,europepmc|clinical_precedence,N,N,OpenTargets_Platform
AVPR2,arginine vasopressin receptor 2,N,Y,0.008315546730405793,europepmc|clinical_precedence,N,N,OpenTargets_Platform
AXDND1,axonemal dynein light chain domain containing 1,N,Y,0.09940226346366479,gwas_credible_sets,N,N,OpenTargets_Platform
B3GAT1,"beta-1,3-glucuronyltransferase 1",N,Y,0.34279592880443416,gwas_credible_sets|europepmc,N,N,OpenTargets_Platform
B3GNT6,,N,N,,,Y,N,ClinVar
B4GALT2,"beta-1,4-galactosyltransferase 2",N,Y,0.029505547264513692,gwas_credible_sets,N,N,OpenTargets_Platform
BABAM2,BRISC and BRCA1 A complex member 2,N,Y,0.024730457547477318,gwas_credible_sets|europepmc,N,N,OpenTargets_Platform
BACE2,beta-secretase 2,N,Y,0.22467566482871645,gwas_credible_sets,N,N,OpenTargets_Platform
BAG4,BAG cochaperone 4,N,Y,0.06452452943764386,gwas_credible_sets,N,N,OpenTargets_Platform
BAG5,BAG cochaperone 5,N,Y,0.36483641200450406,gwas_credible_sets|europepmc,N,N,OpenTargets_Platform
BAK1,BCL2 antagonist/killer 1,N,Y,0.10824780455836963,gwas_credible_sets,N,N,OpenTargets_Platform
BANK1,B cell scaffold protein with ankyrin repeats 1,N,Y,0.051370676875170135,gwas_credible_sets|europepmc,N,N,OpenTargets_Platform
BARD1,BRCA1 associated RING domain 1,N,Y,0.030003600119659826,gwas_credible_sets|europepmc,N,N,OpenTargets_Platform
BARHL1,BarH like homeobox 1,N,Y,0.05460161997035966,gwas_credible_sets,N,N,OpenTargets_Platform
BARHL2,BarH like homeobox 2,N,Y,0.3369814234908847,gwas_credible_sets,N,N,OpenTargets_Platform
BBS5,Bardet-Biedl syndrome 5,N,Y,0.2211025915602008,gwas_credible_sets,N,N,OpenTargets_Platform
BBS9,Bardet-Biedl syndrome 9,N,Y,0.1155859723072028,eva|europepmc,Y,N,OpenTargets_Platform|ClinVar
BBX,BBX high mobility group box domain containing,N,Y,0.3138301221522632,gwas_credible_sets,N,N,OpenTargets_Platform
BCAR3,"BCAR3 adaptor protein, NSP family member",N,Y,0.28195059679822526,gwas_credible_sets,N,N,OpenTargets_Platform
BCAS1,brain enriched myelin associated protein 1,Y,N,0.014280127873925836,europepmc|expression_atlas,N,N,OMIM
BCKDK,branched chain keto acid dehydrogenase kinase,Y,N,,,N,N,OMIM
BCL11A,BCL11 transcription factor A,N,Y,0.48577986514220195,gwas_credible_sets|europepmc,N,N,OpenTargets_Platform
BCL11B,BCL11 transcription factor B,N,Y,0.502691095265243,gwas_credible_sets|europepmc,N,N,OpenTargets_Platform
BCL2L12,BCL2 like 12,N,Y,0.02840634696800555,gwas_credible_sets,N,N,OpenTargets_Platform
BCL6,BCL6 transcription repressor,N,Y,0.06731007803015494,gwas_credible_sets|europepmc,N,N,OpenTargets_Platform
BCL7A,BAF chromatin remodeling complex subunit BCL7A,N,Y,0.04138623727052162,gwas_credible_sets,N,N,OpenTargets_Platform
BDNF,brain derived neurotrophic factor,Y,Y,0.3123338483775632,gwas_credible_sets|europepmc,N,N,OMIM|OpenTargets_Platform
BEND4,BEN domain containing 4,N,Y,0.02664812234532033,gwas_credible_sets,N,N,OpenTargets_Platform
BHLHA9,basic helix-loop-helix family member a9,N,Y,0.020474707066755228,gwas_credible_sets,N,N,OpenTargets_Platform
BHLHE22,basic helix-loop-helix family member e22,N,Y,0.2355787157149912,gwas_credible_sets|europepmc,N,N,OpenTargets_Platform
BIRC6,baculoviral IAP repeat containing 6,N,N,0.009239496367117545,europepmc,Y,N,ClinVar
BIRC6-AS2,,N,N,,,Y,N,ClinVar
BLID,"BH3-like motif containing, cell death inducer",N,Y,0.3247920098521263,gwas_credible_sets,N,N,OpenTargets_Platform
BLOC1S1,biogenesis of lysosomal organelles complex 1 subunit 1,N,Y,0.05855444483468207,gwas_credible_sets|europepmc,N,N,OpenTargets_Platform
BLOC1S2,biogenesis of lysosomal organelles complex 1 subunit 2,N,Y,0.019816222382560186,gwas_credible_sets|europepmc,N,N,OpenTargets_Platform
BLOC1S6,biogenesis of lysosomal organelles complex 1 subunit 6,Y,N,0.022513572814543085,europepmc,N,N,OMIM
BMP2K,BMP2 inducible kinase,N,Y,0.04711201479540604,gwas_credible_sets,N,N,OpenTargets_Platform
BMP3,bone morphogenetic protein 3,N,Y,0.041844923868417754,gwas_credible_sets,N,N,OpenTargets_Platform
BMP8A,bone morphogenetic protein 8a,N,Y,0.09638826697653946,gwas_credible_sets,N,N,OpenTargets_Platform
BMPR1B,bone morphogenetic protein receptor type 1B,N,Y,0.3124988099205933,gwas_credible_sets|expression_atlas,N,N,OpenTargets_Platform
BNIP3L,BCL2 interacting protein 3 like,N,Y,0.4742819569287403,gwas_credible_sets|europepmc,N,N,OpenTargets_Platform
BOLL,boule RNA binding protein,N,Y,0.07957361340530672,gwas_credible_sets,N,N,OpenTargets_Platform
BORCS7,BLOC-1 related complex subunit 7,N,Y,0.2984285164498322,gwas_credible_sets|europepmc,N,N,OpenTargets_Platform
BRAF,"B-Raf proto-oncogene, serine/threonine kinase",N,Y,0.07922788809219182,gwas_credible_sets|impc|europepmc,N,N,OpenTargets_Platform
BRCA2,BRCA2 DNA repair associated,N,Y,0.12177484114871474,gwas_credible_sets|europepmc,N,N,OpenTargets_Platform
BRD4,bromodomain containing 4,Y,N,0.014429013493315233,europepmc,N,N,OMIM
BRINP2,BMP/retinoic acid inducible neural specific 2,N,Y,0.4112333495921857,gwas_credible_sets|europepmc,N,N,OpenTargets_Platform
BRINP3,BMP/retinoic acid inducible neural specific 3,N,Y,0.07863050935022156,gwas_credible_sets|europepmc,N,N,OpenTargets_Platform
BTBD18,BTB domain containing 18,N,Y,0.05965177838035747,gwas_credible_sets|europepmc,N,N,OpenTargets_Platform
BTG1,BTG anti-proliferation factor 1,N,Y,0.25029148548052793,gwas_credible_sets,N,N,OpenTargets_Platform
C10orf95,chromosome 10 open reading frame 95,N,Y,0.33053812388886156,gwas_credible_sets,N,N,OpenTargets_Platform
C11orf87,chromosome 11 open reading frame 87,N,Y,0.2527564066520266,gwas_credible_sets|expression_atlas|europepmc,N,N,OpenTargets_Platform
C12orf43,chromosome 12 open reading frame 43,N,Y,0.12119847837329516,gwas_credible_sets,N,N,OpenTargets_Platform
C16orf96,chromosome 16 open reading frame 96,N,Y,0.028099632419341675,gwas_credible_sets,N,N,OpenTargets_Platform
C17orf75,chromosome 17 open reading frame 75,N,Y,0.07422624043202602,gwas_credible_sets,N,N,OpenTargets_Platform
C1D,C1D nuclear receptor corepressor,N,Y,0.12216463125782558,gwas_credible_sets|europepmc,N,N,OpenTargets_Platform
C1orf167,chromosome 1 open reading frame 167,N,Y,0.02025407748593946,gwas_credible_sets,N,N,OpenTargets_Platform
C1orf210,chromosome 1 open reading frame 210,N,Y,0.019432485601015164,gwas_credible_sets|europepmc,N,N,OpenTargets_Platform
C1orf216,chromosome 1 open reading frame 216,N,Y,0.1484110855399527,gwas_credible_sets,N,N,OpenTargets_Platform
C1orf94,chromosome 1 open reading frame 94,N,Y,0.08174821820951916,gwas_credible_sets,N,N,OpenTargets_Platform
C2CD4A,C2 calcium dependent domain containing 4A,N,Y,0.029178704716660633,gwas_credible_sets|europepmc,N,N,OpenTargets_Platform
C2orf49,chromosome 2 open reading frame 49,N,Y,0.10390065126565436,gwas_credible_sets,N,N,OpenTargets_Platform
C2orf69,chromosome 2 open reading frame 69,N,Y,0.20702236187519388,gwas_credible_sets,N,N,OpenTargets_Platform
C3orf18,chromosome 3 open reading frame 18,N,Y,0.03241781842386313,gwas_credible_sets,N,N,OpenTargets_Platform
C3orf49,chromosome 3 open reading frame 49,N,Y,0.3785719041402362,gwas_credible_sets,N,N,OpenTargets_Platform
C3orf62,chromosome 3 open reading frame 62,N,Y,0.08999027130961677,gwas_credible_sets|europepmc,N,N,OpenTargets_Platform
C4A,complement C4A (Chido/Rodgers blood group),Y,N,0.053249209324150705,europepmc,N,N,OMIM
C4B,complement C4B (Chido/Rodgers blood group),Y,N,0.012420888793595515,europepmc,N,N,OMIM
C8orf88,chromosome 8 open reading frame 88,N,Y,0.01964447518266271,gwas_credible_sets,N,N,OpenTargets_Platform
C8orf89,chromosome 8 open reading frame 89,N,Y,0.05845924866051916,gwas_credible_sets,N,N,OpenTargets_Platform
C8orf90,chromosome 8 open reading frame 90,N,Y,0.04387814863035343,gwas_credible_sets,N,N,OpenTargets_Platform
CA1,carbonic anhydrase 1,N,Y,0.05580655805738997,clinical_precedence|europepmc,N,N,OpenTargets_Platform
CA10,carbonic anhydrase 10 (inactive),N,Y,0.2801479461875066,gwas_credible_sets,N,N,OpenTargets_Platform
CA12,carbonic anhydrase 12,N,Y,0.056228949787081456,clinical_precedence|expression_atlas,N,N,OpenTargets_Platform
CA2,carbonic anhydrase 2,N,Y,0.05914548591241423,clinical_precedence|europepmc,N,N,OpenTargets_Platform
CA4,carbonic anhydrase 4,N,Y,0.05635579478587974,clinical_precedence|europepmc,N,N,OpenTargets_Platform
CA8,carbonic anhydrase 8 (inactive),N,Y,0.2950928123266081,gwas_credible_sets|europepmc,N,N,OpenTargets_Platform
CACNA1B,calcium voltage-gated channel subunit alpha1 B,N,Y,0.0587409419650976,clinical_precedence|europepmc,N,N,OpenTargets_Platform
CACNA1C,calcium voltage-gated channel subunit alpha1 C,N,Y,0.4992325962493149,gwas_credible_sets|europepmc,Y,N,OpenTargets_Platform|ClinVar
CACNA1C-AS1,,N,N,,,Y,N,ClinVar
CACNA1D,calcium voltage-gated channel subunit alpha1 D,N,Y,0.054473940389791656,gwas_credible_sets|europepmc,N,N,OpenTargets_Platform
CACNA1G,calcium voltage-gated channel subunit alpha1 G,N,Y,0.14461614079395094,gene_burden|clinical_precedence|impc|europepmc,N,N,OpenTargets_Platform
CACNA1H,calcium voltage-gated channel subunit alpha1 H,N,Y,0.09485903154852911,clinical_precedence|europepmc,N,N,OpenTargets_Platform
CACNA1I,calcium voltage-gated channel subunit alpha1 I,N,Y,0.5508923213532093,gwas_credible_sets|clinical_precedence|europepmc|impc,N,N,OpenTargets_Platform
CACNA2D1,calcium voltage-gated channel auxiliary subunit alpha2delta 1,N,Y,0.31363464396274787,gwas_credible_sets|europepmc,N,N,OpenTargets_Platform
CACNA2D2,calcium voltage-gated channel auxiliary subunit alpha2delta 2,N,Y,0.23503190186840453,gwas_credible_sets|europepmc,N,N,OpenTargets_Platform
CACNA2D4,calcium voltage-gated channel auxiliary subunit alpha2delta 4,N,Y,0.041680544649331346,impc|gwas_credible_sets,N,N,OpenTargets_Platform
CACNB2,calcium voltage-gated channel auxiliary subunit beta 2,N,Y,0.2937221141480445,gwas_credible_sets|europepmc,N,N,OpenTargets_Platform
CADM2,cell adhesion molecule 2,N,Y,0.23489470132222734,gwas_credible_sets|europepmc,N,N,OpenTargets_Platform
CALCA,calcitonin related polypeptide alpha,Y,N,0.029446643896600285,europepmc,N,N,OMIM
CALCOCO2,calcium binding and coiled-coil domain 2,N,Y,0.0468815584662451,gwas_credible_sets|europepmc,N,N,OpenTargets_Platform
CALCR,calcitonin receptor,N,Y,0.028163946207026124,europepmc|gwas_credible_sets,N,N,OpenTargets_Platform
CALN1,calneuron 1,N,Y,0.4591969460527007,gwas_credible_sets|europepmc,N,N,OpenTargets_Platform
CAMK1D,calcium/calmodulin dependent protein kinase ID,N,Y,0.33066261390889995,gwas_credible_sets|europepmc,N,N,OpenTargets_Platform
CAMK2B,calcium/calmodulin dependent protein kinase II beta,Y,N,0.055627369096529725,europepmc|impc,N,N,OMIM
CAMK2G,calcium/calmodulin dependent protein kinase II gamma,N,Y,0.11040009953733955,gwas_credible_sets|europepmc,N,N,OpenTargets_Platform
CAMKK2,calcium/calmodulin dependent protein kinase kinase 2,N,Y,0.36857860878839516,gwas_credible_sets|europepmc,N,N,OpenTargets_Platform
CAMKV,CaM kinase like vesicle associated,N,Y,0.020136094529953283,gwas_credible_sets|europepmc,N,N,OpenTargets_Platform
CAMSAP2,calmodulin regulated spectrin associated protein family member 2,N,Y,0.021300202785517502,gwas_credible_sets,N,N,OpenTargets_Platform
CAPS2,calcyphosine 2,N,Y,0.029953304824972975,gwas_credible_sets|europepmc,N,N,OpenTargets_Platform
CARMIL1,capping protein regulator and myosin 1 linker 1,N,Y,0.45718735748281236,gwas_credible_sets|europepmc,N,N,OpenTargets_Platform
CASP12,caspase 12 (gene/pseudogene),N,Y,0.2003692705913228,gwas_credible_sets,N,N,OpenTargets_Platform
CASP4,caspase 4,N,Y,0.02389983987793639,gwas_credible_sets,N,N,OpenTargets_Platform
CBLN2,cerebellin 2 precursor,N,Y,0.24583842944319947,gwas_credible_sets|europepmc,N,N,OpenTargets_Platform
CCDC122,coiled-coil domain containing 122,N,Y,0.05943104370025731,gwas_credible_sets,N,N,OpenTargets_Platform
CCDC126,coiled-coil domain containing 126,N,Y,0.01951145226932623,gwas_credible_sets,N,N,OpenTargets_Platform
CCDC141,coiled-coil domain containing 141,Y,Y,0.2676784329799807,gwas_credible_sets|impc|europepmc,N,N,OMIM|OpenTargets_Platform
CCDC175,coiled-coil domain containing 175,N,Y,0.19548023451070742,gwas_credible_sets,N,N,OpenTargets_Platform
CCDC182,coiled-coil domain containing 182,N,Y,0.058829999002169724,gwas_credible_sets,N,N,OpenTargets_Platform
CCDC68,coiled-coil domain containing 68,N,Y,0.34716548270694986,gwas_credible_sets,N,N,OpenTargets_Platform
CCDC71,coiled-coil domain containing 71,N,Y,0.02883200873388816,gwas_credible_sets|europepmc,N,N,OpenTargets_Platform
CCDC85A,coiled-coil domain containing 85A,N,Y,0.18533762631261066,gwas_credible_sets,N,N,OpenTargets_Platform
CCDC88A,coiled-coil and HOOK domain protein 88A,Y,N,,,N,N,OMIM
CCDC92,coiled-coil domain containing 92,N,Y,0.3132213046205673,gwas_credible_sets,N,N,OpenTargets_Platform
CCIN,calicin,N,Y,0.018738565159120334,gwas_credible_sets,N,N,OpenTargets_Platform
CCKAR,cholecystokinin A receptor,Y,N,0.062400668764637006,europepmc|impc,N,N,OMIM
CCL20,C-C motif chemokine ligand 20,N,Y,0.028667390421103077,europepmc|gwas_credible_sets,N,N,OpenTargets_Platform
CCL28,C-C motif chemokine ligand 28,N,Y,0.02069166361184244,gwas_credible_sets|europepmc,N,N,OpenTargets_Platform
CCND1,cyclin D1,N,Y,0.005728487747612877,europepmc|clinical_precedence,N,N,OpenTargets_Platform
CCNH,cyclin H,N,Y,0.20229356079707836,gwas_credible_sets,N,N,OpenTargets_Platform
CCNY,cyclin Y,N,Y,0.03766594360701672,gwas_credible_sets,N,N,OpenTargets_Platform
CD164,CD164 molecule,N,Y,0.3055656898803954,gwas_credible_sets,N,N,OpenTargets_Platform
CD40,CD40 molecule,N,Y,0.04492791825287309,gwas_credible_sets|europepmc,N,N,OpenTargets_Platform
CD47,CD47 molecule,N,Y,0.13967103301220293,gwas_credible_sets|europepmc,N,N,OpenTargets_Platform
CD58,CD58 molecule,N,Y,0.04427553217665234,gwas_credible_sets,N,N,OpenTargets_Platform
CDC42,cell division cycle 42,N,Y,0.15421629019066035,gwas_credible_sets|europepmc,N,N,OpenTargets_Platform
CDCP1,CUB domain containing protein 1,N,Y,0.03525150159334834,gwas_credible_sets,N,N,OpenTargets_Platform
CDH13,cadherin 13,N,Y,0.34256242533669096,gwas_credible_sets|europepmc|impc,N,N,OpenTargets_Platform
CDIP1,cell death inducing p53 target 1,N,Y,0.1035426407485631,gwas_credible_sets|impc,N,N,OpenTargets_Platform
CDK2AP1,cyclin dependent kinase 2 associated protein 1,N,Y,0.1002905322623569,gwas_credible_sets,N,N,OpenTargets_Platform
CDK4,cyclin dependent kinase 4,N,Y,0.01459840426004572,europepmc|clinical_precedence,N,N,OpenTargets_Platform
CDK5R1,cyclin dependent kinase 5 regulatory subunit 1,N,Y,0.10725092358455078,gwas_credible_sets|europepmc,N,N,OpenTargets_Platform
CDK6,cyclin dependent kinase 6,N,Y,0.0036957985468470183,clinical_precedence,N,N,OpenTargets_Platform
CDKAL1,CDKAL1 threonylcarbamoyladenosine tRNA methylthiotransferase,N,Y,0.1361513827780938,gwas_credible_sets|europepmc,N,N,OpenTargets_Platform
CDKN2A,cyclin dependent kinase inhibitor 2A,N,Y,0.03490738956878421,gwas_credible_sets|europepmc,N,N,OpenTargets_Platform
CDKN2B,cyclin dependent kinase inhibitor 2B,N,Y,0.31713896145270315,gwas_credible_sets,N,N,OpenTargets_Platform
CDKN2C,cyclin dependent kinase inhibitor 2C,N,Y,0.05405553460061357,gwas_credible_sets,N,N,OpenTargets_Platform
CEACAM21,CEA cell adhesion molecule 21,Y,N,0.011826555349910457,europepmc,N,N,OMIM
CEBPZ,CCAAT enhancer binding protein zeta,N,Y,0.07561552206712413,gwas_credible_sets|europepmc,N,N,OpenTargets_Platform
CEBPZOS,CEBPZ opposite strand,N,Y,0.05259322431805357,gwas_credible_sets,N,N,OpenTargets_Platform
CELF2,CUGBP Elav-like family member 2,N,Y,0.2611597877479092,gwas_credible_sets|europepmc,N,N,OpenTargets_Platform
CELF4,CUGBP Elav-like family member 4,N,Y,0.4036111901268144,gwas_credible_sets|europepmc,N,N,OpenTargets_Platform
CENPF,centromere protein F,N,Y,0.03779996882510914,gwas_credible_sets,N,N,OpenTargets_Platform
CENPW,centromere protein W,N,Y,0.33641314973728337,gwas_credible_sets,N,N,OpenTargets_Platform
CEP170,centrosomal protein 170,N,Y,0.20613298152085072,gwas_credible_sets|europepmc,N,N,OpenTargets_Platform
CEP192,centrosomal protein 192,N,Y,0.11345819985907234,gwas_credible_sets,N,N,OpenTargets_Platform
CEP68,centrosomal protein 68,N,Y,0.32474433979736045,gwas_credible_sets,N,N,OpenTargets_Platform
CEPT1,choline/ethanolamine phosphotransferase 1,N,Y,0.06343071329297222,gwas_credible_sets,N,N,OpenTargets_Platform
CER1,"cerberus 1, DAN family BMP antagonist",N,Y,0.16539202448384033,gwas_credible_sets,N,N,OpenTargets_Platform
CERS3,ceramide synthase 3,N,Y,0.17159718937241925,gwas_credible_sets|europepmc,N,N,OpenTargets_Platform
CERS5,ceramide synthase 5,N,Y,0.05188061106899591,gwas_credible_sets,N,N,OpenTargets_Platform
CETN3,centrin 3,N,Y,0.13042059975993273,gwas_credible_sets,N,N,OpenTargets_Platform
CFAP100,cilia and flagella associated protein 100,N,Y,0.018785983260904904,gwas_credible_sets,N,N,OpenTargets_Platform
CFAP299,cilia and flagella associated protein 299,N,Y,0.02877886805570711,gwas_credible_sets,N,N,OpenTargets_Platform
CFAP46,cilia and flagella associated protein 46,N,Y,0.2347105638157331,gwas_credible_sets,N,N,OpenTargets_Platform
CFAP52,cilia and flagella associated protein 52,N,Y,0.025281821255079835,gwas_credible_sets,N,N,OpenTargets_Platform
CFAP58,cilia and flagella associated protein 58,N,Y,0.03886054466763892,gwas_credible_sets,N,N,OpenTargets_Platform
CFAP77,cilia and flagella associated protein 77,N,Y,0.15800826716339364,gwas_credible_sets,N,N,OpenTargets_Platform
CFTR,CF transmembrane conductance regulator,N,Y,0.11124353626009523,eva|europepmc,Y,N,OpenTargets_Platform|ClinVar
CFTR-AS2,,N,N,,,Y,N,ClinVar
CHADL,chondroadherin like,N,Y,0.049328902149732824,gwas_credible_sets,N,N,OpenTargets_Platform
CHI3L1,chitinase 3 like 1,Y,Y,0.403454403071989,uniprot_literature|eva|europepmc,Y,N,OMIM|OpenTargets_Platform|ClinVar
CHN2,chimerin 2,N,Y,0.13979358003448844,eva|europepmc,Y,N,OpenTargets_Platform|ClinVar
CHRFAM7A,CHRNA7 (exons 5-10) and FAM7A (exons A-E) fusion,Y,N,0.02057349419261951,europepmc,N,N,OMIM
CHRM1,cholinergic receptor muscarinic 1,Y,Y,0.4226638250305281,clinical_precedence|impc|europepmc,N,N,OMIM|OpenTargets_Platform
CHRM2,cholinergic receptor muscarinic 2,N,Y,0.4120393278797592,clinical_precedence|gwas_credible_sets|europepmc,N,N,OpenTargets_Platform
CHRM3,cholinergic receptor muscarinic 3,N,Y,0.4754485640658325,clinical_precedence|gwas_credible_sets|impc|europepmc,N,N,OpenTargets_Platform
CHRM4,cholinergic receptor muscarinic 4,N,Y,0.4599119544783987,clinical_precedence|gwas_credible_sets|impc|europepmc,N,N,OpenTargets_Platform
CHRNA2,cholinergic receptor nicotinic alpha 2 subunit,N,Y,0.19867593252180515,gwas_credible_sets|impc|europepmc,N,N,OpenTargets_Platform
CHRNA3,cholinergic receptor nicotinic alpha 3 subunit,N,Y,0.5001708618944289,gwas_credible_sets|europepmc,N,N,OpenTargets_Platform
CHRNA4,cholinergic receptor nicotinic alpha 4 subunit,N,Y,0.31051572318442605,clinical_precedence|europepmc,N,N,OpenTargets_Platform
CHRNA5,cholinergic receptor nicotinic alpha 5 subunit,N,Y,0.23910591461835426,gwas_credible_sets|clinical_precedence|europepmc,N,N,OpenTargets_Platform
CHRNA6,cholinergic receptor nicotinic alpha 6 subunit,N,Y,0.07497851301915888,clinical_precedence|europepmc,N,N,OpenTargets_Platform
CHRNA7,cholinergic receptor nicotinic alpha 7 subunit,Y,Y,0.31254446248612217,clinical_precedence|europepmc,N,N,OMIM|OpenTargets_Platform
CHRNB2,cholinergic receptor nicotinic beta 2 subunit,N,Y,0.31144383272154563,clinical_precedence|impc|europepmc,N,N,OpenTargets_Platform
CHRNB4,cholinergic receptor nicotinic beta 4 subunit,N,Y,0.3264891223881494,gwas_credible_sets|europepmc,N,N,OpenTargets_Platform
CHST12,carbohydrate sulfotransferase 12,N,Y,0.03249640854343892,gwas_credible_sets,N,N,OpenTargets_Platform
CHUK,component of inhibitor of nuclear factor kappa B kinase complex,N,Y,0.02144090357357121,gwas_credible_sets|europepmc,N,N,OpenTargets_Platform
CILP2,cartilage intermediate layer protein 2,N,Y,0.03164611491441628,gwas_credible_sets,N,N,OpenTargets_Platform
CIMIP5,ciliary microtubule inner protein 5,N,Y,0.04927718435591671,gwas_credible_sets,N,N,OpenTargets_Platform
CIMIP7,ciliary microtubule inner protein 7,N,Y,0.022008971303980728,gwas_credible_sets,N,N,OpenTargets_Platform
CISD2,CDGSH iron sulfur domain 2,N,Y,0.08489404618904198,gwas_credible_sets|europepmc,N,N,OpenTargets_Platform
CISH,cytokine inducible SH2 containing protein,N,Y,0.08507922661872296,gwas_credible_sets,N,N,OpenTargets_Platform
CKB,creatine kinase B,N,Y,0.05201224716209196,gwas_credible_sets|europepmc,N,N,OpenTargets_Platform
CLCN2,chloride voltage-gated channel 2,Y,N,0.0022174791281082107,europepmc,N,N,OMIM
CLCN3,Cl-/H+ antiporter 3,N,Y,0.40898787503561657,gwas_credible_sets|europepmc,N,N,OpenTargets_Platform
CLCN4,Cl-/H+ antiporter 4,N,Y,0.11826555349910459,eva,Y,N,OpenTargets_Platform|ClinVar
CLDN1,claudin 1,N,Y,0.021506892102515295,gwas_credible_sets|europepmc,N,N,OpenTargets_Platform
CLDN16,claudin 16,N,Y,0.019459682127248374,gwas_credible_sets,N,N,OpenTargets_Platform
CLDN20,claudin 20,N,Y,0.021286094795360814,gwas_credible_sets,N,N,OpenTargets_Platform
CLEC18A,C-type lectin domain family 18 member A,N,Y,0.1547579580549651,gwas_credible_sets,N,N,OpenTargets_Platform
CLIC2,CLIC family member 2,Y,N,,,N,N,OMIM
CLINT1,clathrin interactor 1,Y,N,0.029983355974459072,europepmc,N,N,OMIM
CLIP3,CAP-Gly domain containing linker protein 3,N,Y,0.0328918800049814,gwas_credible_sets,N,N,OpenTargets_Platform
CLOCK,clock circadian regulator,Y,N,0.02821922428717056,europepmc,N,N,OMIM
CLRN2,clarin 2,N,Y,0.12072877537223334,gwas_credible_sets,N,N,OpenTargets_Platform
CLSPN,claspin,N,Y,0.018736347146810155,gwas_credible_sets,N,N,OpenTargets_Platform
CLTA,clathrin light chain A,N,Y,0.022821129915087005,gwas_credible_sets|europepmc,N,N,OpenTargets_Platform
CLU,clusterin,N,Y,0.11425347849949666,gwas_credible_sets|europepmc,N,N,OpenTargets_Platform
CNKSR2,connector enhancer of kinase suppressor of Ras 2,N,Y,0.41677375243288933,gwas_credible_sets|europepmc,N,N,OpenTargets_Platform
CNNM2,cyclin and CBS domain divalent metal cation transport mediator 2,N,Y,0.3050626180662967,gwas_credible_sets|europepmc,N,N,OpenTargets_Platform
CNNM4,cyclin and CBS domain divalent metal cation transport mediator 4,N,Y,0.2983819624221855,gwas_credible_sets,N,N,OpenTargets_Platform
CNOT1,CCR4-NOT transcription complex subunit 1,N,Y,0.3462591574454444,gwas_credible_sets|europepmc,N,N,OpenTargets_Platform
CNOT7,CCR4-NOT transcription complex subunit 7,N,Y,0.23102432923883853,gwas_credible_sets,N,N,OpenTargets_Platform
CNR1,cannabinoid receptor 1,N,Y,0.14460363314805327,clinical_precedence|europepmc|impc,N,N,OpenTargets_Platform
CNTF,ciliary neurotrophic factor,Y,N,0.04005440230903822,europepmc,N,N,OMIM
CNTN4,contactin 4,N,Y,0.4498072776053175,gwas_credible_sets|europepmc,N,N,OpenTargets_Platform
CNTN6,contactin 6,N,N,0.009598386899701331,europepmc,Y,N,ClinVar
CNTNAP2,contactin associated protein 2,N,Y,0.15751625855019644,eva|impc|europepmc,Y,N,OpenTargets_Platform|ClinVar
COA8,cytochrome c oxidase assembly factor 8,N,Y,0.3389801790579058,gwas_credible_sets|europepmc,N,N,OpenTargets_Platform
COASY,Coenzyme A synthase,N,Y,0.12964509123728823,gwas_credible_sets,N,N,OpenTargets_Platform
COG6,component of oligomeric golgi complex 6,N,Y,0.09484170385417004,gwas_credible_sets,N,N,OpenTargets_Platform
COL22A1,collagen type XXII alpha 1 chain,N,Y,0.1931481577164334,gwas_credible_sets,N,N,OpenTargets_Platform
COL9A3,collagen type IX alpha 3 chain,N,Y,0.26865569608536,gwas_credible_sets,N,N,OpenTargets_Platform
COLGALT2,collagen beta(1-O)galactosyltransferase 2,N,Y,0.29502320614203237,gwas_credible_sets,N,N,OpenTargets_Platform
COMMD8,COMM domain containing 8,N,Y,0.03460043787994437,gwas_credible_sets,N,N,OpenTargets_Platform
COMT,catechol-O-methyltransferase,Y,Y,0.24275530811947207,uniprot_literature|eva|europepmc|clinical_precedence|impc,Y,N,OMIM|OpenTargets_Platform|ClinVar
COP1,COP1 E3 ubiquitin ligase,N,Y,0.2501618736464723,gwas_credible_sets,N,N,OpenTargets_Platform
COPS8,COP9 signalosome subunit 8,N,Y,0.32787393176155766,gwas_credible_sets,N,N,OpenTargets_Platform
COQ10B,coenzyme Q10B,N,Y,0.0489093903485704,gwas_credible_sets|europepmc,N,N,OpenTargets_Platform
CORIN,"corin, serine peptidase",N,Y,0.2511206717673972,gwas_credible_sets,N,N,OpenTargets_Platform
CORO7,coronin 7,N,Y,0.2152703136019362,gwas_credible_sets|europepmc,N,N,OpenTargets_Platform
COX11,cytochrome c oxidase copper chaperone COX11,N,Y,0.02431727915689974,gwas_credible_sets,N,N,OpenTargets_Platform
COXFA4L2,cytochrome c oxidase hypoxia associated subunit FA4L2,N,Y,0.2839396967134106,clinical_precedence|gwas_credible_sets,N,N,OpenTargets_Platform
CPEB1,cytoplasmic polyadenylation element binding protein 1,N,Y,0.21788992248812658,gwas_credible_sets|europepmc,N,N,OpenTargets_Platform
CPEB3,cytoplasmic polyadenylation element binding protein 3,N,Y,0.2912760622761233,gwas_credible_sets,N,N,OpenTargets_Platform
CPLX1,complexin 1,N,Y,0.07488645572937051,europepmc|gwas_credible_sets,N,N,OpenTargets_Platform
CPNE1,copine 1,N,Y,0.43660521455318735,eva,Y,N,OpenTargets_Platform|ClinVar
CPNE8,copine 8,N,Y,0.17689969618892432,gwas_credible_sets,N,N,OpenTargets_Platform
CPPED1,calcineurin like phosphoesterase domain containing 1,N,Y,0.07856395244839481,gwas_credible_sets,N,N,OpenTargets_Platform
CPT2,carnitine palmitoyltransferase 2,N,Y,0.05451784594921628,europepmc|gwas_credible_sets,N,N,OpenTargets_Platform
CRB1,crumbs cell polarity complex component 1,N,Y,0.11087395640541053,eva,Y,N,OpenTargets_Platform|ClinVar
CRBN,cereblon,N,Y,0.29244631365753665,gwas_credible_sets,N,N,OpenTargets_Platform
CREB1,cAMP responsive element binding protein 1,N,Y,0.28043224755867224,gwas_credible_sets|europepmc,N,N,OpenTargets_Platform
CREB3L2,cAMP responsive element binding protein 3 like 2,N,Y,0.029598858636124416,gwas_credible_sets,N,N,OpenTargets_Platform
CREB3L4,cAMP responsive element binding protein 3 like 4,N,Y,0.08708982448847262,gwas_credible_sets,N,N,OpenTargets_Platform
CRHR1,corticotropin releasing hormone receptor 1,N,Y,0.32964560353707795,gwas_credible_sets|europepmc,N,N,OpenTargets_Platform
CRTC1,CREB regulated transcription coactivator 1,N,Y,0.17654203902711757,gwas_credible_sets|europepmc,N,N,OpenTargets_Platform
CRTC2,CREB regulated transcription coactivator 2,N,Y,0.10239293673766436,gwas_credible_sets|europepmc,N,N,OpenTargets_Platform
CRYBA1,crystallin beta A1,N,Y,0.04594492857293697,gwas_credible_sets,N,N,OpenTargets_Platform
CRYBA4,crystallin beta A4,N,N,0.049279777823658145,impc,Y,N,ClinVar
CRYBB1,crystallin beta B1,N,Y,0.11193136543409177,eva|europepmc,Y,N,OpenTargets_Platform|ClinVar
CSE1L,chromosome segregation 1 like,N,Y,0.08526203391050037,gwas_credible_sets|europepmc,N,N,OpenTargets_Platform
CSF2RA,colony stimulating factor 2 receptor subunit alpha,Y,N,0.005715757774840405,europepmc,N,N,OMIM
CSF3R,colony stimulating factor 3 receptor,N,Y,0.2770288288587258,gwas_credible_sets,N,N,OpenTargets_Platform
CSMD1,CUB and Sushi multiple domains 1,N,Y,0.5061185818780879,gwas_credible_sets|europepmc|impc,Y,N,OpenTargets_Platform|ClinVar
CSMD2,CUB and Sushi multiple domains 2,N,Y,0.24316407743050902,gwas_credible_sets|europepmc,N,N,OpenTargets_Platform
CSNK2B,casein kinase 2 beta,Y,N,0.016223118365667966,europepmc,N,N,OMIM
CSRNP3,cysteine and serine rich nuclear protein 3,N,Y,0.024732943750656492,gwas_credible_sets,N,N,OpenTargets_Platform
CTDSPL,CTD small phosphatase like,N,Y,0.24022253505574676,gwas_credible_sets,N,N,OpenTargets_Platform
CTNNA1,catenin alpha 1,N,Y,0.11272185567883404,eva|europepmc,Y,N,OpenTargets_Platform|ClinVar
CTNND1,catenin delta 1,N,Y,0.12069036381556325,gwas_credible_sets|europepmc,N,N,OpenTargets_Platform
CTNND2,catenin delta 2,N,N,0.009056821501013144,europepmc,Y,N,ClinVar
CTSF,cathepsin F,N,Y,0.03074877502334275,gwas_credible_sets|europepmc,N,N,OpenTargets_Platform
CTTNBP2NL,CTTNBP2 N-terminal like,N,Y,0.025007924959013546,gwas_credible_sets,N,N,OpenTargets_Platform
CUL3,cullin 3,N,Y,0.4733734856041863,gwas_credible_sets|europepmc,N,N,OpenTargets_Platform
CUL9,cullin 9,N,Y,0.18556643235662854,gwas_credible_sets,N,N,OpenTargets_Platform
CWF19L1,CWF19 like cell cycle control factor 1,N,Y,0.16357527705027988,gwas_credible_sets,N,N,OpenTargets_Platform
CXXC5,CXXC finger protein 5,N,Y,0.3306903594423621,gwas_credible_sets|europepmc,N,N,OpenTargets_Platform
CYB561,cytochrome b561,N,Y,0.05025960065944561,gwas_credible_sets,N,N,OpenTargets_Platform
CYB561D2,cytochrome b561 family member D2,N,Y,0.1790128134513784,gwas_credible_sets,N,N,OpenTargets_Platform
CYCS,"cytochrome c, somatic",N,Y,0.041156847989619064,gwas_credible_sets|europepmc,N,N,OpenTargets_Platform
CYFIP2,cytoplasmic FMR1 interacting protein 2,N,Y,0.2817734409243956,gwas_credible_sets|impc|europepmc,N,N,OpenTargets_Platform
CYP17A1,cytochrome P450 family 17 subfamily A member 1,N,Y,0.0649545589902459,gwas_credible_sets|europepmc,N,N,OpenTargets_Platform
CYP26B1,cytochrome P450 family 26 subfamily B member 1,N,Y,0.3508616154999724,gwas_credible_sets|europepmc,N,N,OpenTargets_Platform
CYP2D6,cytochrome P450 family 2 subfamily D member 6 (gene/pseudogene),Y,Y,0.21445518450541273,gwas_credible_sets|europepmc,N,N,OMIM|OpenTargets_Platform
CYP2D7,cytochrome P450 family 2 subfamily D member 7 (gene/pseudogene),N,Y,0.2034134185896346,gwas_credible_sets,N,N,OpenTargets_Platform
CYP7B1,cytochrome P450 family 7 subfamily B member 1,N,Y,0.29973426539029063,gwas_credible_sets|europepmc,N,N,OpenTargets_Platform
CZIB,CXXC motif containing zinc binding protein,N,Y,0.021812826596488522,gwas_credible_sets,N,N,OpenTargets_Platform
DAB2IP,DAB2 interacting protein,N,Y,0.032119681296406265,gwas_credible_sets|europepmc,N,N,OpenTargets_Platform
DALRD3,DALR anticodon binding domain containing 3,N,Y,0.038150110003385904,gwas_credible_sets|europepmc,N,N,OpenTargets_Platform
DAO,D-amino acid oxidase,Y,Y,0.20685650912681014,uniprot_literature|europepmc,N,N,OMIM|OpenTargets_Platform
DAOA,D-amino acid oxidase activator,Y,Y,0.22319150341303415,uniprot_literature|gwas_credible_sets|europepmc,N,N,OMIM|OpenTargets_Platform
DAOA-AS1,DAOA antisense RNA 1,Y,N,,,N,N,OMIM
DAZL,deleted in azoospermia like,N,Y,0.04849259795359053,gwas_credible_sets,N,N,OpenTargets_Platform
DBH,dopamine beta-hydroxylase,Y,N,0.03212847699358498,europepmc,N,N,OMIM
DCAF1,DDB1 and CUL4 associated factor 1,N,Y,0.03358796507819741,gwas_credible_sets|europepmc,N,N,OpenTargets_Platform
DCAF4L1,DDB1 and CUL4 associated factor 4 like 1,N,Y,0.0685240625894822,gwas_credible_sets,N,N,OpenTargets_Platform
DCAF4L2,DDB1 and CUL4 associated factor 4 like 2,N,Y,0.04035559156551777,gwas_credible_sets,N,N,OpenTargets_Platform
DCAF6,DDB1 and CUL4 associated factor 6,N,Y,0.15248753326854406,gwas_credible_sets|europepmc,N,N,OpenTargets_Platform
DCC,DCC netrin 1 receptor,N,Y,0.30483356726361815,gwas_credible_sets|europepmc,N,N,OpenTargets_Platform
DCLK1,doublecortin like kinase 1,N,Y,0.20185818785411297,gwas_credible_sets|europepmc|expression_atlas,N,N,OpenTargets_Platform
DCLK3,doublecortin like kinase 3,N,Y,0.31622937726051925,gwas_credible_sets,N,N,OpenTargets_Platform
DCP1A,decapping mRNA 1A,N,Y,0.20426517135236893,gwas_credible_sets,N,N,OpenTargets_Platform
DCP1B,decapping mRNA 1B,N,Y,0.05798874310756993,gwas_credible_sets|europepmc,N,N,OpenTargets_Platform
DCT,dopachrome tautomerase,N,Y,0.0185156129297836,gwas_credible_sets,N,N,OpenTargets_Platform
DDC,dopa decarboxylase,N,Y,0.0790027512652044,clinical_precedence|europepmc,N,N,OpenTargets_Platform
DDHD2,DDHD domain containing 2,N,Y,0.26170965975775995,gwas_credible_sets|europepmc,N,N,OpenTargets_Platform
DDX10,DEAD-box helicase 10,N,Y,0.05472686951466865,gwas_credible_sets,N,N,OpenTargets_Platform
DEL15Q11.2,Chromosome 15q11.2 deletion syndrome,Y,N,,,N,N,OMIM
DEL15Q13.3,Chromosome 15q13.3 microdeletion syndrome,Y,N,,,N,N,OMIM
DEL16P11.2,"autism, susceptibility to, 14",Y,N,,,N,N,OMIM
DEL16P13.3,Chromosome 16p13.3 deletion syndrome,Y,N,,,N,N,OMIM
DEL17Q12,Chromosome 17q12 deletion syndrome,Y,N,,,N,N,OMIM
DEL1Q21,Chromosome 1q21.1 deletion syndrome,Y,N,,,N,N,OMIM
DEL22Q11.2,"Chromosome 22q11.2 deletion syndrome, distal",Y,N,,,N,N,OMIM
DEL3Q29,Chromosome 3q29 microdeletion syndrome,Y,N,,,N,N,OMIM
DENND4A,DENN domain containing 4A,N,Y,0.08003419997650395,gwas_credible_sets,N,N,OpenTargets_Platform
DENND4B,DENN domain containing 4B,N,Y,0.16971603481674227,gwas_credible_sets,N,N,OpenTargets_Platform
DENND4C,DENN domain containing 4C,N,Y,0.026524076117435357,gwas_credible_sets,N,N,OpenTargets_Platform
DENND5B,DENN domain containing 5B,N,Y,0.17107126099014658,gwas_credible_sets,N,N,OpenTargets_Platform
DFNB47,"deafness, autosomal recessive 47",Y,N,,,N,N,OMIM
DGCR,DiGeorge syndrome chromosome region,Y,N,,,N,N,OMIM
DGCR2,DiGeorge syndrome critical region gene 2,Y,N,0.033868045880870536,europepmc,N,N,OMIM
DGCR6,DiGeorge syndrome critical region gene 6,Y,N,0.0159207461280071,europepmc,Y,N,OMIM|ClinVar
DGCR8,DGCR8 microprocessor complex subunit,Y,N,0.07462227306416015,europepmc,N,N,OMIM
DGKI,diacylglycerol kinase iota,N,Y,0.35992382602881684,gwas_credible_sets|europepmc,N,N,OpenTargets_Platform
DGKZ,diacylglycerol kinase zeta,N,Y,0.20569094363346255,gwas_credible_sets|europepmc,N,N,OpenTargets_Platform
DHCR24,24-dehydrocholesterol reductase,N,Y,0.11193735001968999,eva|expression_atlas|europepmc,Y,N,OpenTargets_Platform|ClinVar
DHFR,dihydrofolate reductase,N,Y,0.07447034071896741,clinical_precedence|europepmc,N,N,OpenTargets_Platform
DHX15,DEAH-box helicase 15,N,Y,0.14322645835943637,gwas_credible_sets,N,N,OpenTargets_Platform
DHX30,DExH-box helicase 30,N,Y,0.09855314612031793,gwas_credible_sets,N,N,OpenTargets_Platform
DHX38,DEAH-box helicase 38,N,Y,0.019986075237483282,gwas_credible_sets,N,N,OpenTargets_Platform
DISC1,DISC1 scaffold protein,Y,N,0.13133384017779337,europepmc|impc,Y,N,OMIM|ClinVar
DISC2,disrupted in schizophrenia 2,Y,N,,,N,N,OMIM
DLG2,discs large MAGUK scaffold protein 2,N,N,0.014014605235637703,europepmc,Y,N,ClinVar
DLGAP2,DLG associated protein 2,N,Y,0.2861439858145874,gwas_credible_sets|europepmc,Y,N,OpenTargets_Platform|ClinVar
DLGAP4,DLG associated protein 4,Y,N,0.0014783194187388072,europepmc,N,N,OMIM
DLX1,distal-less homeobox 1,N,Y,0.4131695630204869,gwas_credible_sets|europepmc,N,N,OpenTargets_Platform
DLX2,distal-less homeobox 2,N,Y,0.17430774485748868,gwas_credible_sets|europepmc,N,N,OpenTargets_Platform
DMAC1,distal membrane arm assembly component 1,N,Y,0.18044995250734502,gwas_credible_sets|europepmc,N,N,OpenTargets_Platform
DMD,dystrophin,Y,Y,0.11390268583713352,eva|europepmc,Y,N,OMIM|OpenTargets_Platform|ClinVar
DMRTA1,DMRT like family A1,N,Y,0.3028977184155396,gwas_credible_sets,N,N,OpenTargets_Platform
DMRTA2,DMRT like family A2,N,Y,0.061320377150857384,gwas_credible_sets,N,N,OpenTargets_Platform
DNAAF10,dynein axonemal assembly factor 10,N,Y,0.021305104165917407,gwas_credible_sets,N,N,OpenTargets_Platform
DNAAF5,,N,N,,,Y,N,ClinVar
DNAH10,dynein axonemal heavy chain 10,N,Y,0.02444402389758915,gwas_credible_sets,N,N,OpenTargets_Platform
DNAH11,dynein axonemal heavy chain 11,N,Y,0.12853899837459273,gwas_credible_sets,N,N,OpenTargets_Platform
DNAH9,dynein axonemal heavy chain 9,N,Y,0.11737232421495371,eva|gwas_credible_sets|europepmc,Y,N,OpenTargets_Platform|ClinVar
DNAJA3,DnaJ heat shock protein family (Hsp40) member A3,N,Y,0.22226500508960392,gwas_credible_sets|europepmc,N,N,OpenTargets_Platform
DNAJB4,DnaJ heat shock protein family (Hsp40) member B4,N,Y,0.05581764694040671,gwas_credible_sets,N,N,OpenTargets_Platform
DNAJC11,DnaJ heat shock protein family (Hsp40) member C11,N,Y,0.19641798423175771,gwas_credible_sets,N,N,OpenTargets_Platform
DNAJC19,DnaJ heat shock protein family (Hsp40) member C19,N,Y,0.4184680221362998,gwas_credible_sets|europepmc,N,N,OpenTargets_Platform
DNAJC24,DnaJ heat shock protein family (Hsp40) member C24,N,Y,0.03301894209628379,gwas_credible_sets,Y,N,OpenTargets_Platform|ClinVar
DNAJC6,DnaJ heat shock protein family (Hsp40) member C6,N,Y,0.029330028970072374,gwas_credible_sets,N,N,OpenTargets_Platform
DNASE1,deoxyribonuclease 1,Y,N,0.0018478992734235094,europepmc,N,N,OMIM
DNMT1,DNA methyltransferase 1,Y,N,0.07533390142578933,europepmc,N,N,OMIM
DOC2A,double C2 domain alpha,N,Y,0.20040138371005908,gwas_credible_sets|europepmc|expression_atlas,N,N,OpenTargets_Platform
DOCK1,dedicator of cytokinesis 1,N,Y,0.30046263695212744,gwas_credible_sets,N,N,OpenTargets_Platform
DOCK3,dedicator of cytokinesis 3,N,Y,0.3437510366454369,gwas_credible_sets|europepmc,N,N,OpenTargets_Platform
DOCK4,dedicator of cytokinesis 4,N,Y,0.05660167873108821,gwas_credible_sets|europepmc,N,N,OpenTargets_Platform
DOP1A,DOP1 leucine zipper like protein A,N,Y,0.2054199806319381,gwas_credible_sets,N,N,OpenTargets_Platform
DOT1L,DOT1 like histone lysine methyltransferase,N,Y,0.07923238533772266,gwas_credible_sets|europepmc,N,N,OpenTargets_Platform
DPH2,diphthamide biosynthesis 2,N,Y,0.027526615809199725,gwas_credible_sets|europepmc,N,N,OpenTargets_Platform
DPH6,diphthamine biosynthesis 6,N,Y,0.19230256496123926,gwas_credible_sets,N,N,OpenTargets_Platform
DPP10,dipeptidyl peptidase like 10,N,N,0.010258510155339861,europepmc,Y,N,ClinVar
DPP4,dipeptidyl peptidase 4,N,Y,0.20685163806415668,gwas_credible_sets|clinical_precedence|europepmc,N,N,OpenTargets_Platform
DPP6,dipeptidyl peptidase like 6,N,Y,0.20502675357641997,gwas_credible_sets|europepmc,Y,N,OpenTargets_Platform|ClinVar
DPPA2,developmental pluripotency associated 2,N,Y,0.07747417595062046,gwas_credible_sets,N,N,OpenTargets_Platform
DPPA4,developmental pluripotency associated 4,N,Y,0.018884378472432965,gwas_credible_sets,N,N,OpenTargets_Platform
DPY19L3,dpy-19 like C-mannosyltransferase 3,N,Y,0.08246442966687056,gwas_credible_sets,N,N,OpenTargets_Platform
DPYD,dihydropyrimidine dehydrogenase,N,Y,0.47618864006747885,gwas_credible_sets|impc|europepmc,N,N,OpenTargets_Platform
DPYSL3,dihydropyrimidinase like 3,N,Y,0.03152375044654645,gwas_credible_sets|europepmc,N,N,OpenTargets_Platform
DRAM2,DNA damage regulated autophagy modulator 2,N,Y,0.03358942973181862,gwas_credible_sets,N,N,OpenTargets_Platform
DRC11,dynein regulatory complex subunit 11,N,Y,0.025281821255079835,gwas_credible_sets,N,N,OpenTargets_Platform
DRC3,dynein regulatory complex subunit 3,N,Y,0.16387648615094544,gwas_credible_sets,N,N,OpenTargets_Platform
DRD1,dopamine receptor D1,Y,Y,0.4117002759526656,clinical_precedence|impc|europepmc,N,N,OMIM|OpenTargets_Platform
DRD2,dopamine receptor D2,Y,Y,0.7446866634277316,clinical_precedence|gwas_credible_sets|europepmc|eva,Y,N,OMIM|OpenTargets_Platform|ClinVar
DRD3,dopamine receptor D3,Y,Y,0.6701857572796848,clinical_precedence|uniprot_literature|eva|europepmc|impc,Y,N,OMIM|OpenTargets_Platform|ClinVar
DRD4,dopamine receptor D4,Y,Y,0.6190464468516051,clinical_precedence|europepmc,N,N,OMIM|OpenTargets_Platform
DRD5,dopamine receptor D5,Y,Y,0.4209560192047927,clinical_precedence|eva|europepmc,Y,N,OMIM|OpenTargets_Platform|ClinVar
DRG2,developmentally regulated GTP binding protein 2,N,Y,0.04155876693143664,gwas_credible_sets,N,N,OpenTargets_Platform
DSTYK,dual serine/threonine and tyrosine protein kinase,Y,N,0.06329424591330203,impc,N,N,OMIM
DTNBP1,dystrobrevin binding protein 1,Y,Y,0.30105324685504753,gwas_credible_sets|europepmc|impc,N,N,OMIM|OpenTargets_Platform
DUP16P11.2,Chromosome 16p11.2 duplication syndrome,Y,N,,,N,N,OMIM
DUP16P13.3,Chromosome 16p13.3 duplication syndrome,Y,N,,,N,N,OMIM
DUP1Q21,Chromosome 1q21.1 duplication syndrome,Y,N,,,N,N,OMIM
DUP22Q11.2,Chromosome 22q11.2 microduplication syndrome,Y,N,,,N,N,OMIM
DUP7Q11.23,Chromosome 7q11.23 duplication syndrome,Y,N,,,N,N,OMIM
DUPXQ25,Xq25 duplication syndrome,Y,N,,,N,N,OMIM
DUPXQ28,Chromosome Xq28 duplication syndrome,Y,N,,,N,N,OMIM
DUSP26,dual specificity phosphatase 26,N,Y,0.2582683098523095,gwas_credible_sets,N,N,OpenTargets_Platform
DVL1,dishevelled segment polarity protein 1,Y,N,0.008654328263866766,europepmc,N,N,OMIM
DYM,dymeclin,N,Y,0.11493933480694225,eva|europepmc,Y,N,OpenTargets_Platform|ClinVar
DYNC1I2,dynein cytoplasmic 1 intermediate chain 2,N,Y,0.02799725070586195,gwas_credible_sets,N,N,OpenTargets_Platform
DYSF,dysferlin,N,Y,0.13138529250366096,eva|gwas_credible_sets|europepmc,Y,N,OpenTargets_Platform|ClinVar
DZIP1,DAZ interacting zinc finger protein 1,Y,N,,,N,N,OMIM
E2F3,E2F transcription factor 3,N,Y,0.19898454526723075,gwas_credible_sets,N,N,OpenTargets_Platform
ECM1,extracellular matrix protein 1,N,Y,0.06330972216708369,gwas_credible_sets,N,N,OpenTargets_Platform
EDA,ectodysplasin A,N,Y,0.0185156129297836,gwas_credible_sets,N,N,OpenTargets_Platform
EDDM13,epididymal protein 13,N,Y,0.019094682111395,gwas_credible_sets,N,N,OpenTargets_Platform
EDDM3A,epididymal protein 3A,N,Y,0.059548348029837696,gwas_credible_sets|europepmc,N,N,OpenTargets_Platform
EDDM3B,epididymal protein 3B,N,Y,0.12678446940649696,gwas_credible_sets,N,N,OpenTargets_Platform
EFEMP1,EGF-like fibulin extracellular matrix protein 1,N,Y,0.11138111600331102,gwas_credible_sets,N,N,OpenTargets_Platform
EFNA5,ephrin A5,N,Y,0.42024695797174927,gwas_credible_sets|europepmc,N,N,OpenTargets_Platform
EGF,epidermal growth factor,Y,N,0.0627800991512093,europepmc,N,N,OMIM
EGFLAM,"EGF like, fibronectin type III and laminin G domains",N,Y,0.01905772625389663,gwas_credible_sets,N,N,OpenTargets_Platform
EGR1,early growth response 1,N,Y,0.074785357226995,impc|europepmc|gwas_credible_sets|expression_atlas,N,N,OpenTargets_Platform
EGR2,early growth response 2,N,Y,0.10024485533916802,gwas_credible_sets|europepmc|expression_atlas,N,N,OpenTargets_Platform
EHMT1,euchromatic histone lysine methyltransferase 1,N,Y,0.2726695037239744,eva|europepmc,Y,N,OpenTargets_Platform|ClinVar
EIF3C,eukaryotic translation initiation factor 3 subunit C,N,Y,0.026010543623581208,gwas_credible_sets,N,N,OpenTargets_Platform
ELAVL2,ELAV like RNA binding protein 2,N,Y,0.2048420642360498,gwas_credible_sets|europepmc,N,N,OpenTargets_Platform
ELAVL4,ELAV like RNA binding protein 4,N,Y,0.22926942064077951,gwas_credible_sets|europepmc,N,N,OpenTargets_Platform
ELFN1,extracellular leucine rich repeat and fibronectin type III domain containing 1,N,Y,0.07584940271577283,gwas_credible_sets|impc|europepmc,N,N,OpenTargets_Platform
ELFN2,extracellular leucine rich repeat and fibronectin type III domain containing 2,N,Y,0.30365460448335496,gwas_credible_sets|impc,N,N,OpenTargets_Platform
ELMO1,engulfment and cell motility 1,N,Y,0.18415976490480201,gwas_credible_sets|europepmc,N,N,OpenTargets_Platform
ELN,elastin,Y,N,,,N,N,OMIM
ELOA2,elongin A2,N,Y,0.02129534270888501,gwas_credible_sets,Y,N,OpenTargets_Platform|ClinVar
ELOVL7,ELOVL fatty acid elongase 7,N,Y,0.03873038575065103,gwas_credible_sets,N,N,OpenTargets_Platform
ELP4,elongator acetyltransferase complex subunit 4,N,N,0.003908922929715197,europepmc,Y,N,ClinVar
EMB,embigin,N,Y,0.39804344443841355,gwas_credible_sets|europepmc,N,N,OpenTargets_Platform
EMC10,ER membrane protein complex subunit 10,Y,N,0.0073915970936940375,europepmc,N,N,OMIM
EML2,EMAP like 2,N,Y,0.029869615192015732,gwas_credible_sets,N,N,OpenTargets_Platform
EML6,EMAP like 6,N,Y,0.10275276639197008,gwas_credible_sets|europepmc,N,N,OpenTargets_Platform
EMX1,empty spiracles homeobox 1,N,Y,0.46040692708109926,gwas_credible_sets|europepmc,N,N,OpenTargets_Platform
ENFL2,"Epilepsy, nocturnal frontal lobe, type 2",Y,N,,,N,N,OMIM
ENOX1,ecto-NOX disulfide-thiol exchanger 1,N,Y,0.4386278808025858,gwas_credible_sets|europepmc,N,N,OpenTargets_Platform
ENSG00000283128,novel protein,N,Y,0.053808229670009,gwas_credible_sets,N,N,OpenTargets_Platform
ENSG00000284526,novel protein,N,Y,0.029270740853928882,gwas_credible_sets,N,N,OpenTargets_Platform
ENSG00000285976,novel protein,N,Y,0.06348606584847719,gwas_credible_sets,N,N,OpenTargets_Platform
ENSG00000288708,novel protein,N,Y,0.0708944582655793,gwas_credible_sets,N,N,OpenTargets_Platform
ENSG00000288914,novel protein,N,Y,0.05781958723455236,gwas_credible_sets,N,N,OpenTargets_Platform
ENSG00000289360,novel protein,N,Y,0.05512831060157476,gwas_credible_sets,N,N,OpenTargets_Platform
ENSG00000289764,novel protein,N,Y,0.04360896096377243,gwas_credible_sets,N,N,OpenTargets_Platform
ENTREP1,endosomal transmembrane epsin interactor 1,N,Y,0.0526492264942904,gwas_credible_sets|expression_atlas,N,N,OpenTargets_Platform
ENY2,ENY2 transcription and export complex 2 subunit,N,Y,0.05730150405987905,gwas_credible_sets,N,N,OpenTargets_Platform
EP300,EP300 lysine acetyltransferase,N,Y,0.3090787397702052,gwas_credible_sets|europepmc,N,N,OpenTargets_Platform
EPAS1,endothelial PAS domain protein 1,N,Y,0.1513490314653253,gwas_credible_sets,N,N,OpenTargets_Platform
EPB41,erythrocyte membrane protein band 4.1,N,Y,0.2772294566110472,gwas_credible_sets|europepmc,N,N,OpenTargets_Platform
EPC2,enhancer of polycomb 2,N,Y,0.2960181533201989,gwas_credible_sets,N,N,OpenTargets_Platform
EPHA5,EPH receptor A5,N,Y,0.3092445889081971,gwas_credible_sets,N,N,OpenTargets_Platform
EPHX2,epoxide hydrolase 2,N,Y,0.15259610202857096,gwas_credible_sets|europepmc,N,N,OpenTargets_Platform
EPN2,epsin 2,N,Y,0.21305946208384324,gwas_credible_sets|europepmc,N,N,OpenTargets_Platform
EPO,erythropoietin,N,Y,0.07780531063019286,gwas_credible_sets|europepmc,N,N,OpenTargets_Platform
EPRS1,glutamyl-prolyl-tRNA synthetase 1,N,Y,0.022461821932870905,gwas_credible_sets|europepmc,N,N,OpenTargets_Platform
ERBB4,erb-b2 receptor tyrosine kinase 4,Y,Y,0.41474184844356027,gwas_credible_sets|eva|europepmc|impc,Y,N,OMIM|OpenTargets_Platform|ClinVar
ERCC4,"ERCC excision repair 4, endonuclease catalytic subunit",N,Y,0.3169545756272252,gwas_credible_sets,N,N,OpenTargets_Platform
ERCC8,"ERCC excision repair 8, CSA ubiquitin ligase complex subunit",N,Y,0.13800570070837384,gwas_credible_sets,N,N,OpenTargets_Platform
ERICH1,glutamate rich 1,N,Y,0.06826550100546482,gwas_credible_sets,N,N,OpenTargets_Platform
ERLIN1,ER lipid raft associated 1,N,Y,0.19784088249769466,gwas_credible_sets,N,N,OpenTargets_Platform
ESAM,endothelial cell adhesion molecule,N,Y,0.5238092989013854,gwas_credible_sets|europepmc,N,N,OpenTargets_Platform
ESR1,estrogen receptor 1,N,Y,0.40833418453139253,clinical_precedence|europepmc|gwas_credible_sets,N,N,OpenTargets_Platform
ESR2,estrogen receptor 2,N,Y,0.43990531521843473,clinical_precedence|gwas_credible_sets|europepmc,N,N,OpenTargets_Platform
ESS2,ess-2 spliceosome associated protein,Y,N,0.01528376956834435,europepmc,N,N,OMIM
ETAA1,ETAA1 activator of ATR kinase,N,Y,0.042021558052975395,gwas_credible_sets,N,N,OpenTargets_Platform
ETF1,eukaryotic translation termination factor 1,N,Y,0.08356457733826693,gwas_credible_sets|europepmc,N,N,OpenTargets_Platform
ETS1,"ETS proto-oncogene 1, transcription factor",N,Y,0.17152751712506253,gwas_credible_sets|europepmc,N,N,OpenTargets_Platform
EVA1A,"eva-1 homolog A, regulator of programmed cell death",N,Y,0.018811716884796645,gwas_credible_sets,N,N,OpenTargets_Platform
EVA1B,eva-1 homolog B,N,Y,0.03416059681432742,gwas_credible_sets,N,N,OpenTargets_Platform
EXOC4,exocyst complex component 4,N,Y,0.25510288442989804,gwas_credible_sets|europepmc,N,N,OpenTargets_Platform
EXOC6B,exocyst complex component 6B,N,Y,0.11087395640541053,eva,Y,N,OpenTargets_Platform|ClinVar
EYA2,EYA transcriptional coactivator and phosphatase 2,N,Y,0.3015952633550103,gwas_credible_sets,N,N,OpenTargets_Platform
EYS,EGF-like photoreceptor maintenance factor,N,Y,0.3251637039848623,gwas_credible_sets,N,N,OpenTargets_Platform
F2,"coagulation factor II, thrombin",N,Y,0.10917301747845662,gwas_credible_sets|europepmc,N,N,OpenTargets_Platform
FADS1,fatty acid desaturase 1,N,Y,0.1858039404763037,gwas_credible_sets|europepmc,N,N,OpenTargets_Platform
FADS2,fatty acid desaturase 2,N,Y,0.11837784445390906,gwas_credible_sets|europepmc,N,N,OpenTargets_Platform
FAF1,Fas associated factor 1,N,Y,0.05968485810460647,gwas_credible_sets,N,N,OpenTargets_Platform
FAHD2B,fumarylacetoacetate hydrolase domain containing 2B,N,Y,0.041110517413123965,gwas_credible_sets,N,N,OpenTargets_Platform
FAM114A2,family with sequence similarity 114 member A2,N,Y,0.026302435475464965,gwas_credible_sets|europepmc,N,N,OpenTargets_Platform
FAM120A,family with sequence similarity 120 member A,N,Y,0.25737003253643786,gwas_credible_sets|europepmc,N,N,OpenTargets_Platform
FAM120AOS,family with sequence similarity 120 member A opposite strand,N,Y,0.17586598313038523,gwas_credible_sets,N,N,OpenTargets_Platform
FAM124B,family with sequence similarity 124 member B,N,Y,0.04565430106723557,gwas_credible_sets,N,N,OpenTargets_Platform
FAM184A,family with sequence similarity 184 member A,N,Y,0.14367773230787376,gwas_credible_sets,N,N,OpenTargets_Platform
FAM186B,family with sequence similarity 186 member B,N,Y,0.24770369369669598,gwas_credible_sets,N,N,OpenTargets_Platform
FAM216A,family with sequence similarity 216 member A,N,Y,0.09971419915272797,gwas_credible_sets,N,N,OpenTargets_Platform
FAM221A,family with sequence similarity 221 member A,N,Y,0.12250982686617849,gwas_credible_sets,N,N,OpenTargets_Platform
FAM234A,family with sequence similarity 234 member A,N,Y,0.049315035128375734,gwas_credible_sets,N,N,OpenTargets_Platform
FAM3B,FAM3 metabolism regulating signaling molecule B,N,Y,0.044011345019513044,gwas_credible_sets,N,N,OpenTargets_Platform
FAM53C,family with sequence similarity 53 member C,N,Y,0.06256458430461939,gwas_credible_sets,N,N,OpenTargets_Platform
FAM78A,family with sequence similarity 78 member A,N,Y,0.03669504898940821,gwas_credible_sets,N,N,OpenTargets_Platform
FANCA,FA complementation group A,N,Y,0.12753829615030113,gwas_credible_sets|europepmc,N,N,OpenTargets_Platform
FANCI,FA complementation group I,N,Y,0.2874055523176994,gwas_credible_sets,N,N,OpenTargets_Platform
FANCL,FA complementation group L,N,Y,0.20998773845533572,gwas_credible_sets|europepmc,N,N,OpenTargets_Platform
FAR2,fatty acyl-CoA reductase 2,N,Y,0.043453005171121335,gwas_credible_sets,N,N,OpenTargets_Platform
FARP1,"FERM, ARH/RhoGEF and pleckstrin domain protein 1",N,Y,0.19529476407350752,gwas_credible_sets,N,N,OpenTargets_Platform
FARP2,"FERM, ARH/RhoGEF and pleckstrin domain protein 2",N,Y,0.020954520541684087,gwas_credible_sets,N,N,OpenTargets_Platform
FARS2,"phenylalanyl-tRNA synthetase 2, mitochondrial",N,Y,0.11161311611477993,eva|europepmc,Y,N,OpenTargets_Platform|ClinVar
FASTKD1,FAST kinase domains 1,N,Y,0.022832780452240225,gwas_credible_sets,N,N,OpenTargets_Platform
FAT1,FAT atypical cadherin 1,N,Y,0.02835319351411031,europepmc|gwas_credible_sets,N,N,OpenTargets_Platform
FBN2,fibrillin 2,N,Y,0.29598213643501303,gwas_credible_sets,N,N,OpenTargets_Platform
FBP1,fructose-bisphosphatase 1,N,Y,0.1132762254608611,eva|europepmc,Y,N,OpenTargets_Platform|ClinVar
FBP2,fructose-bisphosphatase 2,Y,N,,,N,N,OMIM
FBXL17,F-box and leucine rich repeat protein 17,N,Y,0.02582308509837636,gwas_credible_sets,N,N,OpenTargets_Platform
FBXO11,F-box protein 11,N,Y,0.0809323972098777,gwas_credible_sets,N,N,OpenTargets_Platform
FBXO31,F-box protein 31,N,Y,0.042430476871380594,gwas_credible_sets|europepmc,N,N,OpenTargets_Platform
FBXW7,F-box and WD repeat domain containing 7,N,Y,0.2819287781877245,gwas_credible_sets|europepmc,N,N,OpenTargets_Platform
FCGR2A,Fc gamma receptor IIa,Y,Y,0.3230798631460486,gwas_credible_sets|europepmc,N,N,OMIM|OpenTargets_Platform
FCGR2B,Fc gamma receptor IIb,Y,Y,0.09359857801101029,gwas_credible_sets|europepmc,N,N,OMIM|OpenTargets_Platform
FERD3L,Fer3 like bHLH transcription factor,N,Y,0.02279552858440871,gwas_credible_sets,N,N,OpenTargets_Platform
FES,"FES proto-oncogene, tyrosine kinase",N,Y,0.550347729644645,gwas_credible_sets|europepmc,N,N,OpenTargets_Platform
FEZ1,fasciculation and elongation protein zeta 1,Y,N,0.04543083860230432,europepmc,N,N,OMIM
FGF14,fibroblast growth factor 14,Y,Y,0.07467622026168105,europepmc|gwas_credible_sets,N,N,OMIM|OpenTargets_Platform
FGFR1,fibroblast growth factor receptor 1,N,Y,0.2950924882779582,gwas_credible_sets|europepmc,N,N,OpenTargets_Platform
FGFR2,fibroblast growth factor receptor 2,Y,N,0.013191947590828937,europepmc,N,N,OMIM
FHIT,fragile histidine triad diadenosine triphosphatase,N,Y,0.4115319486001175,gwas_credible_sets|europepmc,Y,N,OpenTargets_Platform|ClinVar
FKBP15,FKBP prolyl isomerase family member 15,N,Y,0.25479175061523496,gwas_credible_sets,N,N,OpenTargets_Platform
FKBP1A,FKBP prolyl isomerase 1A,N,Y,0.004250168328874071,clinical_precedence|europepmc,N,N,OpenTargets_Platform
FKBP4,FKBP prolyl isomerase 4,N,Y,0.033668348463382305,gwas_credible_sets|europepmc,N,N,OpenTargets_Platform
FKBP5,FKBP prolyl isomerase 5,Y,N,0.10438568231918288,europepmc|expression_atlas,N,N,OMIM
FLI1,"Fli-1 proto-oncogene, ETS transcription factor",N,Y,0.03580115010143009,gwas_credible_sets,N,N,OpenTargets_Platform
FMN1,formin 1,N,Y,0.051671609471371394,impc|gwas_credible_sets,N,N,OpenTargets_Platform
FNBP1L,formin binding protein 1 like,N,Y,0.021497537041511253,gwas_credible_sets,N,N,OpenTargets_Platform
FOXG1,forkhead box G1,N,Y,0.2867665626699046,gwas_credible_sets|europepmc,N,N,OpenTargets_Platform
FOXN2,forkhead box N2,N,Y,0.21093823832738098,gwas_credible_sets|europepmc,N,N,OpenTargets_Platform
FOXO3,forkhead box O3,N,Y,0.4236639959992685,gwas_credible_sets|europepmc,N,N,OpenTargets_Platform
FOXO6,forkhead box O6,N,Y,0.3131040587550929,gwas_credible_sets|europepmc,N,N,OpenTargets_Platform
FOXP1,forkhead box P1,N,Y,0.45136245151962906,gwas_credible_sets|impc|europepmc,N,N,OpenTargets_Platform
FOXP2,forkhead box P2,N,Y,0.33928521333382516,gwas_credible_sets|europepmc,N,N,OpenTargets_Platform
FRA16E,"fragile site, distamycin A type, rare, fra(16)(p12.1)",Y,N,,,N,N,OMIM
FREM2,FRAS1 related extracellular matrix 2,N,Y,0.11876595054130958,eva|gwas_credible_sets,Y,N,OpenTargets_Platform|ClinVar
FRMD3,FERM domain containing 3,N,Y,0.03274944052107045,gwas_credible_sets,N,N,OpenTargets_Platform
FRMD4B,FERM domain containing 4B,N,Y,0.14550767644810017,gwas_credible_sets,N,N,OpenTargets_Platform
FRMD5,FERM domain containing 5,N,Y,0.22761905996012413,gwas_credible_sets|impc,N,N,OpenTargets_Platform
FRY,FRY microtubule binding protein,N,Y,0.41006692178866166,gwas_credible_sets,N,N,OpenTargets_Platform
FST,follistatin,N,Y,0.018653455992777405,gwas_credible_sets,N,N,OpenTargets_Platform
FTCDNL1,formiminotransferase cyclodeaminase N-terminal like,N,Y,0.3164755671020568,gwas_credible_sets|europepmc,N,N,OpenTargets_Platform
FTL,ferritin light chain,Y,N,0.00406537840153172,europepmc,N,N,OMIM
FTO,FTO alpha-ketoglutarate dependent dioxygenase,N,Y,0.30092205097985547,gwas_credible_sets|europepmc,N,N,OpenTargets_Platform
FUBP1,far upstream element binding protein 1,N,Y,0.06152029377346162,gwas_credible_sets|europepmc,N,N,OpenTargets_Platform
FURIN,"furin, paired basic amino acid cleaving enzyme",N,Y,0.32333595098114143,gwas_credible_sets|europepmc,N,N,OpenTargets_Platform
FUT2,fucosyltransferase 2 (H blood group),N,Y,0.18309936964922735,gwas_credible_sets,N,N,OpenTargets_Platform
FUT9,fucosyltransferase 9,N,Y,0.48779213143449396,gwas_credible_sets|europepmc,N,N,OpenTargets_Platform
FXN,frataxin,N,Y,0.04352016248871906,europepmc|gwas_credible_sets,N,N,OpenTargets_Platform
FXR1,FMR1 autosomal homolog 1,N,Y,0.4418051364019211,gwas_credible_sets|europepmc,N,N,OpenTargets_Platform
FXYD6,FXYD domain containing ion transport regulator 6,Y,N,0.07199428728081109,impc|europepmc,N,N,OMIM
FYN,"FYN proto-oncogene, Src family tyrosine kinase",N,Y,0.31597380766089406,gwas_credible_sets|europepmc,N,N,OpenTargets_Platform
FZD3,frizzled class receptor 3,Y,N,0.041398467733392744,europepmc,N,N,OMIM
FZD8,frizzled class receptor 8,N,Y,0.16755331448320737,gwas_credible_sets,N,N,OpenTargets_Platform
GAB1,GRB2 associated binding protein 1,N,Y,0.030192615411394386,gwas_credible_sets|europepmc,N,N,OpenTargets_Platform
GABBR1,gamma-aminobutyric acid type B receptor subunit 1,N,Y,0.08938399430659572,clinical_precedence|impc|europepmc,N,N,OpenTargets_Platform
GABBR2,gamma-aminobutyric acid type B receptor subunit 2,N,Y,0.24191759526080994,gwas_credible_sets|clinical_precedence|europepmc,N,N,OpenTargets_Platform
GABRA1,gamma-aminobutyric acid type A receptor subunit alpha1,N,Y,0.034158718869576145,europepmc|clinical_precedence,N,N,OpenTargets_Platform
GABRA2,gamma-aminobutyric acid type A receptor subunit alpha2,N,Y,0.27760118988247345,gwas_credible_sets|clinical_precedence|europepmc,N,N,OpenTargets_Platform
GABRA3,gamma-aminobutyric acid type A receptor subunit alpha3,N,Y,0.07684379867918255,europepmc|impc|clinical_precedence|expression_atlas,N,N,OpenTargets_Platform
GABRA4,gamma-aminobutyric acid type A receptor subunit alpha4,N,Y,0.02273719060483314,gwas_credible_sets|clinical_precedence|europepmc,N,N,OpenTargets_Platform
GABRA5,gamma-aminobutyric acid type A receptor subunit alpha5,N,Y,0.12125454308913897,eva|gwas_credible_sets|europepmc|clinical_precedence,Y,N,OpenTargets_Platform|ClinVar
GABRA6,gamma-aminobutyric acid type A receptor subunit alpha6,N,Y,0.012727508906775162,europepmc|clinical_precedence,N,N,OpenTargets_Platform
GABRB1,gamma-aminobutyric acid type A receptor subunit beta1,N,Y,0.3021836311536485,gwas_credible_sets|europepmc|clinical_precedence,N,N,OpenTargets_Platform
GABRB2,gamma-aminobutyric acid type A receptor subunit beta2,N,Y,0.08765732923256682,europepmc|clinical_precedence,Y,N,OpenTargets_Platform|ClinVar
GABRB3,gamma-aminobutyric acid type A receptor subunit beta3,N,Y,0.310450511340359,gwas_credible_sets|eva|europepmc|clinical_precedence,Y,N,OpenTargets_Platform|ClinVar
GABRD,gamma-aminobutyric acid type A receptor subunit delta,N,Y,0.007384000174458851,europepmc|clinical_precedence,N,N,OpenTargets_Platform
GABRE,gamma-aminobutyric acid type A receptor subunit epsilon,N,Y,0.009891394166353061,europepmc|clinical_precedence,N,N,OpenTargets_Platform
GABRG1,gamma-aminobutyric acid type A receptor subunit gamma1,N,Y,0.03226647530189609,gwas_credible_sets|europepmc|clinical_precedence,N,N,OpenTargets_Platform
GABRG2,gamma-aminobutyric acid type A receptor subunit gamma2,Y,Y,0.0211407473068446,europepmc|clinical_precedence,N,N,OMIM|OpenTargets_Platform
GABRG3,gamma-aminobutyric acid type A receptor subunit gamma3,N,Y,0.00572335469407559,clinical_precedence|europepmc,N,N,OpenTargets_Platform
GABRP,gamma-aminobutyric acid type A receptor subunit pi,N,Y,0.004989328038243475,clinical_precedence|europepmc,N,N,OpenTargets_Platform
GABRQ,gamma-aminobutyric acid type A receptor subunit theta,N,Y,0.014459811814538955,europepmc|clinical_precedence,N,N,OpenTargets_Platform
GAD1,glutamate decarboxylase 1,Y,N,0.08544310860197438,europepmc,N,N,OMIM
GALM,galactose mutarotase,N,Y,0.11087395640541053,eva,Y,N,OpenTargets_Platform|ClinVar
GALNT10,polypeptide N-acetylgalactosaminyltransferase 10,N,Y,0.43835943711659686,gwas_credible_sets|europepmc,N,N,OpenTargets_Platform
GALNT13,polypeptide N-acetylgalactosaminyltransferase 13,N,Y,0.317146448735316,gwas_credible_sets|europepmc,N,N,OpenTargets_Platform
GALNT17,polypeptide N-acetylgalactosaminyltransferase 17,N,Y,0.31481335765268625,gwas_credible_sets|europepmc,N,N,OpenTargets_Platform
GALNT4,polypeptide N-acetylgalactosaminyltransferase 4,N,Y,0.33268845859934104,gwas_credible_sets,Y,N,OpenTargets_Platform|ClinVar
GAPT,"GRB2 binding adaptor protein, transmembrane",N,Y,0.10194659924784569,gwas_credible_sets,N,N,OpenTargets_Platform
GARIN6,golgi associated RAB2 interactor family member 6,N,Y,0.09750255450669008,gwas_credible_sets,N,N,OpenTargets_Platform
GAS2L2,growth arrest specific 2 like 2,N,Y,0.02748472189355598,gwas_credible_sets,N,N,OpenTargets_Platform
GAS7,growth arrest specific 7,N,Y,0.3199093289961326,gwas_credible_sets|europepmc,N,N,OpenTargets_Platform
GATA6,GATA binding protein 6,Y,N,,,N,N,OMIM
GATAD2A,GATA zinc finger domain containing 2A,N,Y,0.15067602020697904,gwas_credible_sets|europepmc,N,N,OpenTargets_Platform
GBX2,gastrulation brain homeobox 2,N,Y,0.213474155580135,gwas_credible_sets|europepmc,N,N,OpenTargets_Platform
GCFC2,GC-rich sequence DNA-binding factor 2,N,Y,0.16613889901980708,gwas_credible_sets|europepmc,N,N,OpenTargets_Platform
GCLM,glutamate-cysteine ligase modifier subunit,Y,N,0.004003255882987185,europepmc,N,N,OMIM
GDNF,glial cell derived neurotrophic factor,N,Y,0.44486842026159534,gwas_credible_sets|europepmc,N,N,OpenTargets_Platform
GDPD3,glycerophosphodiester phosphodiesterase domain containing 3,N,Y,0.019517006249251286,gwas_credible_sets,N,N,OpenTargets_Platform
GFM1,G elongation factor mitochondrial 1,N,Y,0.020357302484670572,gwas_credible_sets,N,N,OpenTargets_Platform
GGNBP2,gametogenetin binding protein 2,N,Y,0.466345918961032,gwas_credible_sets,N,N,OpenTargets_Platform
GID4,GID complex subunit 4 homolog,N,Y,0.11516759421181391,gwas_credible_sets,N,N,OpenTargets_Platform
GIGYF1,GRB10 interacting GYF protein 1,N,Y,0.10850208708799243,gwas_credible_sets|europepmc,N,N,OpenTargets_Platform
GIGYF2,GRB10 interacting GYF protein 2,N,Y,0.4834754146037667,gwas_credible_sets|europepmc,N,N,OpenTargets_Platform
GIN1,gypsy retrotransposon integrase 1,N,Y,0.20807064715220588,gwas_credible_sets,N,N,OpenTargets_Platform
GIP,gastric inhibitory polypeptide,N,Y,0.02455243015104817,gwas_credible_sets|europepmc,N,N,OpenTargets_Platform
GIPC2,GIPC PDZ domain containing family member 2,N,Y,0.05463052159321212,gwas_credible_sets,N,N,OpenTargets_Platform
GIPR,gastric inhibitory polypeptide receptor,N,Y,0.10918654722688384,gwas_credible_sets|europepmc,N,N,OpenTargets_Platform
GJA5,gap junction protein alpha 5,Y,N,0.019109331708613998,europepmc,N,N,OMIM
GJA8,gap junction protein alpha 8,Y,N,0.026032383675424427,europepmc,N,N,OMIM
GJD2,gap junction protein delta 2,N,Y,0.12513281988675456,gwas_credible_sets|europepmc,N,N,OpenTargets_Platform
GJD4,gap junction protein delta 4,N,Y,0.06037330379270931,gwas_credible_sets,N,N,OpenTargets_Platform
GK2,glycerol kinase 2,N,Y,0.06635576535166642,gwas_credible_sets,N,N,OpenTargets_Platform
GK3,glycerol kinase 3,N,Y,0.23592097347341173,gwas_credible_sets,N,N,OpenTargets_Platform
GLB1,galactosidase beta 1,N,Y,0.11133593122376641,eva|europepmc,Y,N,OpenTargets_Platform|ClinVar
GLB1L2,galactosidase beta 1 like 2,N,Y,0.023295374386533806,gwas_credible_sets,N,N,OpenTargets_Platform
GLCCI1,glucocorticoid induced 1,N,Y,0.03131078830984537,gwas_credible_sets,N,N,OpenTargets_Platform
GLI1,GLI family zinc finger 1,N,Y,0.07913724110717765,gwas_credible_sets|europepmc,N,N,OpenTargets_Platform
GLIPR1L1,GLIPR1 like 1,N,Y,0.028562381586961127,gwas_credible_sets,N,N,OpenTargets_Platform
GLIPR1L2,GLIPR1 like 2,N,Y,0.035287259641591684,gwas_credible_sets,N,N,OpenTargets_Platform
GLIS3,GLIS family zinc finger 3,N,N,0.0019687897928913835,expression_atlas|europepmc,Y,N,ClinVar
GLRA2,glycine receptor alpha 2,Y,N,0.010163446003829301,europepmc,N,N,OMIM
GLT8D1,glycosyltransferase 8 domain containing 1,N,Y,0.05493729804341202,europepmc|gwas_credible_sets,N,N,OpenTargets_Platform
GLYCTK,glycerate kinase,N,Y,0.10925567532678232,gwas_credible_sets|europepmc,N,N,OpenTargets_Platform
GMIP,GEM interacting protein,N,Y,0.13330511168979678,gwas_credible_sets,N,N,OpenTargets_Platform
GMPR,guanosine monophosphate reductase,N,Y,0.022183781238810877,gwas_credible_sets,N,N,OpenTargets_Platform
GNAI1,G protein subunit alpha i1,N,Y,0.0803457872969256,impc|gwas_credible_sets|europepmc,N,N,OpenTargets_Platform
GNAL,G protein subunit alpha L,Y,N,0.014291332426701822,europepmc,N,N,OMIM
GNB2,G protein subunit beta 2,N,Y,0.10641625741831792,gwas_credible_sets|europepmc,N,N,OpenTargets_Platform
GNE,glucosamine (UDP-N-acetyl)-2-epimerase/N-acetylmannosamine kinase,N,Y,0.22288407261332704,gwas_credible_sets,N,N,OpenTargets_Platform
GNL3,G protein nucleolar 3,N,Y,0.22092366989842926,gwas_credible_sets|europepmc,N,N,OpenTargets_Platform
GOLGA6L4,golgin A6 family like 4,N,Y,0.28234479907481774,gwas_credible_sets,N,N,OpenTargets_Platform
GPBP1,GC-rich promoter binding protein 1,N,Y,0.05464694397113629,gwas_credible_sets,N,N,OpenTargets_Platform
GPD1,glycerol-3-phosphate dehydrogenase 1,N,Y,0.024040182163056856,gwas_credible_sets,N,N,OpenTargets_Platform
GPD1L,glycerol-3-phosphate dehydrogenase 1 like,N,Y,0.1324128787816285,eva|impc|gwas_credible_sets,Y,N,OpenTargets_Platform|ClinVar
GPD2,glycerol-3-phosphate dehydrogenase 2,N,Y,0.2776350078914711,clinical_precedence|gwas_credible_sets,N,N,OpenTargets_Platform
GPHN,gephyrin,Y,Y,0.115738899436483,eva|europepmc,Y,N,OMIM|OpenTargets_Platform|ClinVar
GPM6A,glycoprotein M6A,N,Y,0.5341163488780444,gwas_credible_sets|europepmc,N,N,OpenTargets_Platform
GPN3,GPN-loop GTPase 3,N,Y,0.08440271290063017,gwas_credible_sets,N,N,OpenTargets_Platform
GPR141,G protein-coupled receptor 141,N,Y,0.025537940409650742,gwas_credible_sets,N,N,OpenTargets_Platform
GPR153,G protein-coupled receptor 153,N,N,0.048163646662510336,impc|europepmc,Y,N,ClinVar
GPR161,G protein-coupled receptor 161,N,Y,0.025724192864847072,gwas_credible_sets,N,N,OpenTargets_Platform
GPR180,G protein-coupled receptor 180,N,Y,0.02635443603749331,gwas_credible_sets,N,N,OpenTargets_Platform
GPR25,G protein-coupled receptor 25,N,Y,0.02968448826448146,gwas_credible_sets,N,N,OpenTargets_Platform
GPR50,G protein-coupled receptor 50,Y,N,0.004619748183558772,europepmc,N,N,OMIM
GPR85,G protein-coupled receptor 85,Y,N,0.0317697688266415,europepmc,N,N,OMIM
GPT,glutamic--pyruvic transaminase,N,Y,0.039573102216367,gwas_credible_sets|europepmc,N,N,OpenTargets_Platform
GRAMD1B,GRAM domain containing 1B,N,Y,0.4649291623946806,gwas_credible_sets|europepmc,N,N,OpenTargets_Platform
GRAPL,GRB2 related adaptor protein like,N,Y,0.022732510049671525,gwas_credible_sets,N,N,OpenTargets_Platform
GRIA1,glutamate ionotropic receptor AMPA type subunit 1,N,Y,0.43836025272435114,gwas_credible_sets|clinical_precedence|impc|europepmc,N,N,OpenTargets_Platform
GRIA2,glutamate ionotropic receptor AMPA type subunit 2,N,Y,0.11617535715611813,clinical_precedence|europepmc,N,N,OpenTargets_Platform
GRIA3,glutamate ionotropic receptor AMPA type subunit 3,N,Y,0.14529949703659598,gene_burden|clinical_precedence|europepmc,N,N,OpenTargets_Platform
GRIA4,glutamate ionotropic receptor AMPA type subunit 4,N,Y,0.12158309999171141,clinical_precedence|impc|europepmc,N,N,OpenTargets_Platform
GRID2,glutamate ionotropic receptor delta type subunit 2,N,N,0.040225858161102565,impc|europepmc,Y,N,ClinVar
GRIFIN,galectin-related inter-fiber protein,N,Y,0.031001895936966114,gwas_credible_sets,N,N,OpenTargets_Platform
GRIK2,glutamate ionotropic receptor kainate type subunit 2,N,Y,0.14776068916372642,gwas_credible_sets|europepmc,N,N,OpenTargets_Platform
GRIK3,glutamate ionotropic receptor kainate type subunit 3,N,Y,0.09950628573556348,gwas_credible_sets|europepmc,N,N,OpenTargets_Platform
GRIN1,glutamate ionotropic receptor NMDA type subunit 1,Y,Y,0.4085998679329412,clinical_precedence|europepmc|impc,N,N,OMIM|OpenTargets_Platform
GRIN2A,glutamate ionotropic receptor NMDA type subunit 2A,N,Y,0.6140540944487055,gwas_credible_sets|clinical_precedence|gene_burden|europepmc,N,N,OpenTargets_Platform
GRIN2B,glutamate ionotropic receptor NMDA type subunit 2B,N,Y,0.4083613276375339,clinical_precedence|europepmc|gwas_credible_sets,N,N,OpenTargets_Platform
GRIN2C,glutamate ionotropic receptor NMDA type subunit 2C,N,Y,0.39308086590149993,clinical_precedence|europepmc|expression_atlas,N,N,OpenTargets_Platform
GRIN2D,glutamate ionotropic receptor NMDA type subunit 2D,N,Y,0.394671442067017,clinical_precedence|europepmc,N,N,OpenTargets_Platform
GRIN3A,glutamate ionotropic receptor NMDA type subunit 3A,N,Y,0.39217276548087954,clinical_precedence|europepmc,N,N,OpenTargets_Platform
GRIN3B,glutamate ionotropic receptor NMDA type subunit 3B,N,Y,0.39304915060654744,clinical_precedence|europepmc,N,N,OpenTargets_Platform
GRM1,glutamate metabotropic receptor 1,N,Y,0.2884926509995769,gwas_credible_sets|europepmc,N,N,OpenTargets_Platform
GRM2,glutamate metabotropic receptor 2,Y,Y,0.36850365898315596,clinical_precedence|europepmc,N,N,OMIM|OpenTargets_Platform
GRM3,glutamate metabotropic receptor 3,Y,Y,0.5980019537421526,gwas_credible_sets|clinical_precedence|europepmc,N,N,OMIM|OpenTargets_Platform
GRM5,glutamate metabotropic receptor 5,Y,Y,0.12896064094513346,europepmc|impc|clinical_precedence,N,N,OMIM|OpenTargets_Platform
GRXCR1,,N,N,,,Y,N,ClinVar
GSDME,gasdermin E,N,Y,0.3660487275758071,gwas_credible_sets|europepmc,N,N,OpenTargets_Platform
GSG1L2,GSG1 like 2,N,Y,0.01937277900060739,gwas_credible_sets,N,N,OpenTargets_Platform
GSK3A,glycogen synthase kinase 3 alpha,N,Y,0.26433304890828196,clinical_precedence|europepmc,N,N,OpenTargets_Platform
GSK3B,glycogen synthase kinase 3 beta,Y,Y,0.2738047334884214,clinical_precedence|europepmc,N,N,OMIM|OpenTargets_Platform
GSS,glutathione synthetase,N,Y,0.11585815139011672,eva|europepmc,Y,N,OpenTargets_Platform|ClinVar
GTF2IRD1,GTF2I repeat domain containing 1,N,N,0.0035110086195046675,europepmc,Y,N,ClinVar
GTF3C1,general transcription factor IIIC subunit 1,N,Y,0.15463108389580446,gwas_credible_sets,N,N,OpenTargets_Platform
GTF3C4,general transcription factor IIIC subunit 4,N,Y,0.019423497273408412,gwas_credible_sets,N,N,OpenTargets_Platform
GUCY1A1,guanylate cyclase 1 soluble subunit alpha 1,N,Y,0.09650140650100547,clinical_precedence,N,N,OpenTargets_Platform
GUCY1A2,guanylate cyclase 1 soluble subunit alpha 2,N,Y,0.09650140650100547,clinical_precedence,N,N,OpenTargets_Platform
GUCY1B1,guanylate cyclase 1 soluble subunit beta 1,N,Y,0.09650140650100547,clinical_precedence,N,N,OpenTargets_Platform
GUCY2C,guanylate cyclase 2C,N,Y,0.03432271478982709,gwas_credible_sets,N,N,OpenTargets_Platform
GYPC,glycophorin C (Gerbich blood group),N,Y,0.16776912166744087,gwas_credible_sets|europepmc,N,N,OpenTargets_Platform
GYS2,glycogen synthase 2,N,Y,0.11087395640541053,eva,Y,N,OpenTargets_Platform|ClinVar
HABP2,hyaluronan binding protein 2,N,Y,0.0240004627503347,gwas_credible_sets|europepmc,N,N,OpenTargets_Platform
HARBI1,harbinger transposase derived 1,N,Y,0.03161559484891708,gwas_credible_sets,N,N,OpenTargets_Platform
HARS1,histidyl-tRNA synthetase 1,N,Y,0.028451455086607916,gwas_credible_sets|europepmc,N,N,OpenTargets_Platform
HAUS4,HAUS augmin like complex subunit 4,N,Y,0.02159069080495436,gwas_credible_sets,N,N,OpenTargets_Platform
HCN1,hyperpolarization activated cyclic nucleotide gated potassium channel 1,N,Y,0.4941682121309027,gwas_credible_sets|impc|europepmc,N,N,OpenTargets_Platform
HDAC1,histone deacetylase 1,N,Y,0.029438686632926613,europepmc|clinical_precedence,N,N,OpenTargets_Platform
HDAC2,histone deacetylase 2,N,Y,0.03247601557007294,europepmc|clinical_precedence,N,N,OpenTargets_Platform
HDAC3,histone deacetylase 3,N,Y,0.029800751028545333,europepmc|clinical_precedence,N,N,OpenTargets_Platform
HDAC4,histone deacetylase 4,Y,Y,0.32549293977225385,gwas_credible_sets|europepmc,N,N,OMIM|OpenTargets_Platform
HDAC6,histone deacetylase 6,N,Y,0.07524060673277279,impc|europepmc|clinical_precedence,N,N,OpenTargets_Platform
HDAC9,histone deacetylase 9,N,Y,0.21931809352576995,gwas_credible_sets|europepmc,N,N,OpenTargets_Platform
HDLBP,high density lipoprotein binding protein,N,Y,0.020111315144246546,gwas_credible_sets,N,N,OpenTargets_Platform
HECW2,,N,N,,,Y,N,ClinVar
HEMK1,"HemK methyltransferase 1, mitochondrial release factors N(5)-glutamine",N,Y,0.02808282350699411,gwas_credible_sets,N,N,OpenTargets_Platform
HEY1,hes related family bHLH transcription factor with YRPW motif 1,N,Y,0.021014259557288528,gwas_credible_sets,N,N,OpenTargets_Platform
HHAT,hedgehog acyltransferase,N,Y,0.3114810826607011,gwas_credible_sets|europepmc,N,N,OpenTargets_Platform
HIC1,HIC ZBTB transcriptional repressor 1,N,Y,0.038470487301361656,gwas_credible_sets,N,N,OpenTargets_Platform
HINT3,histidine triad nucleotide binding protein 3,N,Y,0.021381901637464205,gwas_credible_sets,N,N,OpenTargets_Platform
HIRIP3,HIRA interacting protein 3,N,Y,0.03655328108372109,gwas_credible_sets,N,N,OpenTargets_Platform
HIVEP1,HIVEP zinc finger 1,N,Y,0.2989097254407064,gwas_credible_sets,N,N,OpenTargets_Platform
HMG20A,high mobility group 20A,N,Y,0.3237594112610182,gwas_credible_sets|impc,N,N,OpenTargets_Platform
HMGA2,high mobility group AT-hook 2,N,Y,0.2732514065777171,gwas_credible_sets,N,N,OpenTargets_Platform
HMGCR,3-hydroxy-3-methylglutaryl-CoA reductase,N,Y,0.021542604407429777,europepmc|clinical_precedence,N,N,OpenTargets_Platform
HMGCS1,3-hydroxy-3-methylglutaryl-CoA synthase 1,N,Y,0.2250721589672237,gwas_credible_sets,N,N,OpenTargets_Platform
HMOX2,heme oxygenase 2,N,Y,0.14531740117484415,gwas_credible_sets|europepmc,N,N,OpenTargets_Platform
HNF1A,HNF1 homeobox A,N,Y,0.09432927754374092,gwas_credible_sets|europepmc,N,N,OpenTargets_Platform
HOMER1,homer scaffold protein 1,Y,N,0.044478696700874176,europepmc,N,N,OMIM
HOMER2,homer scaffold protein 2,Y,N,0.014393082118554222,europepmc,N,N,OMIM
HOMER3,homer scaffold protein 3,Y,N,0.0014783194187388072,europepmc,N,N,OMIM
HORMAD2,HORMA domain containing 2,N,Y,0.03782318704956531,gwas_credible_sets,N,N,OpenTargets_Platform
HP,haptoglobin,N,Y,0.04615766901763816,europepmc|gwas_credible_sets,N,N,OpenTargets_Platform
HPF1,histone PARylation factor 1,N,Y,0.05761162472142814,gwas_credible_sets,N,N,OpenTargets_Platform
HPR,haptoglobin-related protein,N,Y,0.07575511315081163,gwas_credible_sets,N,N,OpenTargets_Platform
HRH1,histamine receptor H1,N,Y,0.08766413781162409,clinical_precedence|europepmc,Y,N,OpenTargets_Platform|ClinVar
HRH2,histamine receptor H2,N,Y,0.20427896784030705,clinical_precedence|europepmc,N,N,OpenTargets_Platform
HRH3,histamine receptor H3,N,Y,0.30362719063102006,clinical_precedence|europepmc,N,N,OpenTargets_Platform
HS6ST3,heparan sulfate 6-O-sulfotransferase 3,Y,Y,0.26178366268917386,gwas_credible_sets,N,N,OMIM|OpenTargets_Platform
HSBP1L1,heat shock factor binding protein 1 like 1,N,Y,0.036179480372797425,gwas_credible_sets,N,N,OpenTargets_Platform
HSD17B1,hydroxysteroid 17-beta dehydrogenase 1,N,Y,0.02217963021018568,gwas_credible_sets,N,N,OpenTargets_Platform
HSERVPRODH,,N,N,,,Y,N,ClinVar
HSPA13,heat shock protein family A (Hsp70) member 13,N,Y,0.13889308186185387,gwas_credible_sets,N,N,OpenTargets_Platform
HSPA6,heat shock protein family A (Hsp70) member 6,Y,N,,,N,N,OMIM
HSPA7,heat shock protein family A (Hsp70) member 7 (pseudogene),Y,N,,,N,N,OMIM
HSPA9,heat shock protein family A (Hsp70) member 9,N,Y,0.25104982231312917,gwas_credible_sets|europepmc,N,N,OpenTargets_Platform
HSPD1,heat shock protein family D (Hsp60) member 1,N,Y,0.202451704953783,gwas_credible_sets|europepmc,N,N,OpenTargets_Platform
HSPE1,heat shock protein family E (Hsp10) member 1,N,Y,0.18179695105688376,gwas_credible_sets|europepmc,N,N,OpenTargets_Platform
HSPG2,heparan sulfate proteoglycan 2,N,N,0.00939387104665371,europepmc,Y,N,ClinVar
HSR,"Hand skill, relative",Y,N,,,N,N,OMIM
HT,Hashimoto thyroiditis,Y,N,,,N,N,OMIM
HTR1A,5-hydroxytryptamine receptor 1A,N,Y,0.6250054558099779,clinical_precedence|europepmc|impc,N,N,OpenTargets_Platform
HTR1B,5-hydroxytryptamine receptor 1B,N,Y,0.6150860317224179,clinical_precedence|europepmc|impc,N,N,OpenTargets_Platform
HTR1D,5-hydroxytryptamine receptor 1D,N,Y,0.587815892136479,clinical_precedence|europepmc,N,N,OpenTargets_Platform
HTR1E,5-hydroxytryptamine receptor 1E,N,Y,0.5857370054538775,clinical_precedence,N,N,OpenTargets_Platform
HTR1F,5-hydroxytryptamine receptor 1F,N,Y,0.5928206710587476,clinical_precedence|europepmc,N,N,OpenTargets_Platform
HTR2A,5-hydroxytryptamine receptor 2A,Y,Y,0.6327053851311031,clinical_precedence|impc|europepmc,Y,N,OMIM|OpenTargets_Platform|ClinVar
HTR2B,5-hydroxytryptamine receptor 2B,N,Y,0.5892397042490669,clinical_precedence|europepmc,N,N,OpenTargets_Platform
HTR2C,5-hydroxytryptamine receptor 2C,Y,Y,0.6133629454357655,clinical_precedence|europepmc,N,N,OMIM|OpenTargets_Platform
HTR3A,5-hydroxytryptamine receptor 3A,Y,Y,0.5936459140980661,clinical_precedence|europepmc,N,N,OMIM|OpenTargets_Platform
HTR3B,5-hydroxytryptamine receptor 3B,N,Y,0.5918545178745849,clinical_precedence|europepmc,N,N,OpenTargets_Platform
HTR3C,5-hydroxytryptamine receptor 3C,N,Y,0.5893261296937231,clinical_precedence|europepmc,N,N,OpenTargets_Platform
HTR3D,5-hydroxytryptamine receptor 3D,N,Y,0.5893261296937231,clinical_precedence|europepmc,N,N,OpenTargets_Platform
HTR3E,5-hydroxytryptamine receptor 3E,N,Y,0.5893261296937231,clinical_precedence|europepmc,N,N,OpenTargets_Platform
HTR4,5-hydroxytryptamine receptor 4,Y,Y,0.6060889959799527,clinical_precedence|europepmc,N,N,OMIM|OpenTargets_Platform
HTR5A,5-hydroxytryptamine receptor 5A,N,Y,0.5945248853347984,clinical_precedence|europepmc|expression_atlas,N,N,OpenTargets_Platform
HTR6,5-hydroxytryptamine receptor 6,N,Y,0.6029742956523951,clinical_precedence|europepmc,N,N,OpenTargets_Platform
HTR7,5-hydroxytryptamine receptor 7,N,Y,0.5933127821375602,clinical_precedence|europepmc|gwas_credible_sets,N,N,OpenTargets_Platform
HTRA1,HtrA serine peptidase 1,N,Y,0.10162445496613322,gwas_credible_sets|europepmc,N,N,OpenTargets_Platform
HTT,huntingtin,Y,N,0.012113480471901476,europepmc,N,N,OMIM
HYAL1,hyaluronidase 1,N,Y,0.1868066722070418,gwas_credible_sets,N,N,OpenTargets_Platform
HYAL2,hyaluronidase 2,N,Y,0.05978206935129042,gwas_credible_sets,N,N,OpenTargets_Platform
HYAL3,hyaluronidase 3,N,Y,0.024418935989261332,gwas_credible_sets,N,N,OpenTargets_Platform
HYKK,hydroxylysine kinase,N,Y,0.04249587675004583,gwas_credible_sets,N,N,OpenTargets_Platform
IDNK,IDNK gluconokinase,N,Y,0.2972748011687062,gwas_credible_sets,N,N,OpenTargets_Platform
IFI44,interferon induced protein 44,N,Y,0.2618664140987935,gwas_credible_sets,N,N,OpenTargets_Platform
IFI44L,interferon induced protein 44 like,N,Y,0.08965388045045193,gwas_credible_sets,N,N,OpenTargets_Platform
IFRD2,interferon related developmental regulator 2,N,Y,0.02417202757482395,gwas_credible_sets,N,N,OpenTargets_Platform
IGF2BP2,insulin like growth factor 2 mRNA binding protein 2,N,Y,0.3185204516497019,gwas_credible_sets|europepmc,N,N,OpenTargets_Platform
IGF2BP3,insulin like growth factor 2 mRNA binding protein 3,N,Y,0.026791113234526275,gwas_credible_sets,N,N,OpenTargets_Platform
IGFBP7,insulin like growth factor binding protein 7,N,Y,0.22079023542326162,gwas_credible_sets|europepmc,N,N,OpenTargets_Platform
IGSF3,immunoglobulin superfamily member 3,N,Y,0.30600725468990586,gwas_credible_sets,N,N,OpenTargets_Platform
IGSF9B,immunoglobulin superfamily member 9B,N,Y,0.5317063477709411,gwas_credible_sets|impc|europepmc,N,N,OpenTargets_Platform
IHO1,interactor of HORMAD1 1,N,Y,0.12657484177252826,gwas_credible_sets,N,N,OpenTargets_Platform
IK,IK cytokine,N,Y,0.021113427281439303,gwas_credible_sets|europepmc,N,N,OpenTargets_Platform
IKBIP,IKBKB interacting protein,N,Y,0.1978743085658251,gwas_credible_sets,N,N,OpenTargets_Platform
IKZF4,IKAROS family zinc finger 4,N,Y,0.06379920898434113,gwas_credible_sets,N,N,OpenTargets_Platform
IL1RAPL1,interleukin 1 receptor accessory protein like 1,N,Y,0.29601526549893636,gwas_credible_sets|eva|europepmc,Y,N,OpenTargets_Platform|ClinVar
IL20RB,interleukin 20 receptor subunit beta,N,Y,0.03528740836282725,gwas_credible_sets,N,N,OpenTargets_Platform
IL31,interleukin 31,N,Y,0.018853026787197816,gwas_credible_sets|europepmc,N,N,OpenTargets_Platform
IL4R,interleukin 4 receptor,N,Y,0.023241050045375144,gwas_credible_sets|europepmc|expression_atlas,N,N,OpenTargets_Platform
IL5RA,interleukin 5 receptor subunit alpha,N,Y,0.038578228178663465,gwas_credible_sets,N,N,OpenTargets_Platform
IL6R,interleukin 6 receptor,N,Y,0.044619352525839165,clinical_precedence|europepmc,N,N,OpenTargets_Platform
IMMP1L,,N,N,,,Y,N,ClinVar
IMMP2L,inner mitochondrial membrane peptidase subunit 2,N,Y,0.4725254881885409,gwas_credible_sets|europepmc,N,N,OpenTargets_Platform
IMPA1,inositol monophosphatase 1,N,Y,0.269547523316467,clinical_precedence|impc,N,N,OpenTargets_Platform
INAVA,innate immunity activator,N,Y,0.40218251255422915,gwas_credible_sets,N,N,OpenTargets_Platform
INHBE,inhibin subunit beta E,N,Y,0.2110354866489385,gwas_credible_sets,N,N,OpenTargets_Platform
INO80E,INO80 complex subunit E,N,Y,0.12811589271562432,gwas_credible_sets|europepmc,N,N,OpenTargets_Platform
INPP4B,inositol polyphosphate-4-phosphatase type II B,N,Y,0.2921283526299546,gwas_credible_sets|europepmc,N,N,OpenTargets_Platform
INSR,insulin receptor,N,Y,0.03827243114188338,europepmc|clinical_precedence,N,N,OpenTargets_Platform
INSYN2A,inhibitory synaptic factor 2A,N,Y,0.02369865335723507,gwas_credible_sets,N,N,OpenTargets_Platform
INTS14,integrator complex subunit 14,N,Y,0.06801643928795287,gwas_credible_sets,N,N,OpenTargets_Platform
IP6K2,inositol hexakisphosphate kinase 2,N,Y,0.042627750386053986,gwas_credible_sets,N,N,OpenTargets_Platform
IP6K3,inositol hexakisphosphate kinase 3,N,Y,0.29874013618091977,gwas_credible_sets|europepmc,N,N,OpenTargets_Platform
IPO13,importin 13,N,Y,0.03942945586916678,gwas_credible_sets|europepmc,N,N,OpenTargets_Platform
IQANK1,IQ motif and ankyrin repeat containing 1,N,Y,0.11739147502246,gwas_credible_sets,N,N,OpenTargets_Platform
IRAK1BP1,interleukin 1 receptor associated kinase 1 binding protein 1,N,Y,0.3400134663099256,eva,Y,N,OpenTargets_Platform|ClinVar
IREB2,iron responsive element binding protein 2,N,Y,0.1837488363246224,gwas_credible_sets|europepmc,N,N,OpenTargets_Platform
IRF3,interferon regulatory factor 3,N,Y,0.3206769330403833,gwas_credible_sets|europepmc,N,N,OpenTargets_Platform
IRS1,insulin receptor substrate 1,N,Y,0.1514393938871235,gwas_credible_sets|europepmc,N,N,OpenTargets_Platform
IRX1,iroquois homeobox 1,N,Y,0.28506747821639666,gwas_credible_sets,N,N,OpenTargets_Platform
IRX3,iroquois homeobox 3,N,Y,0.17298301963286847,gwas_credible_sets,N,N,OpenTargets_Platform
ITFG2,integrin alpha FG-GAP repeat containing 2,N,Y,0.022455414088422828,gwas_credible_sets,N,N,OpenTargets_Platform
ITGA1,integrin subunit alpha 1,N,Y,0.31536602840699435,gwas_credible_sets|europepmc,N,N,OpenTargets_Platform
ITGA4,integrin subunit alpha 4,N,Y,0.03695798546847018,clinical_precedence,N,N,OpenTargets_Platform
ITGA6,integrin subunit alpha 6,N,Y,0.16775443044881316,gwas_credible_sets|europepmc,Y,N,OpenTargets_Platform|ClinVar
ITGA7,integrin subunit alpha 7,N,Y,0.120488156144781,gwas_credible_sets,N,N,OpenTargets_Platform
ITGB1,integrin subunit beta 1,N,Y,0.08494747332785318,impc|clinical_precedence|europepmc,N,N,OpenTargets_Platform
ITGB6,integrin subunit beta 6,N,Y,0.02072211525677833,gwas_credible_sets,N,N,OpenTargets_Platform
ITGB7,integrin subunit beta 7,N,Y,0.07335214587444801,gwas_credible_sets|clinical_precedence,N,N,OpenTargets_Platform
ITGBL1,integrin subunit beta like 1,N,Y,0.035164623248967804,gwas_credible_sets,N,N,OpenTargets_Platform
ITIH1,inter-alpha-trypsin inhibitor heavy chain 1,N,Y,0.22580098607920276,gwas_credible_sets|europepmc,N,N,OpenTargets_Platform
ITIH3,inter-alpha-trypsin inhibitor heavy chain 3,N,Y,0.43838781363331925,gwas_credible_sets|europepmc,N,N,OpenTargets_Platform
ITIH4,inter-alpha-trypsin inhibitor heavy chain 4,N,Y,0.3120365162526411,gwas_credible_sets|europepmc,N,N,OpenTargets_Platform
ITPR3,"inositol 1,4,5-trisphosphate receptor type 3",N,Y,0.19402502061771862,gwas_credible_sets|europepmc,N,N,OpenTargets_Platform
ITSN2,intersectin 2,N,Y,0.27181391300085533,gwas_credible_sets|impc|europepmc,N,N,OpenTargets_Platform
JAM2,junctional adhesion molecule 2,Y,N,,,N,N,OMIM
JAM3,,N,N,,,Y,N,ClinVar
JMJD1C,jumonji domain containing 1C,N,Y,0.04443573403496747,gwas_credible_sets|europepmc,N,N,OpenTargets_Platform
JRK,Jrk helix-turn-helix protein,N,Y,0.21201545432745578,gwas_credible_sets,N,N,OpenTargets_Platform
KANK1,,N,N,,,Y,N,ClinVar
KANSL1,KAT8 regulatory NSL complex subunit 1,N,Y,0.12686497193918378,gwas_credible_sets|europepmc,N,N,OpenTargets_Platform
KAT5,lysine acetyltransferase 5,N,Y,0.03402764591238783,gwas_credible_sets|europepmc,N,N,OpenTargets_Platform
KATNAL2,katanin catalytic subunit A1 like 2,N,Y,0.07476381722568463,gwas_credible_sets,Y,N,OpenTargets_Platform|ClinVar
KATNIP,katanin interacting protein,N,Y,0.2400483322862976,gwas_credible_sets,N,N,OpenTargets_Platform
KBTBD2,kelch repeat and BTB domain containing 2,N,Y,0.028667482809327058,gwas_credible_sets,N,N,OpenTargets_Platform
KCNB1,potassium voltage-gated channel subfamily B member 1,N,Y,0.457876555683454,gwas_credible_sets|europepmc,N,N,OpenTargets_Platform
KCNC2,potassium voltage-gated channel subfamily C member 2,N,Y,0.20377212353722884,gwas_credible_sets|europepmc,N,N,OpenTargets_Platform
KCND3,potassium voltage-gated channel subfamily D member 3,N,Y,0.2958586188013293,gwas_credible_sets|impc|europepmc,N,N,OpenTargets_Platform
KCNF1,potassium voltage-gated channel modifier subfamily F member 1,N,Y,0.06985783031815362,impc|gwas_credible_sets,N,N,OpenTargets_Platform
KCNG2,potassium voltage-gated channel modifier subfamily G member 2,N,Y,0.46079933315074845,gwas_credible_sets,N,N,OpenTargets_Platform
KCNH2,potassium voltage-gated channel subfamily H member 2,Y,N,0.060867078908415216,europepmc,N,N,OMIM
KCNH8,potassium voltage-gated channel subfamily H member 8,N,Y,0.055155092524415084,gwas_credible_sets|europepmc,N,N,OpenTargets_Platform
KCNJ13,potassium inwardly rectifying channel subfamily J member 13,N,Y,0.07580470107944688,gwas_credible_sets|europepmc,N,N,OpenTargets_Platform
KCNJ6,potassium inwardly rectifying channel subfamily J member 6,N,Y,0.11931331238713569,eva|impc,Y,N,OpenTargets_Platform|ClinVar
KCNJ6-AS1,,N,N,,,Y,N,ClinVar
KCNN2,potassium calcium-activated channel subfamily N member 2,N,Y,0.2143715442093481,gwas_credible_sets|europepmc,N,N,OpenTargets_Platform
KCNN3,potassium calcium-activated channel subfamily N member 3,Y,N,0.06573509593831496,europepmc,N,N,OMIM
KCNQ5,potassium voltage-gated channel subfamily Q member 5,N,Y,0.44039032673608086,gwas_credible_sets|europepmc,N,N,OpenTargets_Platform
KCNT1,potassium sodium-activated channel subfamily T member 1,N,Y,0.12450406144618234,eva|impc,Y,N,OpenTargets_Platform|ClinVar
KCNU1,potassium calcium-activated channel subfamily U member 1,N,Y,0.3022446466934766,gwas_credible_sets,N,N,OpenTargets_Platform
KCNV1,potassium voltage-gated channel modifier subfamily V member 1,N,Y,0.3160545854686625,gwas_credible_sets,N,N,OpenTargets_Platform
KCTD13,potassium channel tetramerization domain containing 13,N,Y,0.18684839639645073,gwas_credible_sets|europepmc,N,N,OpenTargets_Platform
KDM2B,lysine demethylase 2B,Y,N,0.0073915970936940375,europepmc,N,N,OMIM
KDM3B,lysine demethylase 3B,N,Y,0.052393781031422705,gwas_credible_sets|europepmc,N,N,OpenTargets_Platform
KDM4A,lysine demethylase 4A,N,Y,0.0906276274052547,gwas_credible_sets|europepmc,N,N,OpenTargets_Platform
KIAA0513,KIAA0513,Y,N,0.00201215698661671,europepmc,N,N,OMIM
KIAA1328,KIAA1328,N,Y,0.048639633170022525,gwas_credible_sets,N,N,OpenTargets_Platform
KIAA1586,,N,N,,,Y,N,ClinVar
KIF18A,kinesin family member 18A,N,Y,0.29861462730891836,gwas_credible_sets,N,N,OpenTargets_Platform
KIF21A,kinesin family member 21A,N,Y,0.029696777160232737,gwas_credible_sets|europepmc,N,N,OpenTargets_Platform
KIF21B,kinesin family member 21B,N,Y,0.15350012935928317,gwas_credible_sets|europepmc,N,N,OpenTargets_Platform
KIF3B,kinesin family member 3B,Y,N,0.002751316695986113,europepmc,N,N,OMIM
KIF5A,kinesin family member 5A,N,Y,0.11087395640541053,eva,Y,N,OpenTargets_Platform|ClinVar
KIF5C,kinesin family member 5C,N,Y,0.06527336032120001,gwas_credible_sets|europepmc,N,N,OpenTargets_Platform
KIFC2,kinesin family member C2,N,Y,0.07199972505292652,gwas_credible_sets,N,N,OpenTargets_Platform
KIT,"KIT proto-oncogene, receptor tyrosine kinase",N,Y,0.11179790604212228,eva|europepmc,Y,N,OpenTargets_Platform|ClinVar
KIZ,kizuna centrosomal protein,N,Y,0.3617805964557988,gwas_credible_sets,N,N,OpenTargets_Platform
KLC1,kinesin light chain 1,N,Y,0.25601455150817465,gwas_credible_sets|europepmc,N,N,OpenTargets_Platform
KLC2,kinesin light chain 2,N,Y,0.022076737018386132,gwas_credible_sets,N,N,OpenTargets_Platform
KLF10,KLF transcription factor 10,N,Y,0.4179331496400973,gwas_credible_sets,N,N,OpenTargets_Platform
KLF12,KLF transcription factor 12,N,Y,0.356798332264959,gwas_credible_sets,N,N,OpenTargets_Platform
KLF13,KLF transcription factor 13,Y,N,0.00406537840153172,europepmc,N,N,OMIM
KLF15,KLF transcription factor 15,N,Y,0.054921123301693596,gwas_credible_sets|expression_atlas,N,N,OpenTargets_Platform
KLF6,KLF transcription factor 6,N,Y,0.4747391885678094,gwas_credible_sets|europepmc,N,N,OpenTargets_Platform
KLF7,KLF transcription factor 7,N,Y,0.3127446150872472,gwas_credible_sets,N,N,OpenTargets_Platform
KLHDC8B,kelch domain containing 8B,N,Y,0.05978328773594071,gwas_credible_sets,N,N,OpenTargets_Platform
KLHL2,kelch like family member 2,N,Y,0.07917950387097157,gwas_credible_sets,N,N,OpenTargets_Platform
KLHL34,kelch like family member 34,N,Y,0.02705265695055101,gwas_credible_sets,N,N,OpenTargets_Platform
KLHL41,kelch like family member 41,N,Y,0.03381311342334042,gwas_credible_sets|europepmc,N,N,OpenTargets_Platform
KMT2E,lysine methyltransferase 2E (inactive),N,Y,0.29089609729342786,gwas_credible_sets,N,N,OpenTargets_Platform
KMT5A,lysine methyltransferase 5A,N,Y,0.02575198891251073,europepmc|gwas_credible_sets,N,N,OpenTargets_Platform
KMT5B,lysine methyltransferase 5B,N,Y,0.11189030100579346,eva|europepmc,Y,N,OpenTargets_Platform|ClinVar
KYNU,kynureninase,N,Y,0.02765701079450478,gwas_credible_sets|europepmc,N,N,OpenTargets_Platform
L3MBTL2,L3MBTL histone methyl-lysine binding protein 2,N,Y,0.11848051608092389,gwas_credible_sets|europepmc,N,N,OpenTargets_Platform
LACC1,laccase domain containing 1,N,Y,0.06660132161920275,gwas_credible_sets,N,N,OpenTargets_Platform
LAMA2,laminin subunit alpha 2,N,Y,0.11280911758896793,eva|europepmc,Y,N,OpenTargets_Platform|ClinVar
LAP3,leucine aminopeptidase 3,N,Y,0.033173322310814636,gwas_credible_sets|europepmc,N,N,OpenTargets_Platform
LARS2,"leucyl-tRNA synthetase 2, mitochondrial",N,Y,0.04316075924462704,gwas_credible_sets|europepmc,N,N,OpenTargets_Platform
LEPR,leptin receptor,N,Y,0.04033930589426451,gwas_credible_sets|europepmc,N,N,OpenTargets_Platform
LEPROT,leptin receptor overlapping transcript,N,Y,0.0325891732603048,gwas_credible_sets,N,N,OpenTargets_Platform
LETM2,leucine zipper and EF-hand containing transmembrane protein 2,N,Y,0.1350024629725615,gwas_credible_sets,N,N,OpenTargets_Platform
LGSN,"lengsin, lens protein with glutamine synthetase domain",N,Y,0.27072379224133186,gwas_credible_sets,N,N,OpenTargets_Platform
LHFPL6,LHFPL tetraspan subfamily member 6,N,Y,0.027739357747231488,gwas_credible_sets|europepmc,N,N,OpenTargets_Platform
LIN28B,lin-28 RNA binding posttranscriptional regulator B,N,Y,0.3844561718626965,gwas_credible_sets,N,N,OpenTargets_Platform
LINC00397,,N,N,,,Y,N,ClinVar
LINC02371,,N,N,,,Y,N,ClinVar
LINC03051,long intergenic non-protein coding RNA 3051,N,Y,0.21816810757893368,gwas_credible_sets,N,N,OpenTargets_Platform
LINGO1,leucine rich repeat and Ig domain containing 1,N,Y,0.2794123353073043,gwas_credible_sets|europepmc,N,N,OpenTargets_Platform
LINS1,lines homolog 1,N,Y,0.06670218239854778,gwas_credible_sets|europepmc,N,N,OpenTargets_Platform
LIPI,lipase I,N,Y,0.02002981455038343,gwas_credible_sets,N,N,OpenTargets_Platform
LLPH,"LLP homolog, long-term synaptic facilitation factor",N,Y,0.10247776401405542,gwas_credible_sets,N,N,OpenTargets_Platform
LMAN2L,"lectin, mannose binding 2 like",N,Y,0.33812565510936765,gwas_credible_sets|europepmc,N,N,OpenTargets_Platform
LMOD3,leiomodin 3,N,Y,0.03789745673054632,gwas_credible_sets,N,N,OpenTargets_Platform
LMX1A,LIM homeobox transcription factor 1 alpha,N,Y,0.11350207981650175,eva|europepmc,Y,N,OpenTargets_Platform|ClinVar
LNCR-SMAL,,N,N,,,Y,N,ClinVar
LOC107325936,,N,N,,,Y,N,ClinVar
LOC107652445,,N,N,,,Y,N,ClinVar
LOC108281129,,N,N,,,Y,N,ClinVar
LOC110121203,,N,N,,,Y,N,ClinVar
LOC110121499,,N,N,,,Y,N,ClinVar
LOC111674472,,N,N,,,Y,N,ClinVar
LOC112533681,,N,N,,,Y,N,ClinVar
LOC112806062,,N,N,,,Y,N,ClinVar
LOC113743971,,N,N,,,Y,N,ClinVar
LOC121627822,,N,N,,,Y,N,ClinVar
LOC122455341,,N,N,,,Y,N,ClinVar
LOC123987604,,N,N,,,Y,N,ClinVar
LOC123987605,,N,N,,,Y,N,ClinVar
LOC124210610,,N,N,,,Y,N,ClinVar
LOC125368541,,N,N,,,Y,N,ClinVar
LOC126806366,,N,N,,,Y,N,ClinVar
LOC126806367,,N,N,,,Y,N,ClinVar
LOC126859869,,N,N,,,Y,N,ClinVar
LOC126859870,,N,N,,,Y,N,ClinVar
LOC126859871,,N,N,,,Y,N,ClinVar
LOC126860236,,N,N,,,Y,N,ClinVar
LOC126860264,,N,N,,,Y,N,ClinVar
LOC126860265,,N,N,,,Y,N,ClinVar
LOC126860271,,N,N,,,Y,N,ClinVar
LOC126860272,,N,N,,,Y,N,ClinVar
LOC126860273,,N,N,,,Y,N,ClinVar
LOC126860346,,N,N,,,Y,N,ClinVar
LOC126860387,,N,N,,,Y,N,ClinVar
LOC126860388,,N,N,,,Y,N,ClinVar
LOC126861813,,N,N,,,Y,N,ClinVar
LOC126862688,,N,N,,,Y,N,ClinVar
LOC126862689,,N,N,,,Y,N,ClinVar
LOC129389951,,N,N,,,Y,N,ClinVar
LOC129389987,,N,N,,,Y,N,ClinVar
LOC129390272,,N,N,,,Y,N,ClinVar
LOC129390273,,N,N,,,Y,N,ClinVar
LOC129390274,,N,N,,,Y,N,ClinVar
LOC129390761,,N,N,,,Y,N,ClinVar
LOC129390812,,N,N,,,Y,N,ClinVar
LOC129390992,,N,N,,,Y,N,ClinVar
LOC129391296,,N,N,,,Y,N,ClinVar
LOC129391297,,N,N,,,Y,N,ClinVar
LOC129931087,,N,N,,,Y,N,ClinVar
LOC129931088,,N,N,,,Y,N,ClinVar
LOC129934887,,N,N,,,Y,N,ClinVar
LOC129934888,,N,N,,,Y,N,ClinVar
LOC129935324,,N,N,,,Y,N,ClinVar
LOC129935325,,N,N,,,Y,N,ClinVar
LOC129992362,,N,N,,,Y,N,ClinVar
LOC129999767,,N,N,,,Y,N,ClinVar
LOC129999768,,N,N,,,Y,N,ClinVar
LOC129999848,,N,N,,,Y,N,ClinVar
LOC129999849,,N,N,,,Y,N,ClinVar
LOC130000361,,N,N,,,Y,N,ClinVar
LOC130000362,,N,N,,,Y,N,ClinVar
LOC130000363,,N,N,,,Y,N,ClinVar
LOC130000364,,N,N,,,Y,N,ClinVar
LOC130000365,,N,N,,,Y,N,ClinVar
LOC130000366,,N,N,,,Y,N,ClinVar
LOC130000367,,N,N,,,Y,N,ClinVar
LOC130000825,,N,N,,,Y,N,ClinVar
LOC130001477,,N,N,,,Y,N,ClinVar
LOC130001478,,N,N,,,Y,N,ClinVar
LOC130001479,,N,N,,,Y,N,ClinVar
LOC130001480,,N,N,,,Y,N,ClinVar
LOC130001481,,N,N,,,Y,N,ClinVar
LOC130001482,,N,N,,,Y,N,ClinVar
LOC130002464,,N,N,,,Y,N,ClinVar
LOC130002465,,N,N,,,Y,N,ClinVar
LOC130002466,,N,N,,,Y,N,ClinVar
LOC130006541,,N,N,,,Y,N,ClinVar
LOC130006542,,N,N,,,Y,N,ClinVar
LOC130007181,,N,N,,,Y,N,ClinVar
LOC130065435,,N,N,,,Y,N,ClinVar
LOC130065436,,N,N,,,Y,N,ClinVar
LOC286083,,N,N,,,Y,N,ClinVar
LONRF2,LON peptidase N-terminal domain and ring finger 2,N,Y,0.030506555082152168,gwas_credible_sets,N,N,OpenTargets_Platform
LPAR2,lysophosphatidic acid receptor 2,N,Y,0.22067337847239882,gwas_credible_sets|europepmc,N,N,OpenTargets_Platform
LPCAT1,lysophosphatidylcholine acyltransferase 1,N,Y,0.3001085480148329,gwas_credible_sets,N,N,OpenTargets_Platform
LPCAT4,lysophosphatidylcholine acyltransferase 4,N,Y,0.33888672773155193,gwas_credible_sets,N,N,OpenTargets_Platform
LPP,LIM domain containing preferred translocation partner in lipoma,N,Y,0.38184813955008506,gwas_credible_sets,Y,N,OpenTargets_Platform|ClinVar
LRBA,LPS responsive beige-like anchor protein,N,Y,0.11087395640541053,eva,Y,N,OpenTargets_Platform|ClinVar
LRGUK,leucine rich repeats and guanylate kinase domain containing,N,Y,0.21213661617558296,gwas_credible_sets,N,N,OpenTargets_Platform
LRIF1,ligand dependent nuclear receptor interacting factor 1,N,Y,0.044803380556292495,gwas_credible_sets,N,N,OpenTargets_Platform
LRP1,LDL receptor related protein 1,N,Y,0.04144473661058644,gwas_credible_sets|europepmc,N,N,OpenTargets_Platform
LRP1B,LDL receptor related protein 1B,N,Y,0.24209527084869573,gwas_credible_sets|europepmc,N,N,OpenTargets_Platform
LRP2,LDL receptor related protein 2,N,Y,0.0242110989782463,gwas_credible_sets|europepmc,N,N,OpenTargets_Platform
LRP8,LDL receptor related protein 8,N,Y,0.167370974097559,gwas_credible_sets|europepmc,N,N,OpenTargets_Platform
LRRC37A,leucine rich repeat containing 37A,N,Y,0.10592069373134957,gwas_credible_sets|europepmc,N,N,OpenTargets_Platform
LRRC37A2,leucine rich repeat containing 37 member A2,N,Y,0.026672425614239322,gwas_credible_sets|europepmc,N,N,OpenTargets_Platform
LRRC3B,leucine rich repeat containing 3B,N,Y,0.199062570837462,gwas_credible_sets,N,N,OpenTargets_Platform
LRRC43,leucine rich repeat containing 43,N,Y,0.03727095652060092,gwas_credible_sets,N,N,OpenTargets_Platform
LRRC4B,leucine rich repeat containing 4B,N,Y,0.07975549874158107,gwas_credible_sets|europepmc,N,N,OpenTargets_Platform
LRRN1,leucine rich repeat neuronal 1,N,Y,0.018881347403721976,gwas_credible_sets|europepmc,N,N,OpenTargets_Platform
LRRN2,leucine rich repeat neuronal 2,N,Y,0.3064889557470056,gwas_credible_sets,N,N,OpenTargets_Platform
LRRN3,leucine rich repeat neuronal 3,N,Y,0.12852379043497367,gwas_credible_sets|europepmc,N,N,OpenTargets_Platform
LRTM2,leucine rich repeat transmembrane protein 2,N,Y,0.04086955403808866,gwas_credible_sets|expression_atlas,N,N,OpenTargets_Platform
LSM1,"LSM1 homolog, mRNA degradation associated",N,Y,0.1446347206690447,gwas_credible_sets|europepmc,N,N,OpenTargets_Platform
LSM10,"LSM10, U7 small nuclear RNA associated",N,Y,0.03535230412612057,gwas_credible_sets,N,N,OpenTargets_Platform
LSM5,"LSM5 homolog, U6 small nuclear RNA and mRNA degradation associated",N,Y,0.19212721670064048,gwas_credible_sets,N,N,OpenTargets_Platform
LSMEM2,leucine rich single-pass membrane protein 2,N,Y,0.021670093167432795,gwas_credible_sets,N,N,OpenTargets_Platform
LTF,lactotransferrin,N,Y,0.286862156737402,gwas_credible_sets|europepmc,N,N,OpenTargets_Platform
LUZP2,leucine zipper protein 2,N,Y,0.32989097597988976,gwas_credible_sets|europepmc,N,N,OpenTargets_Platform
LYPD6,LY6/PLAUR domain containing 6,N,Y,0.29342227299817725,gwas_credible_sets|europepmc,N,N,OpenTargets_Platform
LYPLAL1,lysophospholipase like 1,N,Y,0.1929358883623405,gwas_credible_sets,N,N,OpenTargets_Platform
LYSMD3,LysM domain containing 3,N,Y,0.03454386204452779,gwas_credible_sets,N,N,OpenTargets_Platform
LYSMD4,LysM domain containing 4,N,Y,0.24864068342842582,gwas_credible_sets,N,N,OpenTargets_Platform
MAB21L1,mab-21 like 1,N,Y,0.09204928968809552,gwas_credible_sets,N,N,OpenTargets_Platform
MACF1,microtubule actin crosslinking factor 1,N,Y,0.243073954641858,gwas_credible_sets|europepmc,N,N,OpenTargets_Platform
MACROD2,mono-ADP ribosylhydrolase 2,N,N,0.05274961935379377,impc|europepmc,Y,N,ClinVar
MAD1L1,mitotic arrest deficient 1 like 1,N,Y,0.4650660129512132,gwas_credible_sets|europepmc,N,N,OpenTargets_Platform
MAF,MAF bZIP transcription factor,N,N,0.004866134753348573,europepmc,Y,N,ClinVar
MAFD1,major affective disorder 1,Y,N,,,N,N,OMIM
MAFD2,major affective disorder 2,Y,N,,,N,N,OMIM
MAFK,MAF bZIP transcription factor K,N,Y,0.03959557133607111,gwas_credible_sets,N,N,OpenTargets_Platform
MAG,myelin associated glycoprotein,Y,N,0.06622539971483095,europepmc|expression_atlas,N,N,OMIM
MAGI1,"membrane associated guanylate kinase, WW and PDZ domain containing 1",Y,N,0.009036500045938563,europepmc,N,N,OMIM
MAGI2,"membrane associated guanylate kinase, WW and PDZ domain containing 2",N,Y,0.27484376526421345,gwas_credible_sets|eva|europepmc,Y,N,OpenTargets_Platform|ClinVar
MAGOH,"mago homolog, exon junction complex subunit",N,Y,0.029268543493502407,gwas_credible_sets,N,N,OpenTargets_Platform
MAIP1,matrix AAA peptidase interacting protein 1,N,Y,0.3781202934683172,gwas_credible_sets,N,N,OpenTargets_Platform
MAK16,MAK16 homolog,N,Y,0.025638864162091646,europepmc|gwas_credible_sets,N,N,OpenTargets_Platform
MAML2,mastermind like transcriptional coactivator 2,N,Y,0.17431675683287903,gwas_credible_sets,N,N,OpenTargets_Platform
MAML3,mastermind like transcriptional coactivator 3,N,Y,0.14043679966130795,gwas_credible_sets|europepmc,N,N,OpenTargets_Platform
MAMSTR,MEF2 activating motif and SAP domain containing transcriptional regulator,N,Y,0.1068920683599262,gwas_credible_sets,N,N,OpenTargets_Platform
MAN2A1,mannosidase alpha class 2A member 1,N,Y,0.4547037155312856,gwas_credible_sets,N,N,OpenTargets_Platform
MANBA,mannosidase beta,N,Y,0.04889985666635587,gwas_credible_sets|europepmc,N,N,OpenTargets_Platform
MANEA,mannosidase endo-alpha,N,Y,0.04766972790996864,gwas_credible_sets|europepmc,N,N,OpenTargets_Platform
MANF,mesencephalic astrocyte derived neurotrophic factor,N,Y,0.04173495313013169,gwas_credible_sets|europepmc,N,N,OpenTargets_Platform
MAOB,monoamine oxidase B,Y,Y,0.10333875045271226,europepmc|impc|clinical_precedence,N,N,OMIM|OpenTargets_Platform
MAP1LC3B,microtubule associated protein 1 light chain 3 beta,N,Y,0.04395020832778824,europepmc|gwas_credible_sets,N,N,OpenTargets_Platform
MAP3K1,mitogen-activated protein kinase kinase kinase 1,N,Y,0.03507406261314337,gwas_credible_sets|europepmc,N,N,OpenTargets_Platform
MAP3K11,mitogen-activated protein kinase kinase kinase 11,N,Y,0.035663583773677975,gwas_credible_sets,N,N,OpenTargets_Platform
MAP4,microtubule associated protein 4,N,Y,0.21585589051717974,gwas_credible_sets|europepmc,N,N,OpenTargets_Platform
MAPK3,mitogen-activated protein kinase 3,N,Y,0.07936465940883404,impc|gwas_credible_sets|europepmc,N,N,OpenTargets_Platform
MAPKAPK3,MAPK activated protein kinase 3,N,Y,0.0928535311765422,gwas_credible_sets,N,N,OpenTargets_Platform
MAPT,microtubule associated protein tau,Y,Y,0.3365950266659482,gwas_credible_sets|impc|europepmc,N,N,OMIM|OpenTargets_Platform
MARCHF5,membrane associated ring-CH-type finger 5,N,Y,0.20410715965974646,gwas_credible_sets,N,N,OpenTargets_Platform
MARK2,microtubule affinity regulating kinase 2,N,Y,0.03509401309191403,gwas_credible_sets|europepmc,N,N,OpenTargets_Platform
MAU2,MAU2 sister chromatid cohesion factor,N,Y,0.11478786734281297,gwas_credible_sets|europepmc,N,N,OpenTargets_Platform
MBD5,methyl-CpG binding domain protein 5,N,N,0.01140318109415498,europepmc,Y,N,ClinVar
MBLAC2,metallo-beta-lactamase domain containing 2,N,Y,0.025388376714256835,gwas_credible_sets,N,N,OpenTargets_Platform
MBTPS1,"membrane bound transcription factor peptidase, site 1",N,Y,0.03039422686525487,europepmc|gwas_credible_sets,N,N,OpenTargets_Platform
MC4R,melanocortin 4 receptor,N,Y,0.1119980951300765,eva|europepmc,Y,N,OpenTargets_Platform|ClinVar
MCC,MCC regulator of Wnt signaling pathway,N,Y,0.10244884997577638,gwas_credible_sets|europepmc|expression_atlas,N,N,OpenTargets_Platform
MCHR1,melanin concentrating hormone receptor 1,N,Y,0.103458834149841,gwas_credible_sets|europepmc|expression_atlas,N,N,OpenTargets_Platform
MCM9,minichromosome maintenance 9 homologous recombination repair factor,N,Y,0.13849906594939151,gwas_credible_sets,N,N,OpenTargets_Platform
MCPH1,microcephalin 1,N,Y,0.19410218762431256,gwas_credible_sets|europepmc,N,N,OpenTargets_Platform
MDFIC,MyoD family inhibitor domain containing,N,Y,0.019972701077594333,gwas_credible_sets,N,N,OpenTargets_Platform
MDGA2,MAM domain containing glycosylphosphatidylinositol anchor 2,N,Y,0.17152223546118203,gwas_credible_sets|europepmc,N,N,OpenTargets_Platform
MDK,midkine,N,Y,0.1823468670307149,gwas_credible_sets|europepmc,N,N,OpenTargets_Platform
ME1,malic enzyme 1,N,Y,0.026269165786457462,gwas_credible_sets,N,N,OpenTargets_Platform
MECP2,methyl-CpG binding protein 2,Y,Y,0.12756816586077444,eva|impc|europepmc,Y,N,OMIM|OpenTargets_Platform|ClinVar
MED19,mediator complex subunit 19,N,Y,0.08559456961249307,gwas_credible_sets|europepmc,N,N,OpenTargets_Platform
MEF2C,myocyte enhancer factor 2C,N,Y,0.38488988114056993,gwas_credible_sets|europepmc,N,N,OpenTargets_Platform
MEIS2,Meis homeobox 2,N,Y,0.1994263532733237,gwas_credible_sets|europepmc,N,N,OpenTargets_Platform
MEST,,N,N,,,Y,N,ClinVar
METAP1D,"methionyl aminopeptidase type 1D, mitochondrial",N,Y,0.03414171066667695,gwas_credible_sets,N,N,OpenTargets_Platform
METTL15,"methyltransferase 15, mitochondrial 12S rRNA N4-cytidine",N,Y,0.11656914141304718,gwas_credible_sets,N,N,OpenTargets_Platform
MFAP1,microfibril associated protein 1,N,Y,0.06384018845660298,gwas_credible_sets|europepmc,N,N,OpenTargets_Platform
MFAP3,microfibril associated protein 3,N,Y,0.026291175187320624,gwas_credible_sets,N,N,OpenTargets_Platform
MFGE8,milk fat globule EGF and factor V/VIII domain containing,N,Y,0.23124108030777937,gwas_credible_sets|europepmc,N,N,OpenTargets_Platform
MGAT5,"alpha-1,6-mannosylglycoprotein 6-beta-N-acetylglucosaminyltransferase",N,Y,0.34597211316157667,gwas_credible_sets|europepmc,N,N,OpenTargets_Platform
MGST2,microsomal glutathione S-transferase 2,N,Y,0.0733337486257245,gwas_credible_sets,N,N,OpenTargets_Platform
MICALL2,MICAL like 2,N,Y,0.054275898460525634,gwas_credible_sets,N,N,OpenTargets_Platform
MINDY2,MINDY lysine 48 deubiquitinase 2,N,Y,0.2126116992732162,gwas_credible_sets|europepmc,N,N,OpenTargets_Platform
MIR130B,microRNA 130b,Y,N,0.0014783194187388072,europepmc,N,N,OMIM
MIR4500,,N,N,,,Y,N,ClinVar
MIR4500HG,,N,N,,,Y,N,ClinVar
MIR4686,microRNA 4686,N,Y,0.007391597093694037,eva,N,N,OpenTargets_Platform
MIR548BB,,N,N,,,Y,N,ClinVar
MIR558,,N,N,,,Y,N,ClinVar
MLC1,modulator of VRAC current 1,Y,N,0.03075186627877073,europepmc|expression_atlas,N,N,OMIM
MLEC,malectin,N,Y,0.03893045569283989,gwas_credible_sets,N,N,OpenTargets_Platform
MLF2,myeloid leukemia factor 2,N,Y,0.23906926778349444,gwas_credible_sets,N,N,OpenTargets_Platform
MLX,MAX dimerization protein MLX,N,Y,0.12627762261579503,gwas_credible_sets,N,N,OpenTargets_Platform
MLXIP,MLX interacting protein,N,Y,0.27571548776501853,gwas_credible_sets,N,N,OpenTargets_Platform
MLXIPL,MLX interacting protein like,Y,N,,,N,N,OMIM
MMP16,matrix metallopeptidase 16,N,Y,0.484576529884472,gwas_credible_sets|impc|europepmc,N,N,OpenTargets_Platform
MMP20,matrix metallopeptidase 20,N,Y,0.11087395640541053,eva,Y,N,OpenTargets_Platform|ClinVar
MMRN1,multimerin 1,N,Y,0.040809642382836464,gwas_credible_sets|europepmc,N,N,OpenTargets_Platform
MOB4,"MOB family member 4, phocein",N,Y,0.07491410049099112,gwas_credible_sets|europepmc,N,N,OpenTargets_Platform
MOCS2,molybdenum cofactor synthesis 2,N,Y,0.2706313819457022,gwas_credible_sets,N,N,OpenTargets_Platform
MON1A,MON1 vesicular trafficking associated A,N,Y,0.07534666580608776,gwas_credible_sets|impc|europepmc,N,N,OpenTargets_Platform
MORN5,MORN repeat containing 5,N,Y,0.02087806589140683,gwas_credible_sets,N,N,OpenTargets_Platform
MPC2,mitochondrial pyruvate carrier 2,N,Y,0.07811917503416266,gwas_credible_sets|europepmc,N,N,OpenTargets_Platform
MPHOSPH9,M-phase phosphoprotein 9,N,Y,0.328156749964668,gwas_credible_sets|europepmc,N,N,OpenTargets_Platform
MPO,myeloperoxidase,Y,N,0.03181979887764537,europepmc,N,N,OMIM
MRM2,mitochondrial rRNA methyltransferase 2,N,Y,0.09357211784722863,gwas_credible_sets|europepmc,N,N,OpenTargets_Platform
MROH5,maestro heat like repeat family member 5 (gene/pseudogene),N,Y,0.10505138524017192,gwas_credible_sets,N,N,OpenTargets_Platform
MROH6,maestro heat like repeat family member 6,N,Y,0.2962631782828421,gwas_credible_sets,N,N,OpenTargets_Platform
MRPL19,mitochondrial ribosomal protein L19,N,Y,0.028223797739756026,gwas_credible_sets,N,N,OpenTargets_Platform
MRPL33,mitochondrial ribosomal protein L33,N,Y,0.2764205914412843,gwas_credible_sets|europepmc,N,N,OpenTargets_Platform
MRPS15,mitochondrial ribosomal protein S15,N,Y,0.11259157935588728,gwas_credible_sets,N,N,OpenTargets_Platform
MRPS21,mitochondrial ribosomal protein S21,N,Y,0.05976661202824306,gwas_credible_sets,N,N,OpenTargets_Platform
MRPS30,mitochondrial ribosomal protein S30,N,Y,0.38674692421837814,gwas_credible_sets|europepmc,N,N,OpenTargets_Platform
MRPS33,mitochondrial ribosomal protein S33,N,Y,0.30246108319292475,gwas_credible_sets|europepmc,N,N,OpenTargets_Platform
MRRF,mitochondrial ribosome recycling factor,N,Y,0.01924741105216514,gwas_credible_sets,N,N,OpenTargets_Platform
MRTFA,myocardin related transcription factor A,N,Y,0.3785163788940531,gwas_credible_sets|europepmc,N,N,OpenTargets_Platform
MRTFB,myocardin related transcription factor B,N,Y,0.050645132758646585,gwas_credible_sets|europepmc,N,N,OpenTargets_Platform
MS4A1,membrane spanning 4-domains A1,N,Y,0.09998438550551071,clinical_precedence|europepmc,N,N,OpenTargets_Platform
MSANTD1,Myb/SANT DNA binding domain containing 1,N,Y,0.22603121615399327,gwas_credible_sets|expression_atlas,N,N,OpenTargets_Platform
MSANTD2,Myb/SANT DNA binding domain containing 2,N,Y,0.13579077029807357,gwas_credible_sets|europepmc,N,N,OpenTargets_Platform
MSI2,musashi RNA binding protein 2,N,Y,0.2720553465366226,gwas_credible_sets|europepmc,N,N,OpenTargets_Platform
MSL2,MSL complex subunit 2,N,Y,0.0603401158996916,gwas_credible_sets|europepmc,N,N,OpenTargets_Platform
MSRA,methionine sulfoxide reductase A,N,Y,0.39599457208100974,gwas_credible_sets|europepmc,Y,N,OpenTargets_Platform|ClinVar
MST1R,macrophage stimulating 1 receptor,N,Y,0.0494200246791225,gwas_credible_sets|europepmc,N,N,OpenTargets_Platform
MSTO1,misato mitochondrial distribution and morphology regulator 1,Y,N,0.003326218692162316,europepmc,N,N,OMIM
MT-ND1,mitochondrially encoded NADH:ubiquinone oxidoreductase core subunit 1,N,Y,0.26957154600702143,clinical_precedence|europepmc,N,N,OpenTargets_Platform
MT-ND2,mitochondrially encoded NADH:ubiquinone oxidoreductase core subunit 2,N,Y,0.26920709920587405,clinical_precedence|europepmc,N,N,OpenTargets_Platform
MT-ND3,mitochondrially encoded NADH:ubiquinone oxidoreductase core subunit 3,N,Y,0.26920709920587405,clinical_precedence|europepmc,N,N,OpenTargets_Platform
MT-ND4,mitochondrially encoded NADH:ubiquinone oxidoreductase core subunit 4,N,Y,0.26954844726610366,clinical_precedence|europepmc,N,N,OpenTargets_Platform
MT-ND4L,mitochondrially encoded NADH:ubiquinone oxidoreductase core subunit 4L,N,Y,0.26950468415082496,clinical_precedence|expression_atlas,N,N,OpenTargets_Platform
MT-ND5,mitochondrially encoded NADH:ubiquinone oxidoreductase core subunit 5,N,Y,0.271063780462615,clinical_precedence|europepmc|expression_atlas,N,N,OpenTargets_Platform
MT-ND6,mitochondrially encoded NADH:ubiquinone oxidoreductase core subunit 6,N,Y,0.269511256358486,clinical_precedence|expression_atlas|europepmc,N,N,OpenTargets_Platform
MTHFD1,"methylenetetrahydrofolate dehydrogenase, cyclohydrolase and formyltetrahydrofolate synthetase 1",N,Y,0.027136903444571994,gwas_credible_sets|europepmc,N,N,OpenTargets_Platform
MTHFR,methylenetetrahydrofolate reductase,Y,Y,0.6519184818486452,eva|uniprot_literature|gwas_credible_sets|europepmc,Y,N,OMIM|OpenTargets_Platform|ClinVar
MTMR2,myotubularin related protein 2,N,Y,0.04403214409883323,gwas_credible_sets|europepmc,N,N,OpenTargets_Platform
MTMR3,myotubularin related protein 3,N,Y,0.06623143364667387,gwas_credible_sets,N,N,OpenTargets_Platform
MTNR1A,melatonin receptor 1A,N,Y,0.15563832071537653,gwas_credible_sets|clinical_precedence|europepmc,N,N,OpenTargets_Platform
MTNR1B,melatonin receptor 1B,N,Y,0.347723942834442,gwas_credible_sets|clinical_precedence|europepmc,N,N,OpenTargets_Platform
MTRF1L,mitochondrial translation release factor 1 like,N,Y,0.043196231691086634,gwas_credible_sets,N,N,OpenTargets_Platform
MTRFR,mitochondrial translation release factor in rescue,N,Y,0.2589221911664382,gwas_credible_sets|europepmc,N,N,OpenTargets_Platform
MUC1,"mucin 1, cell surface associated",Y,N,0.004989328038243475,europepmc,N,N,OMIM
MUSTN1,"musculoskeletal, embryonic nuclear protein 1",N,Y,0.16912474998533908,gwas_credible_sets|europepmc,N,N,OpenTargets_Platform
MVB12B,multivesicular body subunit 12B,N,Y,0.018762435983101663,gwas_credible_sets,N,N,OpenTargets_Platform
MYH1,myosin heavy chain 1,N,Y,0.025015125582466213,gwas_credible_sets,N,N,OpenTargets_Platform
MYH4,myosin heavy chain 4,N,Y,0.021202252277885275,gwas_credible_sets,N,N,OpenTargets_Platform
MYO15A,myosin XVA,N,Y,0.10683529770840665,gwas_credible_sets,N,N,OpenTargets_Platform
MYO18A,myosin XVIIIA,N,Y,0.2731484004889533,gwas_credible_sets,N,N,OpenTargets_Platform
MYO19,myosin XIX,N,Y,0.3563404576685349,gwas_credible_sets,N,N,OpenTargets_Platform
MYO1C,myosin IC,N,Y,0.01900428743961521,gwas_credible_sets,N,N,OpenTargets_Platform
MYO1D,myosin ID,N,Y,0.05737733702787785,gwas_credible_sets|europepmc,N,N,OpenTargets_Platform
MYO1E,myosin IE,N,Y,0.11087395640541053,eva,Y,N,OpenTargets_Platform|ClinVar
MYO7A,myosin VIIA,N,Y,0.22910092817653058,gwas_credible_sets|impc,N,N,OpenTargets_Platform
MYORG,myogenesis regulating glycosidase,Y,N,0.0014464635848568384,expression_atlas,N,N,OMIM
MYRF,myelin regulatory factor,N,Y,0.02854032416539589,gwas_credible_sets|expression_atlas|europepmc,N,N,OpenTargets_Platform
MYT1L,myelin transcription factor 1 like,N,Y,0.3485421046201085,gwas_credible_sets|europepmc,N,N,OpenTargets_Platform
NAA11,"N-alpha-acetyltransferase 11, NatA catalytic subunit",N,Y,0.35685112004007985,gwas_credible_sets,N,N,OpenTargets_Platform
NAA40,"N-alpha-acetyltransferase 40, NatD catalytic subunit",N,Y,0.06380114750782515,gwas_credible_sets,N,N,OpenTargets_Platform
NAA60,"N-alpha-acetyltransferase 60, NatF catalytic subunit",Y,N,,,N,N,OMIM
NAA80,"N-alpha-acetyltransferase 80, NatH catalytic subunit",N,Y,0.05257104419495176,gwas_credible_sets,N,N,OpenTargets_Platform
NAGA,alpha-N-acetylgalactosaminidase,N,Y,0.06465897456606662,gwas_credible_sets|europepmc,N,N,OpenTargets_Platform
NALCN,"sodium leak channel, non-selective",N,Y,0.3036698785286001,gwas_credible_sets|europepmc,N,N,OpenTargets_Platform
NAPRT,nicotinate phosphoribosyltransferase,N,Y,0.17707227985069082,gwas_credible_sets,N,N,OpenTargets_Platform
NAT2,N-acetyltransferase 2,N,Y,0.09121884919366552,gwas_credible_sets|europepmc,N,N,OpenTargets_Platform
NBAS,NBAS subunit of NRZ tethering complex,N,Y,0.11087395640541053,eva,Y,N,OpenTargets_Platform|ClinVar
NBEA,neurobeachin,N,Y,0.02392963228537277,gwas_credible_sets,N,N,OpenTargets_Platform
NCAM1,neural cell adhesion molecule 1,N,Y,0.4650770581552348,gwas_credible_sets|europepmc,N,N,OpenTargets_Platform
NCAM2,neural cell adhesion molecule 2,N,Y,0.24673666830587554,gwas_credible_sets|europepmc,N,N,OpenTargets_Platform
NCDN,neurochondrin,Y,N,0.017846046411839827,europepmc,N,N,OMIM
NCK1,NCK adaptor protein 1,N,Y,0.03406401494323649,gwas_credible_sets,N,N,OpenTargets_Platform
NCKIPSD,NCK interacting protein with SH3 domain,N,Y,0.15526081765531924,gwas_credible_sets,N,N,OpenTargets_Platform
NCMAP,non-compact myelin associated protein,N,Y,0.021408861983248168,gwas_credible_sets,N,N,OpenTargets_Platform
NCOA5,nuclear receptor coactivator 5,N,Y,0.11761867878625598,gwas_credible_sets,N,N,OpenTargets_Platform
NCOA7,nuclear receptor coactivator 7,N,Y,0.032505470621862036,gwas_credible_sets|europepmc,N,N,OpenTargets_Platform
NDE1,nudE neurodevelopment protein 1,Y,N,0.03641709205271347,europepmc,N,N,OMIM
NDEL1,nudE neurodevelopment protein 1 like 1,Y,N,0.03667024198727921,europepmc,N,N,OMIM
NDFIP2,Nedd4 family interacting protein 2,N,Y,0.21095636616539756,gwas_credible_sets|europepmc,N,N,OpenTargets_Platform
NDRG4,NDRG family member 4,N,Y,0.23732030414743477,gwas_credible_sets|europepmc,N,N,OpenTargets_Platform
NDST2,N-deacetylase and N-sulfotransferase 2,N,Y,0.024241976881733355,gwas_credible_sets,N,N,OpenTargets_Platform
NDST3,N-deacetylase and N-sulfotransferase 3,N,Y,0.3889697503819242,gwas_credible_sets|europepmc,N,N,OpenTargets_Platform
NDUFA1,NADH:ubiquinone oxidoreductase subunit A1,N,Y,0.2688375193511893,clinical_precedence,N,N,OpenTargets_Platform
NDUFA10,NADH:ubiquinone oxidoreductase subunit A10,N,Y,0.3040605327240563,clinical_precedence|eva|europepmc,Y,N,OpenTargets_Platform|ClinVar
NDUFA11,NADH:ubiquinone oxidoreductase subunit A11,N,Y,0.2688375193511893,clinical_precedence,N,N,OpenTargets_Platform
NDUFA12,NADH:ubiquinone oxidoreductase subunit A12,N,Y,0.2778015251484481,clinical_precedence|gwas_credible_sets,N,N,OpenTargets_Platform
NDUFA13,NADH:ubiquinone oxidoreductase subunit A13,N,Y,0.2943588824086877,clinical_precedence|gwas_credible_sets,N,N,OpenTargets_Platform
NDUFA2,NADH:ubiquinone oxidoreductase subunit A2,N,Y,0.27524635346271253,clinical_precedence|gwas_credible_sets|europepmc,N,N,OpenTargets_Platform
NDUFA5,NADH:ubiquinone oxidoreductase subunit A5,N,Y,0.2688375193511893,clinical_precedence,N,N,OpenTargets_Platform
NDUFA6,NADH:ubiquinone oxidoreductase subunit A6,N,Y,0.28794149598404845,clinical_precedence|gwas_credible_sets|europepmc,N,N,OpenTargets_Platform
NDUFA7,NADH:ubiquinone oxidoreductase subunit A7,N,Y,0.2688375193511893,clinical_precedence,N,N,OpenTargets_Platform
NDUFA8,NADH:ubiquinone oxidoreductase subunit A8,N,Y,0.2688375193511893,clinical_precedence,N,N,OpenTargets_Platform
NDUFAB1,NADH:ubiquinone oxidoreductase subunit AB1,N,Y,0.2688375193511893,clinical_precedence,N,N,OpenTargets_Platform
NDUFAF1,NADH:ubiquinone oxidoreductase complex assembly factor 1,N,Y,0.2688375193511893,clinical_precedence,N,N,OpenTargets_Platform
NDUFAF2,NADH:ubiquinone oxidoreductase complex assembly factor 2,N,Y,0.2959809206787509,clinical_precedence|gwas_credible_sets,N,N,OpenTargets_Platform
NDUFAF3,NADH:ubiquinone oxidoreductase complex assembly factor 3,N,Y,0.2688375193511893,clinical_precedence,N,N,OpenTargets_Platform
NDUFAF7,NADH:ubiquinone oxidoreductase complex assembly factor 7,N,Y,0.08292918700071518,gwas_credible_sets,N,N,OpenTargets_Platform
NDUFB1,NADH:ubiquinone oxidoreductase subunit B1,N,Y,0.2688375193511893,clinical_precedence,N,N,OpenTargets_Platform
NDUFB10,NADH:ubiquinone oxidoreductase subunit B10,N,Y,0.2688375193511893,clinical_precedence,N,N,OpenTargets_Platform
NDUFB11,NADH:ubiquinone oxidoreductase subunit B11,N,Y,0.2688375193511893,clinical_precedence,N,N,OpenTargets_Platform
NDUFB2,NADH:ubiquinone oxidoreductase subunit B2,N,Y,0.2706854186246128,clinical_precedence|europepmc,N,N,OpenTargets_Platform
NDUFB3,NADH:ubiquinone oxidoreductase subunit B3,N,Y,0.2688375193511893,clinical_precedence,N,N,OpenTargets_Platform
NDUFB5,NADH:ubiquinone oxidoreductase subunit B5,N,Y,0.2688375193511893,clinical_precedence,N,N,OpenTargets_Platform
NDUFB7,NADH:ubiquinone oxidoreductase subunit B7,N,Y,0.2688375193511893,clinical_precedence,N,N,OpenTargets_Platform
NDUFB8,NADH:ubiquinone oxidoreductase subunit B8,N,Y,0.2688375193511893,clinical_precedence,N,N,OpenTargets_Platform
NDUFB9,NADH:ubiquinone oxidoreductase subunit B9,N,Y,0.26920709920587405,clinical_precedence|europepmc,N,N,OpenTargets_Platform
NDUFC1,NADH:ubiquinone oxidoreductase subunit C1,N,Y,0.2688375193511893,clinical_precedence,N,N,OpenTargets_Platform
NDUFC2,NADH:ubiquinone oxidoreductase subunit C2,N,Y,0.2688375193511893,clinical_precedence,N,N,OpenTargets_Platform
NDUFS1,NADH:ubiquinone oxidoreductase core subunit S1,N,Y,0.2760079556905435,clinical_precedence|europepmc,N,N,OpenTargets_Platform
NDUFS2,NADH:ubiquinone oxidoreductase core subunit S2,N,Y,0.2709164060337908,clinical_precedence|europepmc,N,N,OpenTargets_Platform
NDUFS3,NADH:ubiquinone oxidoreductase core subunit S3,N,Y,0.26985386395157224,clinical_precedence|europepmc,N,N,OpenTargets_Platform
NDUFS4,NADH:ubiquinone oxidoreductase subunit S4,N,Y,0.2741480660879843,clinical_precedence|gwas_credible_sets|europepmc,N,N,OpenTargets_Platform
NDUFS5,NADH:ubiquinone oxidoreductase subunit S5,N,Y,0.28594537082454413,clinical_precedence|impc,N,N,OpenTargets_Platform
NDUFS6,NADH:ubiquinone oxidoreductase subunit S6,N,Y,0.2688375193511893,clinical_precedence,N,N,OpenTargets_Platform
NDUFS7,NADH:ubiquinone oxidoreductase core subunit S7,N,Y,0.27169406364468984,clinical_precedence|europepmc,N,N,OpenTargets_Platform
NDUFS8,NADH:ubiquinone oxidoreductase core subunit S8,N,Y,0.2688375193511893,clinical_precedence,N,N,OpenTargets_Platform
NDUFV1,NADH:ubiquinone oxidoreductase core subunit V1,N,Y,0.27303060812472874,clinical_precedence|europepmc,N,N,OpenTargets_Platform
NDUFV2,NADH:ubiquinone oxidoreductase core subunit V2,N,Y,0.28862000962715584,clinical_precedence|europepmc,N,N,OpenTargets_Platform
NDUFV3,NADH:ubiquinone oxidoreductase subunit V3,N,Y,0.2688375193511893,clinical_precedence,N,N,OpenTargets_Platform
NEBL,nebulette,N,Y,0.2623191742338829,gwas_credible_sets|europepmc,N,N,OpenTargets_Platform
NEGR1,neuronal growth regulator 1,N,Y,0.4544249476987411,gwas_credible_sets|europepmc,N,N,OpenTargets_Platform
NEK1,NIMA related kinase 1,N,Y,0.282954840750444,gwas_credible_sets|europepmc,N,N,OpenTargets_Platform
NEK10,NIMA related kinase 10,N,Y,0.13691532530597195,gwas_credible_sets,N,N,OpenTargets_Platform
NEK4,NIMA related kinase 4,N,Y,0.1581594646480773,gwas_credible_sets|europepmc,N,N,OpenTargets_Platform
NETO1,neuropilin and tolloid like 1,N,Y,0.20013322511177292,gwas_credible_sets|europepmc,N,N,OpenTargets_Platform
NEU2,neuraminidase 2,N,Y,0.05907382875616553,gwas_credible_sets,N,N,OpenTargets_Platform
NEXN,nexilin F-actin binding protein,N,Y,0.05499857208504,gwas_credible_sets|europepmc,N,N,OpenTargets_Platform
NFIA,nuclear factor I A,N,Y,0.2452213976581079,gwas_credible_sets|europepmc,N,N,OpenTargets_Platform
NFIB,nuclear factor I B,N,Y,0.3565388051738651,gwas_credible_sets|europepmc,Y,N,OpenTargets_Platform|ClinVar
NFKB1,nuclear factor kappa B subunit 1,N,Y,0.09748988054231872,europepmc|gwas_credible_sets,N,N,OpenTargets_Platform
NGEF,neuronal guanine nucleotide exchange factor,N,Y,0.41085717137354427,gwas_credible_sets,N,N,OpenTargets_Platform
NIT1,nitrilase 1,Y,N,,,N,N,OMIM
NKAIN3,sodium/potassium transporting ATPase interacting 3,N,Y,0.30238767888644996,gwas_credible_sets,N,N,OpenTargets_Platform
NKIRAS1,NFKB inhibitor interacting Ras like 1,N,Y,0.11069119990108821,gwas_credible_sets,N,N,OpenTargets_Platform
NKX2-5,NK2 homeobox 5,Y,N,,,N,N,OMIM
NKX2-6,NK2 homeobox 6,Y,N,,,N,N,OMIM
NKX6-2,NK6 homeobox 2,N,Y,0.059111563354894744,gwas_credible_sets|europepmc,N,N,OpenTargets_Platform
NLGN3,neuroligin 3,Y,N,0.09055109070209286,impc|europepmc,N,N,OMIM
NLGN4X,neuroligin 4 X-linked,Y,Y,0.38450284244525057,gwas_credible_sets|europepmc,N,N,OMIM|OpenTargets_Platform
NLRP12,,N,N,,,Y,N,ClinVar
NMB,neuromedin B,N,Y,0.3221484185728965,gwas_credible_sets|europepmc,N,N,OpenTargets_Platform
NMRAL1,NmrA like redox sensor 1,N,Y,0.12133021704274177,gwas_credible_sets|europepmc,N,N,OpenTargets_Platform
NMUR2,neuromedin U receptor 2,N,Y,0.4318609524060297,gwas_credible_sets|europepmc,N,N,OpenTargets_Platform
NOA1,nitric oxide associated 1,N,Y,0.021103394464162165,gwas_credible_sets,N,N,OpenTargets_Platform
NOS1,nitric oxide synthase 1,Y,N,0.07108082408366354,europepmc,N,N,OMIM
NOS1AP,nitric oxide synthase 1 adaptor protein,Y,N,0.06134445625343808,europepmc,N,N,OMIM
NOTCH2NLC,notch 2 N-terminal like C,Y,N,,,N,N,OMIM
NOTCH4,notch receptor 4,Y,N,0.054405470753137536,europepmc,N,N,OMIM
NOX1,NADPH oxidase 1,Y,N,0.008664594370941343,europepmc,N,N,OMIM
NOX3,NADPH oxidase 3,N,Y,0.22377649127032603,gwas_credible_sets|impc,N,N,OpenTargets_Platform
NOX4,NADPH oxidase 4,N,Y,0.13936826805063102,gwas_credible_sets|europepmc,N,N,OpenTargets_Platform
NPAS3,neuronal PAS domain protein 3,Y,Y,0.41455844411913045,gwas_credible_sets|europepmc,Y,N,OMIM|OpenTargets_Platform|ClinVar
NPBWR1,neuropeptides B and W receptor 1,N,N,0.004434958256216422,europepmc,Y,N,ClinVar
NPC1,NPC intracellular cholesterol transporter 1,N,Y,0.30023072104346116,gwas_credible_sets|europepmc,N,N,OpenTargets_Platform
NPIPB8,nuclear pore complex interacting protein family member B8,N,Y,0.02710367261047742,gwas_credible_sets,N,N,OpenTargets_Platform
NPIPB9,nuclear pore complex interacting protein family member B9,N,Y,0.019860069834230595,gwas_credible_sets,N,N,OpenTargets_Platform
NPRL2,"NPR2 like, GATOR1 complex subunit",N,Y,0.030032567847815245,gwas_credible_sets,N,N,OpenTargets_Platform
NPY,neuropeptide Y,Y,Y,0.07429526062985045,europepmc|gwas_credible_sets|expression_atlas,N,N,OMIM|OpenTargets_Platform
NPY4R,neuropeptide Y receptor Y4,N,Y,0.07437794575529624,clinical_precedence|europepmc,N,N,OpenTargets_Platform
NPY5R,neuropeptide Y receptor Y5,N,Y,0.07391597093694036,clinical_precedence,N,N,OpenTargets_Platform
NR0B1,nuclear receptor subfamily 0 group B member 1,Y,N,0.002751316695986113,europepmc,N,N,OMIM
NR1D2,nuclear receptor subfamily 1 group D member 2,N,Y,0.191799298711527,gwas_credible_sets|europepmc,N,N,OpenTargets_Platform
NR2C1,nuclear receptor subfamily 2 group C member 1,N,Y,0.020065079707002286,gwas_credible_sets,N,N,OpenTargets_Platform
NR2F1,nuclear receptor subfamily 2 group F member 1,N,Y,0.07306375966605566,gwas_credible_sets,N,N,OpenTargets_Platform
NR4A2,nuclear receptor subfamily 4 group A member 2,N,Y,0.1651854713147243,gwas_credible_sets|europepmc|expression_atlas,N,N,OpenTargets_Platform
NRBF2,nuclear receptor binding factor 2,N,Y,0.38466695634635084,gwas_credible_sets,N,N,OpenTargets_Platform
NRBP2,nuclear receptor binding protein 2,N,Y,0.05179313450838398,gwas_credible_sets,N,N,OpenTargets_Platform
NRG1,neuregulin 1,Y,N,0.12839670159593788,europepmc|impc,Y,N,OMIM|ClinVar
NRG3,neuregulin 3,Y,N,0.05650819430115631,europepmc,N,N,OMIM
NRGN,neurogranin,N,Y,0.4777009816100387,gwas_credible_sets|impc|europepmc,N,N,OpenTargets_Platform
NRIP1,nuclear receptor interacting protein 1,N,Y,0.4088497522499359,gwas_credible_sets|europepmc,N,N,OpenTargets_Platform
NRIP2,nuclear receptor interacting protein 2,N,Y,0.022881816284915212,gwas_credible_sets,N,N,OpenTargets_Platform
NRXN1,neurexin 1,Y,Y,0.5337887546736327,eva|uniprot_literature|europepmc,Y,N,OMIM|OpenTargets_Platform|ClinVar
NRXN1-DT,,N,N,,,Y,N,ClinVar
NRXN2,neurexin 2,Y,N,0.05016368100881004,impc|europepmc,Y,N,OMIM|ClinVar
NRXN3,neurexin 3,N,Y,0.3376756879599643,gwas_credible_sets|europepmc,N,N,OpenTargets_Platform
NSD3,nuclear receptor binding SET domain protein 3,N,Y,0.15344987230138274,gwas_credible_sets,N,N,OpenTargets_Platform
NSF,"N-ethylmaleimide sensitive factor, vesicle fusing ATPase",Y,N,0.008476803413255489,europepmc|expression_atlas,N,N,OMIM
NSUN6,NOP2/Sun RNA methyltransferase 6,N,Y,0.11343161430441126,gwas_credible_sets,N,N,OpenTargets_Platform
NT5C2,"5'-nucleotidase, cytosolic II",N,Y,0.41007766044884003,gwas_credible_sets|europepmc,N,N,OpenTargets_Platform
NT5DC2,5'-nucleotidase domain containing 2,N,Y,0.11384020477235085,gwas_credible_sets|europepmc,N,N,OpenTargets_Platform
NTAN1,N-terminal asparagine amidase,N,Y,0.10880161963572003,gwas_credible_sets|europepmc,N,N,OpenTargets_Platform
NTM,neurotrimin,N,Y,0.1747463066239513,gwas_credible_sets|europepmc,N,N,OpenTargets_Platform
NUCB2,nucleobindin 2,N,Y,0.03070407245396243,gwas_credible_sets|europepmc,N,N,OpenTargets_Platform
NUDCD1,NudC domain containing 1,N,Y,0.20931335084883398,gwas_credible_sets,N,N,OpenTargets_Platform
NUDT1,nudix hydrolase 1,N,Y,0.18592859377900517,gwas_credible_sets,N,N,OpenTargets_Platform
NUF2,NUF2 component of NDC80 kinetochore complex,N,Y,0.18280024225843955,gwas_credible_sets,N,N,OpenTargets_Platform
NWD2,NACHT and WD repeat domain containing 2,N,Y,0.32977095363058523,gwas_credible_sets|expression_atlas,N,N,OpenTargets_Platform
NXPH1,neurexophilin 1,N,Y,0.3840401749015007,gwas_credible_sets|europepmc,N,N,OpenTargets_Platform
NXPH4,neurexophilin 4,N,Y,0.03726641985889076,gwas_credible_sets,N,N,OpenTargets_Platform
OASL,2'-5'-oligoadenylate synthetase like,N,Y,0.32202518612354974,gwas_credible_sets,N,N,OpenTargets_Platform
OFC1,orofacial cleft 1,Y,N,,,N,N,OMIM
OGFOD2,2-oxoglutarate and iron dependent oxygenase domain containing 2,N,Y,0.156466612042314,gwas_credible_sets|europepmc,N,N,OpenTargets_Platform
OLA1,Obg like ATPase 1,N,Y,0.23389274922091777,gwas_credible_sets,N,N,OpenTargets_Platform
OLFM4,olfactomedin 4,N,Y,0.30170158995827284,gwas_credible_sets|europepmc,N,N,OpenTargets_Platform
OLIG2,oligodendrocyte transcription factor 2,Y,N,0.027370690109135547,europepmc,N,N,OMIM
OMP,olfactory marker protein,N,Y,0.020875222099484468,gwas_credible_sets|europepmc,N,N,OpenTargets_Platform
OPCML,opioid binding protein/cell adhesion molecule like,N,Y,0.3444734850728439,gwas_credible_sets|eva|europepmc,Y,N,OpenTargets_Platform|ClinVar
OPRD1,opioid receptor delta 1,N,Y,0.46400848854020793,clinical_precedence|impc|europepmc,N,N,OpenTargets_Platform
OPRK1,opioid receptor kappa 1,N,Y,0.47008660533600727,clinical_precedence|impc|europepmc,N,N,OpenTargets_Platform
OPRM1,opioid receptor mu 1,N,Y,0.46785829821705227,clinical_precedence|europepmc|impc,N,N,OpenTargets_Platform
ORC4,,N,N,,,Y,N,ClinVar
ORC5,origin recognition complex subunit 5,N,Y,0.2808674688302124,gwas_credible_sets,N,N,OpenTargets_Platform
OSBPL10,oxysterol binding protein like 10,N,Y,0.35468675976340625,gwas_credible_sets,N,N,OpenTargets_Platform
OSBPL2,oxysterol binding protein like 2,N,Y,0.019616511155330564,gwas_credible_sets,N,N,OpenTargets_Platform
OSBPL3,oxysterol binding protein like 3,N,Y,0.02461156938087806,gwas_credible_sets|europepmc,N,N,OpenTargets_Platform
OSCP1,organic solute carrier partner 1,N,Y,0.06306042771110312,gwas_credible_sets|europepmc,N,N,OpenTargets_Platform
OTOA,,N,N,,,Y,N,ClinVar
OTUD7A,OTU deubiquitinase 7A,Y,N,0.012131446159281979,europepmc,N,N,OMIM
OTUD7B,OTU deubiquitinase 7B,N,Y,0.07597524999297982,gwas_credible_sets,N,N,OpenTargets_Platform
OXGR1,oxoglutarate receptor 1,N,Y,0.06378480223026681,gwas_credible_sets,N,N,OpenTargets_Platform
OXR1,oxidation resistance 1,N,Y,0.1737351667446631,gwas_credible_sets,N,N,OpenTargets_Platform
OXTR,oxytocin receptor,N,Y,0.13216850341228994,clinical_precedence|europepmc|expression_atlas,N,N,OpenTargets_Platform
P2RX4,purinergic receptor P2X 4,N,Y,0.18323996203088808,gwas_credible_sets|europepmc,N,N,OpenTargets_Platform
P3H2,prolyl 3-hydroxylase 2,N,Y,0.15935798616780927,gwas_credible_sets,N,N,OpenTargets_Platform
PABPC4,poly(A) binding protein cytoplasmic 4,N,Y,0.02139717714744649,gwas_credible_sets,N,N,OpenTargets_Platform
PACRG,parkin coregulated,N,N,0.0014783194187388072,europepmc,Y,N,ClinVar
PACS1,phosphofurin acidic cluster sorting protein 1,N,Y,0.11216748589680699,eva|europepmc,Y,N,OpenTargets_Platform|ClinVar
PAK1,p21 (RAC1) activated kinase 1,N,Y,0.13087231047936151,eva|europepmc|expression_atlas,Y,N,OpenTargets_Platform|ClinVar
PAK3,p21 (RAC1) activated kinase 3,Y,N,0.009637410677328071,europepmc,N,N,OMIM
PAK5,p21 (RAC1) activated kinase 5,N,Y,0.358703272198712,gwas_credible_sets|impc|europepmc,N,N,OpenTargets_Platform
PALLD,"palladin, cytoskeletal associated protein",N,Y,0.024855227684465096,gwas_credible_sets,N,N,OpenTargets_Platform
PALS2,"protein associated with LIN7 2, MAGUK p55 family member",N,Y,0.2877257404659245,gwas_credible_sets|europepmc,N,N,OpenTargets_Platform
PAM,peptidylglycine alpha-amidating monooxygenase,N,Y,0.0846342440270952,gwas_credible_sets|europepmc,N,N,OpenTargets_Platform
PAPPA2,pappalysin 2,N,Y,0.03057887973201115,gwas_credible_sets,N,N,OpenTargets_Platform
PARD3,par-3 family cell polarity regulator,N,Y,0.2574019786865376,gwas_credible_sets|europepmc|expression_atlas,N,N,OpenTargets_Platform
PARD3B,,N,N,,,Y,N,ClinVar
PARP8,poly(ADP-ribose) polymerase family member 8,N,Y,0.044790728370960264,gwas_credible_sets,N,N,OpenTargets_Platform
PARVA,parvin alpha,N,Y,0.027437902696398925,gwas_credible_sets,N,N,OpenTargets_Platform
PAX3,paired box 3,N,Y,0.03589392475136003,gwas_credible_sets|europepmc,N,N,OpenTargets_Platform
PAX6,paired box 6,N,Y,0.2668369845204403,gwas_credible_sets|europepmc|expression_atlas,N,N,OpenTargets_Platform
PAX6_HS8,,N,N,,,Y,N,ClinVar
PBRM1,polybromo 1,N,Y,0.06391917880300059,gwas_credible_sets|europepmc,N,N,OpenTargets_Platform
PBX4,PBX homeobox 4,N,Y,0.2584377663370054,gwas_credible_sets,N,N,OpenTargets_Platform
PCCB,propionyl-CoA carboxylase subunit beta,N,Y,0.35391259303589706,gwas_credible_sets|europepmc,N,N,OpenTargets_Platform
PCDH15,protocadherin related 15,N,Y,0.2106608866357454,gwas_credible_sets|eva|impc|europepmc|expression_atlas,Y,N,OpenTargets_Platform|ClinVar
PCDH17,protocadherin 17,N,Y,0.40900258501552733,gwas_credible_sets|europepmc,N,N,OpenTargets_Platform
PCDHA1,protocadherin alpha 1,N,Y,0.052998939484391966,gwas_credible_sets,N,N,OpenTargets_Platform
PCDHA10,protocadherin alpha 10,N,Y,0.03771602717859181,gwas_credible_sets,N,N,OpenTargets_Platform
PCDHA2,protocadherin alpha 2,N,Y,0.046454277264391365,gwas_credible_sets|europepmc,N,N,OpenTargets_Platform
PCDHA3,protocadherin alpha 3,N,Y,0.054359465696040186,gwas_credible_sets,N,N,OpenTargets_Platform
PCDHA4,protocadherin alpha 4,N,Y,0.058729547285240685,gwas_credible_sets|europepmc,N,N,OpenTargets_Platform
PCDHA5,protocadherin alpha 5,N,Y,0.03115956328513988,gwas_credible_sets,N,N,OpenTargets_Platform
PCDHA7,protocadherin alpha 7,N,Y,0.03351867297756002,gwas_credible_sets|europepmc,N,N,OpenTargets_Platform
PCDHA8,protocadherin alpha 8,N,Y,0.04031344086412253,gwas_credible_sets|europepmc,N,N,OpenTargets_Platform
PCDHAC1,"protocadherin alpha subfamily C, 1",N,Y,0.10157657288536136,gwas_credible_sets|europepmc,N,N,OpenTargets_Platform
PCGF3,polycomb group ring finger 3,N,Y,0.33912152822680086,gwas_credible_sets|impc,N,N,OpenTargets_Platform
PCLO,piccolo presynaptic cytomatrix protein,N,Y,0.34543208667082004,gwas_credible_sets|europepmc,N,N,OpenTargets_Platform
PCM1,pericentriolar material 1,Y,N,0.04394421082450684,europepmc,N,N,OMIM
PCMTD1,protein-L-isoaspartate (D-aspartate) O-methyltransferase domain containing 1,N,Y,0.2618101308317295,gwas_credible_sets,N,N,OpenTargets_Platform
PCNX1,pecanex 1,N,Y,0.4135950544165531,gwas_credible_sets,N,N,OpenTargets_Platform
PCNX3,pecanex 3,N,Y,0.03284844427477176,gwas_credible_sets,N,N,OpenTargets_Platform
PDCD6IP,programmed cell death 6 interacting protein,N,Y,0.19927889243533642,gwas_credible_sets,N,N,OpenTargets_Platform
PDE10A,phosphodiesterase 10A,N,Y,0.1355445495364209,clinical_precedence|impc|europepmc,N,N,OpenTargets_Platform
PDE11A,phosphodiesterase 11A,N,N,0.003326218692162316,europepmc,Y,N,ClinVar
PDE1A,phosphodiesterase 1A,N,Y,0.05636092783941702,clinical_precedence|europepmc,N,N,OpenTargets_Platform
PDE1B,phosphodiesterase 1B,N,Y,0.07179774085392275,impc|clinical_precedence|europepmc,N,N,OpenTargets_Platform
PDE1C,phosphodiesterase 1C,N,Y,0.06106984366690952,clinical_precedence|gwas_credible_sets|europepmc,N,N,OpenTargets_Platform
PDE2A,phosphodiesterase 2A,N,Y,0.0585052488626107,clinical_precedence|europepmc,N,N,OpenTargets_Platform
PDE3A,phosphodiesterase 3A,N,Y,0.05589895302106114,clinical_precedence|europepmc,N,N,OpenTargets_Platform
PDE3B,phosphodiesterase 3B,N,Y,0.05580655805738997,clinical_precedence|europepmc,N,N,OpenTargets_Platform
PDE4A,phosphodiesterase 4A,N,Y,0.07796123249048076,clinical_precedence|europepmc,N,N,OpenTargets_Platform
PDE4B,phosphodiesterase 4B,Y,Y,0.46542615277026855,gwas_credible_sets|europepmc|clinical_precedence,N,N,OMIM|OpenTargets_Platform
PDE4D,phosphodiesterase 4D,N,Y,0.069136913650085,clinical_precedence|europepmc,N,N,OpenTargets_Platform
PDE5A,phosphodiesterase 5A,N,Y,0.05713139603267804,clinical_precedence|europepmc,N,N,OpenTargets_Platform
PDE6A,phosphodiesterase 6A,N,Y,0.05543697820270527,clinical_precedence,N,N,OpenTargets_Platform
PDE6B,phosphodiesterase 6B,N,Y,0.0677569226586198,clinical_precedence|impc,N,N,OpenTargets_Platform
PDE6C,phosphodiesterase 6C,N,Y,0.05543697820270527,clinical_precedence,N,N,OpenTargets_Platform
PDE6D,phosphodiesterase 6D,N,Y,0.05543697820270527,clinical_precedence,N,N,OpenTargets_Platform
PDE6G,phosphodiesterase 6G,N,Y,0.05543697820270527,clinical_precedence,N,N,OpenTargets_Platform
PDE6H,phosphodiesterase 6H,N,Y,0.05543697820270527,clinical_precedence,N,N,OpenTargets_Platform
PDE7A,phosphodiesterase 7A,N,Y,0.056376327000028884,clinical_precedence|europepmc,N,N,OpenTargets_Platform
PDE7B,phosphodiesterase 7B,N,Y,0.05846358055989611,clinical_precedence|europepmc,N,N,OpenTargets_Platform
PDE8A,phosphodiesterase 8A,N,Y,0.05543697820270527,clinical_precedence,N,N,OpenTargets_Platform
PDE8B,phosphodiesterase 8B,N,Y,0.05543697820270527,clinical_precedence,N,N,OpenTargets_Platform
PDE9A,phosphodiesterase 9A,N,Y,0.1076303767325127,clinical_precedence|europepmc,N,N,OpenTargets_Platform
PDGFB,platelet derived growth factor subunit B,Y,N,0.011000133730407166,europepmc,N,N,OMIM
PDGFRB,platelet derived growth factor receptor beta,Y,N,0.016505896223581448,europepmc,N,N,OMIM
PDIA3,protein disulfide isomerase family A member 3,N,Y,0.029760310897359796,gwas_credible_sets|europepmc,N,N,OpenTargets_Platform
PDK1-AS1,,N,N,,,Y,N,ClinVar
PDLIM5,PDZ and LIM domain 5,N,Y,0.04402224856578971,europepmc|gwas_credible_sets,N,N,OpenTargets_Platform
PDSS1,decaprenyl diphosphate synthase subunit 1,N,Y,0.11087395640541053,eva,Y,N,OpenTargets_Platform|ClinVar
PDXDC1,pyridoxal dependent decarboxylase domain containing 1,N,Y,0.04099235258532957,gwas_credible_sets|europepmc,N,N,OpenTargets_Platform
PDZRN3,,N,N,,,Y,N,ClinVar
PEAK1,pseudopodium enriched atypical kinase 1,N,Y,0.2550232067946372,gwas_credible_sets|europepmc,N,N,OpenTargets_Platform
PEG10,paternally expressed 10,N,Y,0.11680094129180646,gwas_credible_sets,N,N,OpenTargets_Platform
PELO,pelota mRNA surveillance and ribosome rescue factor,N,Y,0.2718741737570341,gwas_credible_sets,N,N,OpenTargets_Platform
PES1,pescadillo ribosomal biogenesis factor 1,N,Y,0.09346826773085953,gwas_credible_sets|europepmc,N,N,OpenTargets_Platform
PEX10,peroxisomal biogenesis factor 10,N,Y,0.14312944146992462,gwas_credible_sets,N,N,OpenTargets_Platform
PEX2,peroxisomal biogenesis factor 2,N,Y,0.30814200961931637,gwas_credible_sets,N,N,OpenTargets_Platform
PEX3,peroxisomal biogenesis factor 3,N,Y,0.2057741631911055,gwas_credible_sets,N,N,OpenTargets_Platform
PHACTR1,phosphatase and actin regulator 1,N,Y,0.11087395640541053,eva,Y,N,OpenTargets_Platform|ClinVar
PHC2,polyhomeotic homolog 2,N,Y,0.17457054920855222,gwas_credible_sets,N,N,OpenTargets_Platform
PHF2,PHD finger protein 2,N,Y,0.20877074142058122,gwas_credible_sets,N,N,OpenTargets_Platform
PHF3,PHD finger protein 3,N,Y,0.10895348982708379,gwas_credible_sets,N,N,OpenTargets_Platform
PHIP,PHIP subunit of CUL4-Ring ligase complex,N,Y,0.3400134663099256,eva,Y,N,OpenTargets_Platform|ClinVar
PHOX2B,paired like homeobox 2B,Y,N,0.013326658819324341,europepmc,N,N,OMIM
PIEZO2,piezo type mechanosensitive ion channel component 2,N,Y,0.37079997982811164,gwas_credible_sets|eva|impc,Y,N,OpenTargets_Platform|ClinVar
PIGN,phosphatidylinositol glycan anchor biosynthesis class N,N,Y,0.11087395640541053,eva,Y,N,OpenTargets_Platform|ClinVar
PIGW,phosphatidylinositol glycan anchor biosynthesis class W,N,Y,0.08086036175676,gwas_credible_sets,N,N,OpenTargets_Platform
PIK3C2A,phosphatidylinositol-4-phosphate 3-kinase catalytic subunit type 2 alpha,N,Y,0.279651715188698,gwas_credible_sets|europepmc,N,N,OpenTargets_Platform
PIK3C2B,phosphatidylinositol-4-phosphate 3-kinase catalytic subunit type 2 beta,N,Y,0.031448561844830684,gwas_credible_sets,N,N,OpenTargets_Platform
PIK3C3,phosphatidylinositol 3-kinase catalytic subunit type 3,N,Y,0.20588530193130297,gwas_credible_sets|europepmc,N,N,OpenTargets_Platform
PIK3R1,phosphoinositide-3-kinase regulatory subunit 1,N,Y,0.15978116094910666,gwas_credible_sets|europepmc,N,N,OpenTargets_Platform
PIP4P2,"phosphatidylinositol-4,5-bisphosphate 4-phosphatase 2",N,Y,0.3197366049499481,gwas_credible_sets,N,N,OpenTargets_Platform
PISD,,N,N,,,Y,N,ClinVar
PITPNM2,phosphatidylinositol transfer protein membrane associated 2,N,Y,0.1821148439464675,gwas_credible_sets|europepmc,N,N,OpenTargets_Platform
PJA1,praja ring finger ubiquitin ligase 1,N,Y,0.5088016303428028,gwas_credible_sets|europepmc,N,N,OpenTargets_Platform
PKHD1L1,PKHD1 like 1,N,Y,0.04698038648618398,gwas_credible_sets,N,N,OpenTargets_Platform
PLA2G4A,phospholipase A2 group IVA,N,Y,0.30265371841796274,gwas_credible_sets|europepmc,N,N,OpenTargets_Platform
PLAU,"plasminogen activator, urokinase",Y,Y,0.026085207067144903,gwas_credible_sets,N,N,OMIM|OpenTargets_Platform
PLBD1,phospholipase B domain containing 1,N,Y,0.026691766659555423,gwas_credible_sets,N,N,OpenTargets_Platform
PLCB1,phospholipase C beta 1,Y,Y,0.25674634609595476,gwas_credible_sets|europepmc,N,N,OMIM|OpenTargets_Platform
PLCB2,phospholipase C beta 2,N,Y,0.3530650905985397,gwas_credible_sets|europepmc,N,N,OpenTargets_Platform
PLCB4,phospholipase C beta 4,N,Y,0.10938369698231404,gwas_credible_sets|europepmc,N,N,OpenTargets_Platform
PLCH2,phospholipase C eta 2,N,Y,0.3787584323285623,gwas_credible_sets|europepmc,N,N,OpenTargets_Platform
PLCL1,phospholipase C like 1 (inactive),N,Y,0.1728164066234327,gwas_credible_sets|europepmc,N,N,OpenTargets_Platform
PLCL2,phospholipase C like 2,N,Y,0.30561980332287797,gwas_credible_sets,N,N,OpenTargets_Platform
PLEKHA1,pleckstrin homology domain containing A1,N,Y,0.28851247676291214,gwas_credible_sets,N,N,OpenTargets_Platform
PLEKHO1,pleckstrin homology domain containing O1,N,Y,0.20239144690544913,gwas_credible_sets,N,N,OpenTargets_Platform
PLK2,polo like kinase 2,N,Y,0.4157720037449855,gwas_credible_sets,N,N,OpenTargets_Platform
PLP1,proteolipid protein 1,Y,N,0.018099324523751858,europepmc,N,N,OMIM
PLPP5,phospholipid phosphatase 5,N,Y,0.11730493926235928,gwas_credible_sets,N,N,OpenTargets_Platform
PLPP7,phospholipid phosphatase 7 (inactive),N,Y,0.08606347612112895,gwas_credible_sets,N,N,OpenTargets_Platform
PLXNA3,plexin A3,N,N,0.015883104899358045,europepmc,Y,N,ClinVar
PLXNA4,plexin A4,N,Y,0.09367774649289445,gwas_credible_sets|europepmc,N,N,OpenTargets_Platform
PLXNC1,plexin C1,N,Y,0.18896991266209234,gwas_credible_sets,N,N,OpenTargets_Platform
PMFBP1,polyamine modulated factor 1 binding protein 1,N,Y,0.1706576946277745,gwas_credible_sets,N,N,OpenTargets_Platform
PNO1,partner of NOB1 homolog,N,Y,0.02956285995741878,gwas_credible_sets|europepmc,N,N,OpenTargets_Platform
PNPT1,polyribonucleotide nucleotidyltransferase 1,N,Y,0.11087395640541053,eva,Y,N,OpenTargets_Platform|ClinVar
POC1B,POC1 centriolar protein B,N,Y,0.14564846171612617,gwas_credible_sets,Y,N,OpenTargets_Platform|ClinVar
POC1B-DUSP6,,N,N,,,Y,N,ClinVar
POC1B-GALNT4,,N,N,,,Y,N,ClinVar
PODXL,podocalyxin like,N,Y,0.3505666890510691,gwas_credible_sets|europepmc,N,N,OpenTargets_Platform
POFUT3,protein O-fucosyltransferase 3,N,Y,0.0249537468072954,gwas_credible_sets,N,N,OpenTargets_Platform
POFUT4,protein O-fucosyltransferase 4,N,Y,0.02646419054504979,gwas_credible_sets|europepmc,N,N,OpenTargets_Platform
POGZ,pogo transposable element derived with ZNF domain,Y,N,0.005779818282985754,europepmc,N,N,OMIM
POLG,"DNA polymerase gamma, catalytic subunit",N,Y,0.22621661463202689,gwas_credible_sets|europepmc,N,N,OpenTargets_Platform
POLGARF,POLG alternative reading frame,N,Y,0.14386235877142617,gwas_credible_sets,N,N,OpenTargets_Platform
POLR2B,RNA polymerase II subunit B,N,Y,0.020236497225735426,gwas_credible_sets,N,N,OpenTargets_Platform
POLR2I,RNA polymerase II subunit I,N,Y,0.15270162796553752,gwas_credible_sets,N,N,OpenTargets_Platform
POLR3G,RNA polymerase III subunit G,N,Y,0.02864336416274124,gwas_credible_sets,N,N,OpenTargets_Platform
POM121L12,POM121 transmembrane nucleoporin like 12,N,Y,0.17515809805361393,gwas_credible_sets,N,N,OpenTargets_Platform
POMC,proopiomelanocortin,Y,N,0.03939234605439175,europepmc,N,N,OMIM
POP7,POP7 ribonuclease P/MRP subunit,N,Y,0.02640371693918829,gwas_credible_sets,N,N,OpenTargets_Platform
POU3F3,POU class 3 homeobox 3,N,Y,0.27471689683824824,gwas_credible_sets|europepmc,N,N,OpenTargets_Platform
PPARGC1A,PPARG coactivator 1 alpha,N,Y,0.3090629091040421,gwas_credible_sets|europepmc,N,N,OpenTargets_Platform
PPIG,peptidylprolyl isomerase G,N,Y,0.020967657521435097,gwas_credible_sets|europepmc,N,N,OpenTargets_Platform
PPIP5K2,diphosphoinositol pentakisphosphate kinase 2,N,Y,0.2082444313768119,gwas_credible_sets,N,N,OpenTargets_Platform
PPM1M,"protein phosphatase, Mg2+/Mn2+ dependent 1M",N,Y,0.05810687884109606,gwas_credible_sets|europepmc,N,N,OpenTargets_Platform
PPP1R13B,protein phosphatase 1 regulatory subunit 13B,N,Y,0.36580225486480306,gwas_credible_sets,Y,N,OpenTargets_Platform|ClinVar
PPP1R16A,protein phosphatase 1 regulatory subunit 16A,N,Y,0.05831415127917505,gwas_credible_sets,N,N,OpenTargets_Platform
PPP1R16B,protein phosphatase 1 regulatory subunit 16B,N,Y,0.5086468043990253,gwas_credible_sets|europepmc,N,N,OpenTargets_Platform
PPP1R1B,protein phosphatase 1 regulatory inhibitor subunit 1B,Y,N,0.10927979633191925,europepmc,N,N,OMIM
PPP1R21,protein phosphatase 1 regulatory subunit 21,N,Y,0.01894527674710952,gwas_credible_sets,N,N,OpenTargets_Platform
PPP1R2B,PPP1R2 family member B,N,Y,0.02327232963790078,gwas_credible_sets,N,N,OpenTargets_Platform
PPP1R8,protein phosphatase 1 regulatory subunit 8,N,Y,0.02003098069341678,gwas_credible_sets,N,N,OpenTargets_Platform
PPP2R2A,protein phosphatase 2 regulatory subunit Balpha,N,Y,0.2792507232706146,gwas_credible_sets,N,N,OpenTargets_Platform
PPP2R2B,protein phosphatase 2 regulatory subunit Bbeta,N,Y,0.37497732348117285,gwas_credible_sets|europepmc,N,N,OpenTargets_Platform
PPP2R3A,protein phosphatase 2 regulatory subunit B''alpha,N,Y,0.045970118781280475,gwas_credible_sets,N,N,OpenTargets_Platform
PPP3CA,protein phosphatase 3 catalytic subunit alpha,N,Y,0.2084322606152615,gwas_credible_sets|europepmc,N,N,OpenTargets_Platform
PPP3CC,protein phosphatase 3 catalytic subunit gamma,Y,N,0.023791280019243972,europepmc,N,N,OMIM
PPP3R1,"protein phosphatase 3 regulatory subunit B, alpha",N,Y,0.03404951716445047,gwas_credible_sets|europepmc,N,N,OpenTargets_Platform
PRC1,protein regulator of cytokinesis 1,N,Y,0.23067294982868639,gwas_credible_sets,N,N,OpenTargets_Platform
PRKACB,protein kinase cAMP-activated catalytic subunit beta,N,Y,0.025606141190406256,gwas_credible_sets,N,N,OpenTargets_Platform
PRKCE,protein kinase C epsilon,N,Y,0.22620590883258024,gwas_credible_sets,N,N,OpenTargets_Platform
PRKCQ,protein kinase C theta,N,Y,0.1698347803944757,gwas_credible_sets,N,N,OpenTargets_Platform
PRKD1,protein kinase D1,N,Y,0.4468072243054406,gwas_credible_sets|europepmc,N,N,OpenTargets_Platform
PRKD3,protein kinase D3,N,Y,0.34411732088047436,gwas_credible_sets,N,N,OpenTargets_Platform
PRKG1,protein kinase cGMP-dependent 1,N,Y,0.11224643226021046,eva|europepmc,Y,N,OpenTargets_Platform|ClinVar
PRKG2,protein kinase cGMP-dependent 2,N,Y,0.230447882846458,gwas_credible_sets,N,N,OpenTargets_Platform
PRKN,parkin RBR E3 ubiquitin protein ligase,N,Y,0.14890086614369386,eva|europepmc,Y,N,OpenTargets_Platform|ClinVar
PRLR,prolactin receptor,N,Y,0.14341494930504478,eva|europepmc,Y,N,OpenTargets_Platform|ClinVar
PRMT3,protein arginine methyltransferase 3,N,Y,0.2997105559263607,gwas_credible_sets,N,N,OpenTargets_Platform
PRMT5,protein arginine methyltransferase 5,N,Y,0.042156602097330714,gwas_credible_sets,N,N,OpenTargets_Platform
PRMT7,protein arginine methyltransferase 7,N,Y,0.18232230981337424,gwas_credible_sets|europepmc,N,N,OpenTargets_Platform
PRODH,proline dehydrogenase 1,Y,Y,0.20006590148118839,genomics_england|europepmc,Y,N,OMIM|OpenTargets_Platform|ClinVar
PRORP,protein only RNase P catalytic subunit,Y,N,,,N,N,OMIM
PRPF3,pre-mRNA processing factor 3,N,Y,0.03297968305810683,gwas_credible_sets|europepmc,N,N,OpenTargets_Platform
PRPF40B,pre-mRNA processing factor 40B,N,Y,0.1335508415700706,gwas_credible_sets,N,N,OpenTargets_Platform
PRPSAP2,phosphoribosyl pyrophosphate synthetase associated protein 2,N,Y,0.018921967654365036,gwas_credible_sets,N,N,OpenTargets_Platform
PRR20G,proline rich 20G,N,Y,0.12628054141535902,gwas_credible_sets,N,N,OpenTargets_Platform
PRSS12,serine protease 12,N,Y,0.04018940716015175,gwas_credible_sets|europepmc,N,N,OpenTargets_Platform
PRSS35,serine protease 35,N,Y,0.022001799593165252,gwas_credible_sets,N,N,OpenTargets_Platform
PRSS51,serine protease 51,N,Y,0.07137292317250207,gwas_credible_sets,N,N,OpenTargets_Platform
PRSS55,serine protease 55,N,Y,0.16072921892787911,gwas_credible_sets,N,N,OpenTargets_Platform
PSD2,pleckstrin and Sec7 domain containing 2,N,Y,0.027588625995063006,gwas_credible_sets,N,N,OpenTargets_Platform
PSD3,pleckstrin and Sec7 domain containing 3,N,Y,0.2961871336731153,gwas_credible_sets|europepmc,N,N,OpenTargets_Platform
PSEN1,presenilin 1,Y,N,0.012093345880641338,europepmc,N,N,OMIM
PSMA4,proteasome 20S subunit alpha 4,N,Y,0.07567026834585651,gwas_credible_sets|europepmc,N,N,OpenTargets_Platform
PSMA8,proteasome 20S subunit alpha 8,N,Y,0.051536129206265456,gwas_credible_sets|europepmc,N,N,OpenTargets_Platform
PSMD11,"proteasome 26S subunit, non-ATPase 11",N,Y,0.04691502740462662,gwas_credible_sets,N,N,OpenTargets_Platform
PSMD14,"proteasome 26S subunit, non-ATPase 14",N,Y,0.02083667676287259,gwas_credible_sets,N,N,OpenTargets_Platform
PSMD6,"proteasome 26S subunit, non-ATPase 6",N,Y,0.2855695255858134,gwas_credible_sets,N,N,OpenTargets_Platform
PSMG3,proteasome assembly chaperone 3,N,Y,0.035437603987299865,gwas_credible_sets|europepmc,N,N,OpenTargets_Platform
PTBP2,polypyrimidine tract binding protein 2,N,Y,0.4294537487182407,gwas_credible_sets|europepmc,N,N,OpenTargets_Platform
PTEN,phosphatase and tensin homolog,N,Y,0.1139501715437654,eva|europepmc,Y,N,OpenTargets_Platform|ClinVar
PTGIS,prostaglandin I2 synthase,N,Y,0.30774472684443,gwas_credible_sets|expression_atlas,Y,N,OpenTargets_Platform|ClinVar
PTGS2,prostaglandin-endoperoxide synthase 2,N,Y,0.08789815905776222,clinical_precedence|gwas_credible_sets|europepmc,N,N,OpenTargets_Platform
PTMS,parathymosin,N,Y,0.0463934105135823,gwas_credible_sets|impc,N,N,OpenTargets_Platform
PTN,pleiotrophin,N,Y,0.3077411986026907,gwas_credible_sets|europepmc,N,N,OpenTargets_Platform
PTP4A1,protein tyrosine phosphatase 4A1,N,Y,0.06408805449062713,gwas_credible_sets,N,N,OpenTargets_Platform
PTPN14,protein tyrosine phosphatase non-receptor type 14,N,Y,0.3239540610474884,gwas_credible_sets,N,N,OpenTargets_Platform
PTPRA,protein tyrosine phosphatase receptor type A,N,Y,0.13216477486427775,gwas_credible_sets|europepmc,N,N,OpenTargets_Platform
PTPRB,protein tyrosine phosphatase receptor type B,N,Y,0.026032746788678066,gwas_credible_sets|europepmc,N,N,OpenTargets_Platform
PTPRD,protein tyrosine phosphatase receptor type D,N,Y,0.34486349800241517,gwas_credible_sets|europepmc,N,N,OpenTargets_Platform
PTPRF,protein tyrosine phosphatase receptor type F,N,Y,0.3928638420604306,gwas_credible_sets|europepmc,N,N,OpenTargets_Platform
PTPRM,protein tyrosine phosphatase receptor type M,N,Y,0.2787915533754237,gwas_credible_sets|europepmc,Y,N,OpenTargets_Platform|ClinVar
PTPRR,protein tyrosine phosphatase receptor type R,N,Y,0.0998781493199247,gwas_credible_sets|europepmc|expression_atlas,N,N,OpenTargets_Platform
PTPRT,protein tyrosine phosphatase receptor type T,N,N,0.007925434661571938,europepmc,Y,N,ClinVar
PUF60,poly(U) binding splicing factor 60,N,Y,0.021127156521555966,gwas_credible_sets,N,N,OpenTargets_Platform
PVALB,parvalbumin,Y,N,0.10242996717228108,europepmc,N,N,OMIM
PXDC1,PX domain containing 1,N,Y,0.06844664831500866,gwas_credible_sets,N,N,OpenTargets_Platform
PXDNL,peroxidasin like,N,Y,0.041662253826648545,gwas_credible_sets,N,N,OpenTargets_Platform
PYCR3,pyrroline-5-carboxylate reductase 3,N,Y,0.15068851263116392,gwas_credible_sets,N,N,OpenTargets_Platform
QARS1,glutaminyl-tRNA synthetase 1,N,Y,0.02626441550900668,gwas_credible_sets,N,N,OpenTargets_Platform
QDPR,quinoid dihydropteridine reductase,N,Y,0.08140676110244831,gwas_credible_sets|europepmc,N,N,OpenTargets_Platform
QKI,"QKI, KH domain containing RNA binding",Y,N,0.0394749915988667,europepmc,N,N,OMIM
QPCT,glutaminyl-peptide cyclotransferase,N,Y,0.3558397564417517,gwas_credible_sets|europepmc,N,N,OpenTargets_Platform
QRICH1,glutamine rich 1,N,Y,0.021021261922657603,gwas_credible_sets,N,N,OpenTargets_Platform
QTMAN,queuosine-tRNA mannosyltransferase,N,Y,0.1932327432106665,gwas_credible_sets,N,N,OpenTargets_Platform
R3HDM2,R3H domain containing 2,N,Y,0.08972767716505181,gwas_credible_sets,N,N,OpenTargets_Platform
RAB11FIP3,RAB11 family interacting protein 3,N,Y,0.026597450883455713,gwas_credible_sets,N,N,OpenTargets_Platform
RAB27B,"RAB27B, member RAS oncogene family",N,Y,0.31446361792010485,gwas_credible_sets,N,N,OpenTargets_Platform
RAB32,"RAB32, member RAS oncogene family",N,Y,0.10157332803936456,gwas_credible_sets|europepmc,N,N,OpenTargets_Platform
RAB39B,"RAB39B, member RAS oncogene family",Y,N,,,N,N,OMIM
RAB4A,"RAB4A, member RAS oncogene family",N,Y,0.2082899205926582,gwas_credible_sets,N,N,OpenTargets_Platform
RAB5B,"RAB5B, member RAS oncogene family",N,Y,0.06186630930124932,impc|gwas_credible_sets,N,N,OpenTargets_Platform
RAD51,RAD51 recombinase,N,Y,0.1416059463486795,gwas_credible_sets,N,N,OpenTargets_Platform
RAD9B,RAD9 checkpoint clamp component B,N,Y,0.03607107572865556,gwas_credible_sets,N,N,OpenTargets_Platform
RAI1,retinoic acid induced 1,Y,N,0.02761082205482111,europepmc,N,N,OMIM
RALGPS1,Ral GEF with PH domain and SH3 binding motif 1,N,Y,0.431227594175798,gwas_credible_sets,N,N,OpenTargets_Platform
RALYL,RALY RNA binding protein like,N,Y,0.16416150417478428,gwas_credible_sets,N,N,OpenTargets_Platform
RANGAP1,Ran GTPase activating protein 1,N,Y,0.020990666349695923,gwas_credible_sets|europepmc,N,N,OpenTargets_Platform
RAP1A,"RAP1A, member of RAS oncogene family",N,Y,0.025698635448889354,gwas_credible_sets|europepmc,N,N,OpenTargets_Platform
RAPGEF4,Rap guanine nucleotide exchange factor 4,N,Y,0.314097678573361,gwas_credible_sets|europepmc,N,N,OpenTargets_Platform
RARB,retinoic acid receptor beta,Y,N,0.014475210975150822,europepmc,N,N,OMIM
RARG,retinoic acid receptor gamma,N,Y,0.06519630255086332,gwas_credible_sets|europepmc,N,N,OpenTargets_Platform
RASA1,RAS p21 protein activator 1,N,Y,0.024446338368576077,gwas_credible_sets|europepmc,N,N,OpenTargets_Platform
RASGRP1,RAS guanyl releasing protein 1,N,Y,0.1166024441530234,eva|europepmc,Y,N,OpenTargets_Platform|ClinVar
RASL10B,RAS like family 10 member B,N,Y,0.07719951415806474,gwas_credible_sets,N,N,OpenTargets_Platform
RASSF1,Ras association domain family member 1,N,Y,0.17289197637078257,gwas_credible_sets|europepmc,N,N,OpenTargets_Platform
RASSF10,Ras association domain family member 10,N,Y,0.08215991764160407,gwas_credible_sets,N,N,OpenTargets_Platform
RB1CC1,RB1 inducible coiled-coil 1,N,N,0.12624539042484742,gene_burden|europepmc,Y,N,ClinVar
RBFOX1,RNA binding fox-1 homolog 1,N,Y,0.39235950463374014,gwas_credible_sets|europepmc,Y,N,OpenTargets_Platform|ClinVar
RBKS,ribokinase,N,Y,0.29291450208940867,gwas_credible_sets,N,N,OpenTargets_Platform
RBM11,RNA binding motif protein 11,N,Y,0.02009105013916054,gwas_credible_sets,N,N,OpenTargets_Platform
RBM12,RNA binding motif protein 12,Y,Y,0.5701570014863342,eva|uniprot_variants|uniprot_literature|europepmc,Y,N,OMIM|OpenTargets_Platform|ClinVar
RBM15B,RNA binding motif protein 15B,N,Y,0.035833773537924704,gwas_credible_sets,N,N,OpenTargets_Platform
RBM18,RNA binding motif protein 18,N,Y,0.02323178861339079,gwas_credible_sets,N,N,OpenTargets_Platform
RBM23,RNA binding motif protein 23,N,Y,0.16186909001156657,gwas_credible_sets,N,N,OpenTargets_Platform
RBM26,RNA binding motif protein 26,N,Y,0.3429519095491795,gwas_credible_sets|europepmc,N,N,OpenTargets_Platform
RBM33,RNA binding motif protein 33,N,Y,0.25253374524385835,gwas_credible_sets,N,N,OpenTargets_Platform
RBM5,RNA binding motif protein 5,N,Y,0.036211585638232124,gwas_credible_sets,N,N,OpenTargets_Platform
RBM6,RNA binding motif protein 6,N,Y,0.08208678168845976,gwas_credible_sets|europepmc,N,N,OpenTargets_Platform
RBMS1,RNA binding motif single stranded interacting protein 1,N,Y,0.25989729278388585,gwas_credible_sets,N,N,OpenTargets_Platform
RBPJ,recombination signal binding protein for immunoglobulin kappa J region,N,Y,0.11087395640541053,eva,Y,N,OpenTargets_Platform|ClinVar
RBX1,ring-box 1,N,Y,0.0200382267510136,gwas_credible_sets,N,N,OpenTargets_Platform
RCBTB1,RCC1 and BTB domain containing protein 1,N,Y,0.3250567400767312,gwas_credible_sets|europepmc,N,N,OpenTargets_Platform
RCCD1,RCC1 domain containing 1,N,Y,0.16485453345760773,gwas_credible_sets|europepmc,N,N,OpenTargets_Platform
RCOR2,REST corepressor 2,N,Y,0.1931701423350361,gwas_credible_sets,N,N,OpenTargets_Platform
RCVRN,recoverin,N,Y,0.0340576190158907,gwas_credible_sets|europepmc,N,N,OpenTargets_Platform
RD3,RD3 regulator of GUCY2D,N,Y,0.048877887068394237,gwas_credible_sets,N,N,OpenTargets_Platform
RDH10,retinol dehydrogenase 10,N,Y,0.06450323445351289,gwas_credible_sets,N,N,OpenTargets_Platform
RDH5,retinol dehydrogenase 5,N,Y,0.028717196023787653,gwas_credible_sets,N,N,OpenTargets_Platform
RECQL4,RecQ like helicase 4,N,Y,0.021601293482049772,gwas_credible_sets,N,N,OpenTargets_Platform
REEP3,receptor accessory protein 3,N,Y,0.04022435259501543,gwas_credible_sets|europepmc,N,N,OpenTargets_Platform
RELA,"RELA proto-oncogene, NF-kB subunit",N,Y,0.05592901877732193,europepmc|gwas_credible_sets,Y,N,OpenTargets_Platform|ClinVar
RELL1,RELT like 1,N,Y,0.023820268170011552,gwas_credible_sets,N,N,OpenTargets_Platform
RELN,reelin,Y,N,0.09936678764089454,europepmc,Y,N,OMIM|ClinVar
RERE,arginine-glutamic acid dipeptide repeats,N,Y,0.26142893714863763,gwas_credible_sets|europepmc,N,N,OpenTargets_Platform
REST,RE1 silencing transcription factor,Y,N,0.055936428962124654,europepmc,N,N,OMIM
RETREG3,reticulophagy regulator family member 3,N,Y,0.042940211665557525,gwas_credible_sets,N,N,OpenTargets_Platform
REV3L,"REV3 like, DNA directed polymerase zeta catalytic subunit",N,Y,0.3426401332486011,gwas_credible_sets,N,N,OpenTargets_Platform
RFC3,replication factor C subunit 3,N,Y,0.18896991266209234,gwas_credible_sets,N,N,OpenTargets_Platform
RFTN2,raftlin family member 2,N,Y,0.028516738514581207,gwas_credible_sets,N,N,OpenTargets_Platform
RGS17,regulator of G protein signaling 17,N,Y,0.26365990553850904,gwas_credible_sets|europepmc,N,N,OpenTargets_Platform
RGS4,regulator of G protein signaling 4,Y,Y,0.21040695090720568,uniprot_literature|europepmc|impc|expression_atlas,N,N,OMIM|OpenTargets_Platform
RGS6,regulator of G protein signaling 6,N,Y,0.5382785185046779,gwas_credible_sets|europepmc,N,N,OpenTargets_Platform
RHBDL3,rhomboid like 3,N,Y,0.052518241420444305,gwas_credible_sets,N,N,OpenTargets_Platform
RHOBTB1,Rho related BTB domain containing 1,N,Y,0.02828147156698972,gwas_credible_sets,N,N,OpenTargets_Platform
RIMS1,regulating synaptic membrane exocytosis 1,N,Y,0.10702603299147193,gwas_credible_sets|europepmc,N,N,OpenTargets_Platform
RIN3,Ras and Rab interactor 3,N,Y,0.2550162624748293,gwas_credible_sets|europepmc,N,N,OpenTargets_Platform
RING1,ring finger protein 1,Y,N,0.0018478992734235094,europepmc,N,N,OMIM
RIOK3,RIO kinase 3,N,Y,0.020246019120916812,gwas_credible_sets,N,N,OpenTargets_Platform
RMC1,regulator of MON1-CCZ1,N,Y,0.1488518387304334,gwas_credible_sets,N,N,OpenTargets_Platform
RNASE4,ribonuclease A family member 4,N,Y,0.32774420488886097,gwas_credible_sets,N,N,OpenTargets_Platform
RNASEH2C,ribonuclease H2 subunit C,N,Y,0.045521481661003116,gwas_credible_sets,N,N,OpenTargets_Platform
RNF111,ring finger protein 111,N,Y,0.02861800364954848,gwas_credible_sets,N,N,OpenTargets_Platform
RNF122,ring finger protein 122,N,Y,0.07653395027332026,gwas_credible_sets,N,N,OpenTargets_Platform
RNF228,ring finger protein 228,N,Y,0.2726758193036988,gwas_credible_sets,N,N,OpenTargets_Platform
RNF34,ring finger protein 34,N,Y,0.18646223427744602,gwas_credible_sets,N,N,OpenTargets_Platform
RNF38,ring finger protein 38,N,Y,0.03953913279172656,gwas_credible_sets,N,N,OpenTargets_Platform
ROGDI,rogdi atypical leucine zipper,Y,N,0.004619748183558772,europepmc,N,N,OMIM
RORA,RAR related orphan receptor A,N,Y,0.3863547889612483,gwas_credible_sets|impc|europepmc,N,N,OpenTargets_Platform
RP1L1,RP1 like 1,N,Y,0.023292777756355656,gwas_credible_sets,N,N,OpenTargets_Platform
RPGRIP1L,RPGRIP1 like,N,Y,0.057653245357119805,gwas_credible_sets|europepmc,N,N,OpenTargets_Platform
RPL10,ribosomal protein L10,Y,N,,,N,N,OMIM
RPL10L,ribosomal protein L10 like,N,Y,0.1658570403486736,gwas_credible_sets,N,N,OpenTargets_Platform
RPL15,ribosomal protein L15,N,Y,0.11156162998842117,gwas_credible_sets,N,N,OpenTargets_Platform
RPL7,ribosomal protein L7,N,Y,0.13533912948406682,gwas_credible_sets,N,N,OpenTargets_Platform
RPP30,ribonuclease P/MRP subunit p30,N,Y,0.026326448604692958,gwas_credible_sets,N,N,OpenTargets_Platform
RPRD2,regulation of nuclear pre-mRNA domain containing 2,N,Y,0.03241733103940764,gwas_credible_sets,N,N,OpenTargets_Platform
RPS13,ribosomal protein S13,N,Y,0.04178059832827883,gwas_credible_sets|europepmc,N,N,OpenTargets_Platform
RPS17,ribosomal protein S17,N,Y,0.07588376925332165,gwas_credible_sets|europepmc,N,N,OpenTargets_Platform
RPS19BP1,ribosomal protein S19 binding protein 1,N,Y,0.043045527935223614,gwas_credible_sets,N,N,OpenTargets_Platform
RPS26,ribosomal protein S26,N,Y,0.06633025516815336,gwas_credible_sets|europepmc,N,N,OpenTargets_Platform
RPS6,ribosomal protein S6,N,Y,0.030723869022044558,gwas_credible_sets|europepmc,N,N,OpenTargets_Platform
RPS6KA3,ribosomal protein S6 kinase A3,Y,N,0.008869916512432843,europepmc,N,N,OMIM
RPTOR,regulatory associated protein of MTOR complex 1,N,Y,0.2950662204649193,gwas_credible_sets|europepmc,N,N,OpenTargets_Platform
RRAS,RAS related,N,Y,0.021437574677161307,gwas_credible_sets|europepmc,N,N,OpenTargets_Platform
RRN3,RNA polymerase I transcription factor RRN3,N,Y,0.04863802232309334,gwas_credible_sets,N,N,OpenTargets_Platform
RRP15,ribosomal RNA processing 15 homolog,N,Y,0.02846088962547113,gwas_credible_sets,N,N,OpenTargets_Platform
RSRC1,arginine and serine rich coiled-coil 1,Y,Y,0.3244583604551455,gwas_credible_sets|eva|europepmc,Y,N,OMIM|OpenTargets_Platform|ClinVar
RTKN2,rhotekin 2,N,Y,0.05929537415715543,gwas_credible_sets|europepmc,N,N,OpenTargets_Platform
RTN1,reticulon 1,N,Y,0.2760721930511438,gwas_credible_sets|expression_atlas|europepmc,N,N,OpenTargets_Platform
RTN4R,reticulon 4 receptor,Y,Y,0.6739217069185306,uniprot_variants|uniprot_literature|eva|europepmc,Y,N,OMIM|OpenTargets_Platform|ClinVar
RTP2,receptor transporter protein 2,N,Y,0.021798513464287007,gwas_credible_sets,N,N,OpenTargets_Platform
RUNDC3B,RUN domain containing 3B,N,Y,0.3688955481280258,gwas_credible_sets|impc,N,N,OpenTargets_Platform
RWDD2A,RWD domain containing 2A,N,Y,0.01876366821216287,gwas_credible_sets,N,N,OpenTargets_Platform
RWDD3,RWD domain containing 3,N,Y,0.02090261134358927,gwas_credible_sets,N,N,OpenTargets_Platform
RXRA,retinoid X receptor alpha,N,Y,0.3554780733543886,clinical_precedence|europepmc,N,N,OpenTargets_Platform
RXRB,retinoid X receptor beta,Y,Y,0.3569426361896475,clinical_precedence|europepmc,N,N,OMIM|OpenTargets_Platform
RXRG,retinoid X receptor gamma,Y,Y,0.355587150742056,clinical_precedence|europepmc,N,N,OMIM|OpenTargets_Platform
RYR2,ryanodine receptor 2,N,N,0.008261752329335018,europepmc,Y,N,ClinVar
RYR3,ryanodine receptor 3,N,Y,0.2682295460660518,gwas_credible_sets|impc|europepmc,N,N,OpenTargets_Platform
S1PR1,sphingosine-1-phosphate receptor 1,N,Y,0.09532925716578468,europepmc|clinical_precedence|expression_atlas,N,N,OpenTargets_Platform
S1PR2,sphingosine-1-phosphate receptor 2,N,Y,0.07391597093694036,clinical_precedence,N,N,OpenTargets_Platform
S1PR3,sphingosine-1-phosphate receptor 3,N,Y,0.07391597093694036,clinical_precedence,N,N,OpenTargets_Platform
S1PR4,sphingosine-1-phosphate receptor 4,N,Y,0.07391597093694036,clinical_precedence,N,N,OpenTargets_Platform
S1PR5,sphingosine-1-phosphate receptor 5,N,Y,0.07761176948378738,clinical_precedence|europepmc,N,N,OpenTargets_Platform
SACK1D,scaffolding CK1 anchoring protein D,N,Y,0.0207979338290374,gwas_credible_sets,N,N,OpenTargets_Platform
SACK1H,scaffolding CK1 anchoring protein H,N,Y,0.021550750568523687,gwas_credible_sets|europepmc,N,N,OpenTargets_Platform
SAMD9,sterile alpha motif domain containing 9,N,Y,0.09132638564363066,gwas_credible_sets,N,N,OpenTargets_Platform
SAMD9L,sterile alpha motif domain containing 9 like,N,Y,0.027842010496032986,gwas_credible_sets,N,N,OpenTargets_Platform
SAMM50,SAMM50 sorting and assembly machinery component,N,Y,0.2085912728797174,gwas_credible_sets,N,N,OpenTargets_Platform
SAP30L,SAP30 like,N,Y,0.13857545374875635,gwas_credible_sets,N,N,OpenTargets_Platform
SATB1,SATB homeobox 1,N,Y,0.19922144744443618,gwas_credible_sets|europepmc,N,N,OpenTargets_Platform
SATB2,SATB homeobox 2,N,Y,0.4597723971836116,gwas_credible_sets|europepmc,N,N,OpenTargets_Platform
SCAF1,SR-related CTD associated factor 1,N,Y,0.04758786321498203,gwas_credible_sets|europepmc,N,N,OpenTargets_Platform
SCAMP1,secretory carrier membrane protein 1,N,Y,0.03392781497674206,gwas_credible_sets,N,N,OpenTargets_Platform
SCAPER,S-phase cyclin A associated protein in the ER,N,Y,0.11124353626009523,eva|europepmc,Y,N,OpenTargets_Platform|ClinVar
SCARA3,scavenger receptor class A member 3,N,Y,0.0403075646083397,gwas_credible_sets,N,N,OpenTargets_Platform
SCD5,stearoyl-CoA desaturase 5,N,Y,0.22607853902821062,gwas_credible_sets,N,N,OpenTargets_Platform
SCG3,secretogranin III,N,Y,0.12889651801911003,eva|impc,Y,N,OpenTargets_Platform|ClinVar
SCN10A,sodium voltage-gated channel alpha subunit 10,N,Y,0.3720217347604206,clinical_precedence,N,N,OpenTargets_Platform
SCN11A,sodium voltage-gated channel alpha subunit 11,N,Y,0.3720217347604206,clinical_precedence,N,N,OpenTargets_Platform
SCN1A,sodium voltage-gated channel alpha subunit 1,N,Y,0.44296399604831227,clinical_precedence|gwas_credible_sets|europepmc,N,N,OpenTargets_Platform
SCN2A,sodium voltage-gated channel alpha subunit 2,Y,Y,0.3772443290667788,clinical_precedence|europepmc,N,N,OMIM|OpenTargets_Platform
SCN3A,sodium voltage-gated channel alpha subunit 3,N,Y,0.3723913146151053,clinical_precedence|europepmc,N,N,OpenTargets_Platform
SCN3B,sodium voltage-gated channel beta subunit 3,N,Y,0.03592431820114559,gwas_credible_sets,N,N,OpenTargets_Platform
SCN4A,sodium voltage-gated channel alpha subunit 4,N,Y,0.3723913146151053,clinical_precedence|europepmc,N,N,OpenTargets_Platform
SCN5A,sodium voltage-gated channel alpha subunit 5,N,Y,0.3720217347604206,clinical_precedence,N,N,OpenTargets_Platform
SCN7A,sodium voltage-gated channel alpha subunit 7,N,Y,0.3785981538133931,clinical_precedence|gwas_credible_sets|europepmc,N,N,OpenTargets_Platform
SCN8A,sodium voltage-gated channel alpha subunit 8,N,Y,0.3729024144998139,clinical_precedence|europepmc|expression_atlas,N,N,OpenTargets_Platform
SCN9A,sodium voltage-gated channel alpha subunit 9,N,Y,0.3739620289975153,clinical_precedence|europepmc,N,N,OpenTargets_Platform
SCNN1B,sodium channel epithelial 1 subunit beta,N,Y,0.11087395640541053,eva,Y,N,OpenTargets_Platform|ClinVar
SCRIB,scribble planar cell polarity protein,N,Y,0.033848315489831346,gwas_credible_sets|europepmc,N,N,OpenTargets_Platform
SCTR,secretin receptor,N,Y,0.0750969325642641,clinical_precedence|europepmc,N,N,OpenTargets_Platform
SCYGR1,small cysteine and glycine repeat containing 1,N,Y,0.027715050975753015,gwas_credible_sets,N,N,OpenTargets_Platform
SCYGR6,small cysteine and glycine repeat containing 6,N,Y,0.025871648691310572,gwas_credible_sets,N,N,OpenTargets_Platform
SCYGR7,small cysteine and glycine repeat containing 7,N,Y,0.026863968605671387,gwas_credible_sets,N,N,OpenTargets_Platform
SCYGR8,small cysteine and glycine repeat containing 8,N,Y,0.021038305233885245,gwas_credible_sets,N,N,OpenTargets_Platform
SCZD1,schizophrenia disorder 1,Y,N,,,N,N,OMIM
SCZD10,schizophrenia disorder 10 (periodic catatonia),Y,N,,,N,N,OMIM
SCZD11,"Schizophrenia susceptibility locus, chromosome 10q-related",Y,N,,,N,N,OMIM
SCZD12,schizophrenia 12,Y,N,,,N,N,OMIM
SCZD13,schizophrenia 13,Y,N,,,N,N,OMIM
SCZD14,"schizophrenia, susceptibility to, 14",Y,N,,,N,N,OMIM
SCZD2,schizophrenia disorder 2,Y,N,,,N,N,OMIM
SCZD3,schizophrenia disorder 3,Y,N,,,N,N,OMIM
SCZD6,schizophrenia disorder 6,Y,N,,,N,N,OMIM
SCZD7,schizophrenia disorder 7,Y,N,,,N,N,OMIM
SCZD8,schizophrenia disorder 8,Y,N,,,N,N,OMIM
SDCCAG8,SHH signaling and ciliogenesis regulator SDCCAG8,N,Y,0.47997957076292047,gwas_credible_sets|europepmc,N,N,OpenTargets_Platform
SDK1,sidekick cell adhesion molecule 1,N,Y,0.3332327797927937,gwas_credible_sets|impc|europepmc,N,N,OpenTargets_Platform
SEC11A,"SEC11 homolog A, signal peptidase complex subunit",N,Y,0.02416116162200787,gwas_credible_sets|europepmc,N,N,OpenTargets_Platform
SEH1L,SEH1 like nucleoporin,N,Y,0.2617213332389564,gwas_credible_sets,N,N,OpenTargets_Platform
SELENOH,selenoprotein H,N,Y,0.1202878291454498,gwas_credible_sets,N,N,OpenTargets_Platform
SELPLG,selectin P ligand,N,Y,0.02418613506933543,gwas_credible_sets|europepmc,N,N,OpenTargets_Platform
SEMA3B,semaphorin 3B,N,Y,0.029393682616319593,gwas_credible_sets|europepmc,N,N,OpenTargets_Platform
SEMA3E,semaphorin 3E,N,Y,0.274072856785212,gwas_credible_sets|europepmc,N,N,OpenTargets_Platform
SEMA3F,semaphorin 3F,N,Y,0.0402767205714943,gwas_credible_sets|europepmc,N,N,OpenTargets_Platform
SEMA6D,semaphorin 6D,N,Y,0.3257513146325982,gwas_credible_sets,N,N,OpenTargets_Platform
SEPTIN2,septin 2,N,Y,0.26668719721272005,gwas_credible_sets|europepmc,N,N,OpenTargets_Platform
SEPTIN3,septin 3,N,Y,0.08997464000102717,gwas_credible_sets,N,N,OpenTargets_Platform
SERINC4,serine incorporator 4,N,Y,0.040060838612756,gwas_credible_sets,N,N,OpenTargets_Platform
SERP2,stress associated endoplasmic reticulum protein family member 2,N,Y,0.1928241158931409,gwas_credible_sets,N,N,OpenTargets_Platform
SERPINC1,serpin family C member 1,N,Y,0.05202161368846039,gwas_credible_sets|europepmc,N,N,OpenTargets_Platform
SERPING1,serpin family G member 1,N,Y,0.20678528486995423,gwas_credible_sets|europepmc,N,N,OpenTargets_Platform
SETD1A,"SET domain containing 1A, histone lysine methyltransferase",Y,Y,0.5845105464097243,eva|gene_burden|europepmc,Y,N,OMIM|OpenTargets_Platform|ClinVar
SETD6,"SET domain containing 6, protein lysine methyltransferase",N,Y,0.20642014891225963,gwas_credible_sets,N,N,OpenTargets_Platform
SETMAR,SET and mariner transposase domain methyltransferase,N,Y,0.2517778800440214,gwas_credible_sets|europepmc,N,N,OpenTargets_Platform
SEZ6,seizure related 6 homolog,N,N,0.005715757774840405,europepmc,Y,N,ClinVar
SF3B1,splicing factor 3b subunit 1,N,Y,0.31585166555249955,gwas_credible_sets|europepmc,N,N,OpenTargets_Platform
SFMBT1,Scm like with four mbt domains 1,N,Y,0.07997826911012393,europepmc|gwas_credible_sets,N,N,OpenTargets_Platform
SFXN2,sideroflexin 2,N,Y,0.035458466312852925,gwas_credible_sets|europepmc,N,N,OpenTargets_Platform
SGCD,sarcoglycan delta,N,Y,0.4224203523818709,gwas_credible_sets,N,N,OpenTargets_Platform
SGCE,sarcoglycan epsilon,N,Y,0.21460316289184528,gwas_credible_sets,N,N,OpenTargets_Platform
SGPP2,sphingosine-1-phosphate phosphatase 2,N,Y,0.03695715994383878,gwas_credible_sets,N,N,OpenTargets_Platform
SH2B1,SH2B adaptor protein 1,N,Y,0.09904646386751025,gwas_credible_sets|europepmc,N,N,OpenTargets_Platform
SH3D21,SH3 domain containing 21,N,Y,0.029611630828147977,gwas_credible_sets,N,N,OpenTargets_Platform
SH3RF1,SH3 domain containing ring finger 1,N,Y,0.4075852320404267,gwas_credible_sets,N,N,OpenTargets_Platform
SH3TC2,,N,N,,,Y,N,ClinVar
SHANK2,SH3 and multiple ankyrin repeat domains 2,N,N,0.08864544526813697,impc|europepmc,Y,N,ClinVar
SHANK3,SH3 and multiple ankyrin repeat domains 3,Y,Y,0.7018033677091502,eva|uniprot_literature|uniprot_variants|genomics_england|gwas_credible_sets|impc|europepmc,Y,N,OMIM|OpenTargets_Platform|ClinVar
SHISA6,shisa family member 6,N,Y,0.29628993681133675,gwas_credible_sets|expression_atlas,N,N,OpenTargets_Platform
SHISA9,shisa family member 9,N,Y,0.33551416418716346,gwas_credible_sets|impc|europepmc,N,N,OpenTargets_Platform
SHMT2,serine hydroxymethyltransferase 2,N,Y,0.09871054562093148,gwas_credible_sets|europepmc,N,N,OpenTargets_Platform
SHOX,,N,N,,,Y,N,ClinVar
SHOX2,SHOX homeobox 2,N,Y,0.13610039972795068,gwas_credible_sets|europepmc,N,N,OpenTargets_Platform
SIGMAR1,sigma non-opioid intracellular receptor 1,N,Y,0.22041200125720223,clinical_precedence|impc|europepmc,N,N,OpenTargets_Platform
SINHCAF,SIN3-HDAC complex associated factor,N,Y,0.03282348716170742,gwas_credible_sets,N,N,OpenTargets_Platform
SIPA1,signal-induced proliferation-associated 1,N,Y,0.04506903262038277,gwas_credible_sets,N,N,OpenTargets_Platform
SIPA1L1,signal induced proliferation associated 1 like 1,N,Y,0.06437661513111188,gwas_credible_sets|impc|europepmc,N,N,OpenTargets_Platform
SIX2,SIX homeobox 2,N,Y,0.022160503316642873,gwas_credible_sets|europepmc,N,N,OpenTargets_Platform
SIX3,SIX homeobox 3,N,Y,0.27573524732216387,gwas_credible_sets|expression_atlas,N,N,OpenTargets_Platform
SLC12A1,solute carrier family 12 member 1,N,Y,0.037697145177839585,clinical_precedence|europepmc,N,N,OpenTargets_Platform
SLC12A2,solute carrier family 12 member 2,N,Y,0.03473632130781951,europepmc|gwas_credible_sets,N,N,OpenTargets_Platform
SLC12A5,solute carrier family 12 member 5,N,Y,0.14378748839559882,gwas_credible_sets|europepmc,N,N,OpenTargets_Platform
SLC12A7,solute carrier family 12 member 7,N,Y,0.019027728704415423,gwas_credible_sets,N,N,OpenTargets_Platform
SLC18A2,solute carrier family 18 member A2,N,Y,0.39560794489305373,clinical_precedence|europepmc,N,N,OpenTargets_Platform
SLC19A3,solute carrier family 19 member 3,N,Y,0.028134123818717622,gwas_credible_sets,N,N,OpenTargets_Platform
SLC1A1,solute carrier family 1 member 1,Y,Y,0.38076899514800666,reactome|europepmc,Y,N,OMIM|OpenTargets_Platform|ClinVar
SLC20A2,solute carrier family 20 member 2,Y,N,0.0025870589827929123,europepmc,N,N,OMIM
SLC22A23,solute carrier family 22 member 23,N,Y,0.0673657232145913,gwas_credible_sets,N,N,OpenTargets_Platform
SLC24A1,solute carrier family 24 member 1,N,Y,0.1349129076473588,gwas_credible_sets,N,N,OpenTargets_Platform
SLC24A2,solute carrier family 24 member 2,N,Y,0.30153981717763256,gwas_credible_sets,N,N,OpenTargets_Platform
SLC25A1,solute carrier family 25 member 1,Y,N,0.008615933023407856,europepmc,N,N,OMIM
SLC26A5-AS1,,N,N,,,Y,N,ClinVar
SLC27A6,solute carrier family 27 member 6,N,Y,0.02333913159773317,gwas_credible_sets,N,N,OpenTargets_Platform
SLC2A9,solute carrier family 2 member 9,N,Y,0.11124353626009523,eva|europepmc,Y,N,OpenTargets_Platform|ClinVar
SLC30A10,solute carrier family 30 member 10,N,Y,0.019631730657404232,gwas_credible_sets|europepmc,N,N,OpenTargets_Platform
SLC30A9,solute carrier family 30 member 9,N,Y,0.23790022797925858,gwas_credible_sets,N,N,OpenTargets_Platform
SLC31A1,solute carrier family 31 member 1,N,Y,0.03302686188746672,europepmc|gwas_credible_sets,N,N,OpenTargets_Platform
SLC32A1,solute carrier family 32 member 1,N,Y,0.04517812719714321,europepmc|gwas_credible_sets,N,N,OpenTargets_Platform
SLC35D4,solute carrier family 35 member D4,N,Y,0.02527642422947095,gwas_credible_sets,N,N,OpenTargets_Platform
SLC35G2,solute carrier family 35 member G2,N,Y,0.09544566506399534,gwas_credible_sets,N,N,OpenTargets_Platform
SLC35G4,solute carrier family 35 member G4,N,Y,0.0185156129297836,gwas_credible_sets,N,N,OpenTargets_Platform
SLC38A7,solute carrier family 38 member 7,N,Y,0.0714470251540683,gwas_credible_sets|europepmc,N,N,OpenTargets_Platform
SLC38A8,solute carrier family 38 member 8,N,Y,0.1790495804129805,gwas_credible_sets|impc,N,N,OpenTargets_Platform
SLC39A1,solute carrier family 39 member 1,N,Y,0.03268981862918248,gwas_credible_sets|europepmc,N,N,OpenTargets_Platform
SLC39A11,solute carrier family 39 member 11,N,Y,0.1683352113218787,gwas_credible_sets,N,N,OpenTargets_Platform
SLC39A12,solute carrier family 39 member 12,N,Y,0.06256192937028038,europepmc|gwas_credible_sets,N,N,OpenTargets_Platform
SLC39A8,solute carrier family 39 member 8,Y,Y,0.5424647866867304,gwas_credible_sets|europepmc,N,N,OMIM|OpenTargets_Platform
SLC41A3,solute carrier family 41 member 3,N,Y,0.2723144829320151,gwas_credible_sets,N,N,OpenTargets_Platform
SLC45A1,solute carrier family 45 member 1,N,Y,0.09075646777725321,gwas_credible_sets|europepmc,N,N,OpenTargets_Platform
SLC4A10,solute carrier family 4 member 10,N,Y,0.176579753617078,gwas_credible_sets|europepmc,N,N,OpenTargets_Platform
SLC4A7,solute carrier family 4 member 7,N,Y,0.028671517317270797,gwas_credible_sets|europepmc,N,N,OpenTargets_Platform
SLC66A2,solute carrier family 66 member 2,N,Y,0.3478770377661615,gwas_credible_sets,N,N,OpenTargets_Platform
SLC66A3,solute carrier family 66 member 3,N,Y,0.07150003758190984,gwas_credible_sets,N,N,OpenTargets_Platform
SLC68A1,solute carrier family 68 member 1,N,Y,0.2633145459073886,gwas_credible_sets|europepmc,N,N,OpenTargets_Platform
SLC6A1,solute carrier family 6 member 1,N,Y,0.2791969441847002,clinical_precedence|europepmc,Y,N,OpenTargets_Platform|ClinVar
SLC6A11,solute carrier family 6 member 11,N,N,0.012791569414920512,europepmc,Y,N,ClinVar
SLC6A2,solute carrier family 6 member 2,N,Y,0.39515001342508266,clinical_precedence|europepmc,N,N,OpenTargets_Platform
SLC6A3,solute carrier family 6 member 3,Y,Y,0.42551132361426347,clinical_precedence|eva|impc|europepmc,Y,N,OMIM|OpenTargets_Platform|ClinVar
SLC6A4,solute carrier family 6 member 4,Y,Y,0.4102832744122753,clinical_precedence|impc|europepmc,N,N,OMIM|OpenTargets_Platform
SLC6A9,solute carrier family 6 member 9,N,Y,0.4075108619877013,clinical_precedence|europepmc,N,N,OpenTargets_Platform
SLC7A11,solute carrier family 7 member 11,N,Y,0.3309115925709347,gwas_credible_sets|europepmc,N,N,OpenTargets_Platform
SLC7A6OS,solute carrier family 7 member 6 opposite strand,N,Y,0.033733387817578196,gwas_credible_sets,N,N,OpenTargets_Platform
SLC9A3,solute carrier family 9 member A3,N,Y,0.11152072115110875,eva|europepmc,Y,N,OpenTargets_Platform|ClinVar
SLC9A6,solute carrier family 9 member A6,Y,N,0.047121431472299476,impc|europepmc,N,N,OMIM
SLC9B1,solute carrier family 9 member B1,N,Y,0.2478611335248907,gwas_credible_sets|europepmc,N,N,OpenTargets_Platform
SLC9C2,solute carrier family 9 member C2 (putative),N,Y,0.0409901671840265,gwas_credible_sets,N,N,OpenTargets_Platform
SLCO4A1,solute carrier organic anion transporter family member 4A1,N,Y,0.21459083143945498,gwas_credible_sets|expression_atlas,N,N,OpenTargets_Platform
SLCO4C1,solute carrier organic anion transporter family member 4C1,N,Y,0.09648292419711646,gwas_credible_sets,N,N,OpenTargets_Platform
SLCO6A1,solute carrier organic anion transporter family member 6A1,N,Y,0.2482897190263377,gwas_credible_sets|europepmc,N,N,OpenTargets_Platform
SLIT2,slit guidance ligand 2,N,Y,0.2778730113185043,gwas_credible_sets|europepmc,N,N,OpenTargets_Platform
SLITRK5,SLIT and NTRK like family member 5,N,N,0.0036957985468470188,europepmc,Y,N,ClinVar
SLITRK6,SLIT and NTRK like family member 6,N,Y,0.2843166087678074,gwas_credible_sets,N,N,OpenTargets_Platform
SLTM,SAFB like transcription modulator,N,Y,0.34013351774756967,gwas_credible_sets,N,N,OpenTargets_Platform
SMARCA2,SWI/SNF related BAF chromatin remodeling complex subunit ATPase 2,Y,Y,0.24406839880131387,gwas_credible_sets|uniprot_literature|europepmc,N,N,OMIM|OpenTargets_Platform
SMARCC1,SWI/SNF related BAF chromatin remodeling complex subunit C1,N,Y,0.042304059300586457,gwas_credible_sets,N,N,OpenTargets_Platform
SMARCD1,SWI/SNF related BAF chromatin remodeling complex subunit D1,N,Y,0.24748079653904914,gwas_credible_sets,N,N,OpenTargets_Platform
SMDT1,single-pass membrane protein with aspartate rich tail 1,N,Y,0.029276755563611534,gwas_credible_sets|europepmc,N,N,OpenTargets_Platform
SMG6,SMG6 nonsense mediated mRNA decay factor,N,Y,0.28042323916584766,gwas_credible_sets|europepmc,N,N,OpenTargets_Platform
SMIM15,small integral membrane protein 15,N,Y,0.12394904077039619,gwas_credible_sets,N,N,OpenTargets_Platform
SMIM45,small integral membrane protein 45,N,Y,0.043846345357261195,gwas_credible_sets|europepmc,N,N,OpenTargets_Platform
SMOC2,SPARC related modular calcium binding 2,N,Y,0.11087395640541053,eva,Y,N,OpenTargets_Platform|ClinVar
SMPD3,sphingomyelin phosphodiesterase 3,N,Y,0.13713128158028431,gwas_credible_sets|europepmc,N,N,OpenTargets_Platform
SMPX,small muscle protein X-linked,N,Y,0.03054272207746692,gwas_credible_sets|europepmc,N,N,OpenTargets_Platform
SNAP25,synaptosome associated protein 25,Y,N,0.07620000964931894,impc|europepmc,N,N,OMIM
SNAP91,synaptosome associated protein 91,N,Y,0.48108239775166806,gwas_credible_sets|europepmc,N,N,OpenTargets_Platform
SNCA,synuclein alpha,N,Y,0.3136272208113562,gwas_credible_sets|europepmc|expression_atlas,N,N,OpenTargets_Platform
SNF8,SNF8 subunit of ESCRT-II,N,Y,0.2051728959880931,gwas_credible_sets,N,N,OpenTargets_Platform
SNORC,secondary ossification center associated regulator of chondrocyte maturation,N,Y,0.36756880741861614,gwas_credible_sets|europepmc,N,N,OpenTargets_Platform
SNRPN,small nuclear ribonucleoprotein polypeptide N,Y,N,0.005104924403903189,europepmc,N,N,OMIM
SNTG1,syntrophin gamma 1,N,Y,0.2519541707794922,gwas_credible_sets,N,N,OpenTargets_Platform
SNW1,SNW domain containing 1,N,Y,0.01865178456698935,gwas_credible_sets,N,N,OpenTargets_Platform
SNX19,sorting nexin 19,N,Y,0.45479837979644544,gwas_credible_sets|europepmc,N,N,OpenTargets_Platform
SNX29,sorting nexin 29,N,Y,0.20776910862064624,gwas_credible_sets|europepmc,N,N,OpenTargets_Platform
SNX8,sorting nexin 8,N,Y,0.039277372412148244,gwas_credible_sets|europepmc,N,N,OpenTargets_Platform
SOAT1,sterol O-acyltransferase 1,N,Y,0.04098741745863202,europepmc|gwas_credible_sets,N,N,OpenTargets_Platform
SOHLH2,spermatogenesis and oogenesis specific basic helix-loop-helix 2,N,Y,0.024472377557127244,gwas_credible_sets,N,N,OpenTargets_Platform
SORCS3,sortilin related VPS10 domain containing receptor 3,N,Y,0.4643189488069072,gwas_credible_sets|impc|europepmc,N,N,OpenTargets_Platform
SOX21,SRY-box transcription factor 21,N,Y,0.23087244151813144,gwas_credible_sets,N,N,OpenTargets_Platform
SOX5,SRY-box transcription factor 5,N,Y,0.22512431527443869,gwas_credible_sets|europepmc,N,N,OpenTargets_Platform
SOX9,SRY-box transcription factor 9,N,Y,0.27242777455473044,gwas_credible_sets|europepmc|expression_atlas,N,N,OpenTargets_Platform
SP3,Sp3 transcription factor,N,Y,0.024704634655129856,gwas_credible_sets|europepmc,N,N,OpenTargets_Platform
SP4,Sp4 transcription factor,Y,Y,0.3866969973033563,gwas_credible_sets|gene_burden|europepmc,N,N,OMIM|OpenTargets_Platform
SPAG16,sperm associated antigen 16,N,Y,0.20316179903115383,gwas_credible_sets,N,N,OpenTargets_Platform
SPATA31D1,SPATA31 subfamily D member 1,N,Y,0.23980578126488292,gwas_credible_sets|europepmc,N,N,OpenTargets_Platform
SPATA31D3,SPATA31 subfamily D member 3,N,Y,0.04869153410736386,gwas_credible_sets,N,N,OpenTargets_Platform
SPATA31D4,SPATA31 subfamily D member 4,N,Y,0.04825376924445563,gwas_credible_sets,N,N,OpenTargets_Platform
SPATA4,spermatogenesis associated 4,N,Y,0.04609414592553271,gwas_credible_sets,N,N,OpenTargets_Platform
SPATS2L,spermatogenesis associated serine rich 2 like,N,Y,0.44869681261435956,gwas_credible_sets|europepmc,N,N,OpenTargets_Platform
SPCS1,signal peptidase complex subunit 1,N,Y,0.0564658154061903,gwas_credible_sets|europepmc,N,N,OpenTargets_Platform
SPCS3,signal peptidase complex subunit 3,N,Y,0.030622046202961023,gwas_credible_sets,N,N,OpenTargets_Platform
SPECC1,sperm antigen with calponin homology and coiled-coil domains 1,N,Y,0.28066873713008783,gwas_credible_sets,N,N,OpenTargets_Platform
SPEF2,sperm flagellar and cilia associated 2,N,Y,0.11087395640541053,eva,Y,N,OpenTargets_Platform|ClinVar
SPEN,spen family transcriptional repressor,Y,N,,,N,N,OMIM
SPHKAP,"SPHK1 interactor, AKAP domain containing",N,Y,0.4269243660629362,gwas_credible_sets,N,N,OpenTargets_Platform
SPINK8,serine peptidase inhibitor Kazal type 8 (putative),N,Y,0.020996856903284376,gwas_credible_sets,N,N,OpenTargets_Platform
SPIRE2,spire type actin nucleation factor 2,N,Y,0.17360634304768047,gwas_credible_sets,N,N,OpenTargets_Platform
SPMIP4,sperm microtubule inner protein 4,N,Y,0.03716673747710247,gwas_credible_sets,N,N,OpenTargets_Platform
SPPL2C,signal peptide peptidase like 2C,N,Y,0.11310109105097702,gwas_credible_sets|europepmc,N,N,OpenTargets_Platform
SPPL3,signal peptide peptidase like 3,N,Y,0.01944372323266629,gwas_credible_sets|europepmc,N,N,OpenTargets_Platform
SPRED2,sprouty related EVH1 domain containing 2,N,Y,0.3341086427121136,gwas_credible_sets|europepmc,N,N,OpenTargets_Platform
SPRY2,sprouty RTK signaling antagonist 2,N,Y,0.2948181787344346,gwas_credible_sets|europepmc,N,N,OpenTargets_Platform
SPTBN1,"spectrin beta, non-erythrocytic 1",N,Y,0.15486347019443916,gwas_credible_sets|europepmc,N,N,OpenTargets_Platform
SPTLC1,serine palmitoyltransferase long chain base subunit 1,N,Y,0.12160636953744558,gwas_credible_sets|europepmc,N,N,OpenTargets_Platform
SRBD1,S1 RNA binding domain 1,N,Y,0.01881040893216184,gwas_credible_sets,N,N,OpenTargets_Platform
SRC,"SRC proto-oncogene, non-receptor tyrosine kinase",Y,N,0.020659298326113573,europepmc,N,N,OMIM
SRPK2,SRSF protein kinase 2,N,Y,0.456204087799337,gwas_credible_sets|europepmc,N,N,OpenTargets_Platform
SRR,serine racemase,Y,Y,0.15939557115836214,gwas_credible_sets|europepmc,N,N,OMIM|OpenTargets_Platform
SRRM1,serine and arginine repetitive matrix 1,N,Y,0.20343402940860106,gwas_credible_sets,N,N,OpenTargets_Platform
SS18,SS18 subunit of BAF chromatin remodeling complex,N,Y,0.09362216999845903,gwas_credible_sets|europepmc,N,N,OpenTargets_Platform
SSR1,signal sequence receptor subunit 1,N,Y,0.2771162276305758,gwas_credible_sets,N,N,OpenTargets_Platform
SST,somatostatin,N,Y,0.08209093589099117,europepmc|gwas_credible_sets,N,N,OpenTargets_Platform
ST3GAL3,"ST3 beta-galactoside alpha-2,3-sialyltransferase 3",N,Y,0.3682197419488536,gwas_credible_sets|europepmc,N,N,OpenTargets_Platform
ST6GAL1,"ST6 beta-galactoside alpha-2,6-sialyltransferase 1",N,Y,0.2919939107394566,gwas_credible_sets,N,N,OpenTargets_Platform
ST6GALNAC2,"ST6 N-acetylgalactosaminide alpha-2,6-sialyltransferase 2",N,Y,0.052124363187206674,gwas_credible_sets,N,N,OpenTargets_Platform
STAB1,stabilin 1,N,Y,0.07349600257554563,gwas_credible_sets|europepmc,N,N,OpenTargets_Platform
STAC,SH3 and cysteine rich domain,N,Y,0.022603795119276425,gwas_credible_sets,N,N,OpenTargets_Platform
STAC2,,N,N,,,Y,N,ClinVar
STAC3,SH3 and cysteine rich domain 3,N,Y,0.03043443126727294,gwas_credible_sets|europepmc,N,N,OpenTargets_Platform
STAG1,STAG1 cohesin complex component,N,Y,0.4121628132554869,gwas_credible_sets|europepmc,N,N,OpenTargets_Platform
STARD8,StAR related lipid transfer domain containing 8,N,Y,0.03747842155814736,gwas_credible_sets,N,N,OpenTargets_Platform
STAT6,signal transducer and activator of transcription 6,N,Y,0.029081594513601063,gwas_credible_sets|europepmc,N,N,OpenTargets_Platform
STAU1,staufen double-stranded RNA binding protein 1,N,Y,0.03629566975521119,gwas_credible_sets|europepmc,N,N,OpenTargets_Platform
STAU2,staufen double-stranded RNA binding protein 2,N,Y,0.1884331908982737,gwas_credible_sets|impc,N,N,OpenTargets_Platform
STH,saitohin,N,Y,0.1930995470665759,gwas_credible_sets|europepmc,N,N,OpenTargets_Platform
STIMATE,STIM activating enhancer,N,Y,0.051603969366581244,gwas_credible_sets|europepmc,N,N,OpenTargets_Platform
STK24,serine/threonine kinase 24,N,Y,0.31930880731393435,gwas_credible_sets|europepmc,N,N,OpenTargets_Platform
STK31,serine/threonine kinase 31,N,Y,0.12807257420426751,gwas_credible_sets,N,N,OpenTargets_Platform
STK32A,serine/threonine kinase 32A,N,Y,0.2634957651157772,gwas_credible_sets,N,N,OpenTargets_Platform
STK40,serine/threonine kinase 40,N,Y,0.04152076570618038,gwas_credible_sets,N,N,OpenTargets_Platform
STMN2,stathmin 2,N,Y,0.29509271411420956,gwas_credible_sets|impc|europepmc,N,N,OpenTargets_Platform
STUM,"stum, mechanosensory transduction mediator homolog",N,Y,0.31748505398062626,gwas_credible_sets,N,N,OpenTargets_Platform
STX11,syntaxin 11,N,Y,0.028160840166320002,gwas_credible_sets,N,N,OpenTargets_Platform
STX12,syntaxin 12,N,Y,0.14937184139887422,gwas_credible_sets|europepmc,N,N,OpenTargets_Platform
STXBP4,syntaxin binding protein 4,N,Y,0.02490464901896929,gwas_credible_sets,N,N,OpenTargets_Platform
SUFU,SUFU negative regulator of hedgehog signaling,N,Y,0.13561505869924717,gwas_credible_sets|europepmc,N,N,OpenTargets_Platform
SUGP1,SURP and G-patch domain containing 1,N,Y,0.05065701688914367,europepmc|impc|gwas_credible_sets,N,N,OpenTargets_Platform
SULT1A1,sulfotransferase family 1A member 1,N,Y,0.050987574245715435,gwas_credible_sets|europepmc,N,N,OpenTargets_Platform
SULT1A2,sulfotransferase family 1A member 2,N,Y,0.023171928440068598,gwas_credible_sets,N,N,OpenTargets_Platform
SUOX,sulfite oxidase,N,Y,0.020803943527196268,gwas_credible_sets,N,N,OpenTargets_Platform
SV2A,synaptic vesicle glycoprotein 2A,N,Y,0.06660153400282816,clinical_precedence|europepmc,N,N,OpenTargets_Platform
SYN1,synapsin I,Y,N,0.016070664929673954,europepmc,N,N,OMIM
SYN2,synapsin II,Y,Y,0.23229031128200464,uniprot_literature|eva|europepmc|expression_atlas,Y,N,OMIM|OpenTargets_Platform|ClinVar
SYN3,synapsin III,Y,N,0.03142642522185394,europepmc,N,N,OMIM
SYNE1,spectrin repeat containing nuclear envelope protein 1,N,Y,0.29986110635612545,gwas_credible_sets|europepmc,N,N,OpenTargets_Platform
SYNE2,spectrin repeat containing nuclear envelope protein 2,N,Y,0.126785421397757,gwas_credible_sets|europepmc,N,N,OpenTargets_Platform
SYNGAP1,synaptic Ras GTPase activating protein 1,Y,Y,0.11288522200970072,gwas_credible_sets|europepmc,N,N,OMIM|OpenTargets_Platform
SYNGR1,synaptogyrin 1,N,Y,0.028414598437764935,europepmc|eva,Y,N,OpenTargets_Platform|ClinVar
SYT10,synaptotagmin 10,N,Y,0.18896991266209234,gwas_credible_sets,N,N,OpenTargets_Platform
SYT13,synaptotagmin 13,N,Y,0.3484075439581373,gwas_credible_sets|expression_atlas,N,N,OpenTargets_Platform
TAAR1,trace amine associated receptor 1,N,Y,0.41827765417829765,clinical_precedence|europepmc,N,N,OpenTargets_Platform
TAAR5,trace amine associated receptor 5,Y,N,0.015399160611862575,europepmc,N,N,OMIM
TAAR6,trace amine associated receptor 6,Y,N,0.040847148730852455,europepmc,N,N,OMIM
TACR3,tachykinin receptor 3,N,Y,0.1151579791606977,clinical_precedence|europepmc,N,N,OpenTargets_Platform
TAF13,,N,N,,,Y,N,ClinVar
TAFA5,TAFA chemokine like family member 5,N,Y,0.26116306050423843,gwas_credible_sets,N,N,OpenTargets_Platform
TAMM41,,N,N,,,Y,N,ClinVar
TANC2,"tetratricopeptide repeat, ankyrin repeat and coiled-coil containing 2",Y,Y,0.11336862042453226,eva|europepmc,Y,N,OMIM|OpenTargets_Platform|ClinVar
TANK,TRAF family member associated NFKB activator,N,Y,0.21408123884924465,gwas_credible_sets,N,N,OpenTargets_Platform
TAOK2,TAO kinase 2,N,Y,0.16007020095374375,gwas_credible_sets|europepmc,N,N,OpenTargets_Platform
TARS2,"threonyl-tRNA synthetase 2, mitochondrial",N,Y,0.12196490350908899,gwas_credible_sets,N,N,OpenTargets_Platform
TBC1D15,TBC1 domain family member 15,N,Y,0.3131796327539772,gwas_credible_sets|europepmc,N,N,OpenTargets_Platform
TBC1D2,TBC1 domain family member 2,N,Y,0.047451471351595595,gwas_credible_sets|europepmc,N,N,OpenTargets_Platform
TBC1D5,TBC1 domain family member 5,N,Y,0.39825189365234565,gwas_credible_sets|europepmc,N,N,OpenTargets_Platform
TBL1XR1,TBL1X/Y related 1,N,Y,0.31044532443296247,gwas_credible_sets|europepmc,N,N,OpenTargets_Platform
TBP,TATA-box binding protein,Y,N,0.02438097769140829,europepmc,N,N,OMIM
TBR1,T-box brain transcription factor 1,N,Y,0.037240274663512284,impc|gwas_credible_sets|europepmc,N,N,OpenTargets_Platform
TBX1,T-box transcription factor 1,Y,N,0.051684346911279655,europepmc,N,N,OMIM
TCERG1,transcription elongation regulator 1,N,Y,0.029128138220136636,gwas_credible_sets,N,N,OpenTargets_Platform
TCF20,transcription factor 20,N,Y,0.24293040088047999,gwas_credible_sets|europepmc,N,N,OpenTargets_Platform
TCF4,transcription factor 4,N,Y,0.5283420981225848,gwas_credible_sets|europepmc,N,N,OpenTargets_Platform
TCF7L2,transcription factor 7 like 2,N,Y,0.40548930011594264,gwas_credible_sets|europepmc,N,N,OpenTargets_Platform
TCFL5,transcription factor like 5,N,Y,0.026198751123768512,gwas_credible_sets,N,N,OpenTargets_Platform
TCN2,transcobalamin 2,N,Y,0.04995773320426333,gwas_credible_sets|europepmc,N,N,OpenTargets_Platform
TEAD1,TEA domain transcription factor 1,N,Y,0.3048861547476589,gwas_credible_sets|europepmc,N,N,OpenTargets_Platform
TENM2,teneurin transmembrane protein 2,N,Y,0.2101960839516876,gwas_credible_sets,N,N,OpenTargets_Platform
TET2,tet methylcytosine dioxygenase 2,N,Y,0.30062497102343105,gwas_credible_sets|europepmc,N,N,OpenTargets_Platform
TET3,tet methylcytosine dioxygenase 3,N,Y,0.11087395640541053,eva,Y,N,OpenTargets_Platform|ClinVar
TFAP2B,transcription factor AP-2 beta,N,Y,0.42296123136216984,gwas_credible_sets|europepmc,N,N,OpenTargets_Platform
TFAP2D,transcription factor AP-2 delta,N,Y,0.03363176754669961,gwas_credible_sets,N,N,OpenTargets_Platform
TFB1M,"transcription factor B1, mitochondrial",N,Y,0.029132003696542605,europepmc|gwas_credible_sets,N,N,OpenTargets_Platform
TGFB2,transforming growth factor beta 2,N,Y,0.10247789915044253,gwas_credible_sets|europepmc|expression_atlas,N,N,OpenTargets_Platform
TGFBRAP1,transforming growth factor beta receptor associated protein 1,N,Y,0.18048447769870987,gwas_credible_sets,N,N,OpenTargets_Platform
TH,tyrosine hydroxylase,N,Y,0.1050845870375164,europepmc|impc|eva,Y,N,OpenTargets_Platform|ClinVar
THAP3,THAP domain containing 3,N,Y,0.12990294790367504,gwas_credible_sets,N,N,OpenTargets_Platform
THAP8,THAP domain containing 8,N,Y,0.15694993522375225,gwas_credible_sets,N,N,OpenTargets_Platform
THOC7,THO complex subunit 7,N,Y,0.49499748988955006,gwas_credible_sets|europepmc,N,N,OpenTargets_Platform
THRAP3,thyroid hormone receptor associated protein 3,N,Y,0.03865947475435698,gwas_credible_sets,N,N,OpenTargets_Platform
THRB,thyroid hormone receptor beta,N,Y,0.07584735905623402,impc|gwas_credible_sets|europepmc,N,N,OpenTargets_Platform
TIAM2,TIAM Rac1 associated GEF 2,N,Y,0.030554208615411006,gwas_credible_sets,N,N,OpenTargets_Platform
TIMD4,T cell immunoglobulin and mucin domain containing 4,N,Y,0.019976174724433925,gwas_credible_sets,N,N,OpenTargets_Platform
TIMP4,TIMP metallopeptidase inhibitor 4,N,N,0.013099552627157764,europepmc,Y,N,ClinVar
TKT,transketolase,N,Y,0.06818314376927184,gwas_credible_sets|europepmc,N,N,OpenTargets_Platform
TLCD3B,TLC domain containing 3B,N,Y,0.027236601901941094,gwas_credible_sets,N,N,OpenTargets_Platform
TLCD4,TLC domain containing 4,N,Y,0.305354732265116,gwas_credible_sets,N,N,OpenTargets_Platform
TLE3,"TLE family member 3, transcriptional corepressor",N,Y,0.2793978709950671,gwas_credible_sets,N,N,OpenTargets_Platform
TLE4,"TLE family member 4, transcriptional corepressor",N,Y,0.19888625331512125,gwas_credible_sets,N,N,OpenTargets_Platform
TLR9,toll like receptor 9,N,Y,0.030019087139834488,gwas_credible_sets|europepmc,N,N,OpenTargets_Platform
TM4SF20,transmembrane 4 L six family member 20,N,Y,0.11060853729456849,gwas_credible_sets,N,N,OpenTargets_Platform
TM6SF2,transmembrane 6 superfamily member 2,N,Y,0.03748867438423904,gwas_credible_sets,N,N,OpenTargets_Platform
TMCC3,transmembrane and coiled-coil domain family 3,N,Y,0.3744130343038497,gwas_credible_sets,N,N,OpenTargets_Platform
TMCO5A,transmembrane and coiled-coil domains 5A,N,Y,0.15687858634694474,gwas_credible_sets|europepmc,N,N,OpenTargets_Platform
TMEM115,transmembrane protein 115,N,Y,0.04090695110702342,gwas_credible_sets,N,N,OpenTargets_Platform
TMEM125,transmembrane protein 125,N,Y,0.19816221479384472,gwas_credible_sets,N,N,OpenTargets_Platform
TMEM150C,transmembrane protein 150C,N,Y,0.07127526798680686,gwas_credible_sets,N,N,OpenTargets_Platform
TMEM158,transmembrane protein 158,N,Y,0.2961245958824116,gwas_credible_sets,N,N,OpenTargets_Platform
TMEM161B,transmembrane protein 161B,N,Y,0.2795490923483266,gwas_credible_sets,N,N,OpenTargets_Platform
TMEM163,transmembrane protein 163,N,Y,0.04958028543760433,gwas_credible_sets,N,N,OpenTargets_Platform
TMEM17,transmembrane protein 17,N,Y,0.15126895475033741,gwas_credible_sets|expression_atlas,N,N,OpenTargets_Platform
TMEM178B,transmembrane protein 178B,N,Y,0.05437849701878428,gwas_credible_sets,N,N,OpenTargets_Platform
TMEM184A,transmembrane protein 184A,N,Y,0.032558382958570324,gwas_credible_sets,N,N,OpenTargets_Platform
TMEM219,transmembrane protein 219,N,Y,0.08164740780885783,gwas_credible_sets|europepmc,N,N,OpenTargets_Platform
TMEM238L,transmembrane protein 238 like,N,Y,0.025007924959013546,gwas_credible_sets,N,N,OpenTargets_Platform
TMEM243,transmembrane protein 243,N,Y,0.03798110519414737,gwas_credible_sets,N,N,OpenTargets_Platform
TMEM247,transmembrane protein 247,N,Y,0.02268542513161077,gwas_credible_sets,N,N,OpenTargets_Platform
TMEM258,transmembrane protein 258,N,Y,0.0214434580188349,gwas_credible_sets,N,N,OpenTargets_Platform
TMEM26,transmembrane protein 26,N,Y,0.0860976370903656,gwas_credible_sets,N,N,OpenTargets_Platform
TMEM276,transmembrane protein 276,N,Y,0.02614026774269348,gwas_credible_sets,N,N,OpenTargets_Platform
TMLHE,,N,N,,,Y,N,ClinVar
TMTC1,transmembrane O-mannosyltransferase targeting cadherins 1,N,Y,0.5095766468562556,gwas_credible_sets|europepmc,N,N,OpenTargets_Platform
TMX2,thioredoxin related transmembrane protein 2,N,Y,0.08924222036178579,gwas_credible_sets|europepmc,N,N,OpenTargets_Platform
TNKS,tankyrase,N,Y,0.03467450924226293,gwas_credible_sets|europepmc,N,N,OpenTargets_Platform
TNS1,tensin 1,N,Y,0.1643433580320807,gwas_credible_sets|europepmc,N,N,OpenTargets_Platform
TOM1L1,target of myb1 like 1 membrane trafficking protein,N,Y,0.301989576654598,gwas_credible_sets,N,N,OpenTargets_Platform
TOM1L2,target of myb1 like 2 membrane trafficking protein,N,Y,0.05976407203929796,gwas_credible_sets|europepmc,N,N,OpenTargets_Platform
TOP3B,DNA topoisomerase III beta,Y,N,0.04160195839412071,europepmc,N,N,OMIM
TP53I11,tumor protein p53 inducible protein 11,N,Y,0.02427657291732009,gwas_credible_sets,N,N,OpenTargets_Platform
TPH1,tryptophan hydroxylase 1,Y,N,0.03328582651444311,europepmc,N,N,OMIM
TPH2,tryptophan hydroxylase 2,Y,Y,0.053307207556901014,gwas_credible_sets|europepmc,N,N,OMIM|OpenTargets_Platform
TPRA1,transmembrane protein adipocyte associated 1,N,Y,0.01997793977209479,gwas_credible_sets,N,N,OpenTargets_Platform
TRA2B,transformer 2 beta homolog,N,Y,0.2679832707518452,gwas_credible_sets,N,N,OpenTargets_Platform
TRAF3,TNF receptor associated factor 3,N,Y,0.284299294228507,gwas_credible_sets,N,N,OpenTargets_Platform
TRAF3IP2,TRAF3 interacting protein 2,Y,Y,0.05499253210044198,gwas_credible_sets|europepmc|expression_atlas,N,N,OMIM|OpenTargets_Platform
TRAF5,TNF receptor associated factor 5,N,Y,0.019760509856461436,gwas_credible_sets,N,N,OpenTargets_Platform
TRANK1,tetratricopeptide repeat and ankyrin repeat containing 1,N,Y,0.3548418745865166,gwas_credible_sets|europepmc,N,N,OpenTargets_Platform
TRAPPC9,trafficking protein particle complex subunit 9,N,N,0.005017662493769301,europepmc,Y,N,ClinVar
TRARG1,trafficking regulator of GLUT4 (SLC2A4) 1 (gene/pseudogene),N,Y,0.022845289986597957,gwas_credible_sets,N,N,OpenTargets_Platform
TREX1,three prime repair exonuclease 1,Y,N,,,N,N,OMIM
TRHR,thyrotropin releasing hormone receptor,N,Y,0.055699743959528585,gwas_credible_sets,N,N,OpenTargets_Platform
TRIM21,tripartite motif containing 21,N,Y,0.11777642613476702,gwas_credible_sets,N,N,OpenTargets_Platform
TRIM32,tripartite motif containing 32,N,N,0.006198264807345431,europepmc,Y,N,ClinVar
TRIM77,tripartite motif containing 77,N,Y,0.113232626217297,gwas_credible_sets,N,N,OpenTargets_Platform
TRIM8,tripartite motif containing 8,N,Y,0.0666017454065648,gwas_credible_sets|europepmc,N,N,OpenTargets_Platform
TRMT61A,tRNA methyltransferase 61A,N,Y,0.24299595446056022,gwas_credible_sets,N,N,OpenTargets_Platform
TRNT1,tRNA nucleotidyl transferase 1,N,Y,0.01891585331999538,gwas_credible_sets,N,N,OpenTargets_Platform
TRPC4,transient receptor potential cation channel subfamily C member 4,N,Y,0.2988240579392141,gwas_credible_sets|europepmc,N,N,OpenTargets_Platform
TRPS1,transcriptional repressor GATA binding 1,N,Y,0.39777230401537633,gwas_credible_sets|europepmc,N,N,OpenTargets_Platform
TRRAP,transformation/transcription domain associated protein,Y,N,0.00909524499197641,europepmc,N,N,OMIM
TSEN15,tRNA splicing endonuclease subunit 15,N,Y,0.045931711367364195,gwas_credible_sets,N,N,OpenTargets_Platform
TSNARE1,t-SNARE domain containing 1,Y,Y,0.4572625583999661,gwas_credible_sets|europepmc,N,N,OMIM|OpenTargets_Platform
TSNAX,translin associated factor X,Y,N,0.030120966307121702,europepmc,N,N,OMIM
TSNAX-DISC1,,N,N,,,Y,N,ClinVar
TSPAN18,tetraspanin 18,N,Y,0.30932924391263195,gwas_credible_sets|europepmc,N,N,OpenTargets_Platform
TSPAN8,tetraspanin 8,N,Y,0.2658766251178704,gwas_credible_sets|europepmc,N,N,OpenTargets_Platform
TSSK1B,testis specific serine kinase 1B,N,Y,0.06804753276406282,gwas_credible_sets,N,N,OpenTargets_Platform
TSSK6,testis specific serine kinase 6,N,Y,0.1086487899759265,gwas_credible_sets,N,N,OpenTargets_Platform
TTBK1,tau tubulin kinase 1,N,N,0.00813075680306344,europepmc,Y,N,ClinVar
TTC12,tetratricopeptide repeat domain 12,N,Y,0.0263277896003417,gwas_credible_sets,N,N,OpenTargets_Platform
TTC14,tetratricopeptide repeat domain 14,N,Y,0.143924717822677,gwas_credible_sets,N,N,OpenTargets_Platform
TTC21B,tetratricopeptide repeat domain 21B,N,Y,0.05671356971298816,gwas_credible_sets,N,N,OpenTargets_Platform
TTC7B,tetratricopeptide repeat domain 7B,N,Y,0.378547475336055,gwas_credible_sets,N,N,OpenTargets_Platform
TTI2,TELO2 interacting protein 2,N,Y,0.028784065599417073,gwas_credible_sets,N,N,OpenTargets_Platform
TTLL11,tubulin tyrosine ligase like 11,N,Y,0.22683694228397633,gwas_credible_sets,N,N,OpenTargets_Platform
TTLL6,tubulin tyrosine ligase like 6,N,Y,0.02579824225906854,gwas_credible_sets,N,N,OpenTargets_Platform
TTLL7,tubulin tyrosine ligase like 7,N,Y,0.1424038016968717,gwas_credible_sets|impc,N,N,OpenTargets_Platform
TTN,titin,N,Y,0.1517554386328413,eva|gwas_credible_sets|europepmc,Y,N,OpenTargets_Platform|ClinVar
TTYH3,tweety family member 3,N,Y,0.25446834762354514,gwas_credible_sets,N,N,OpenTargets_Platform
TUBA1A,tubulin alpha 1a,N,Y,0.0826721389829869,clinical_precedence|impc|europepmc,N,N,OpenTargets_Platform
TUBA1B,tubulin alpha 1b,N,Y,0.07885140191304231,clinical_precedence|europepmc,N,N,OpenTargets_Platform
TUBA1C,tubulin alpha 1c,N,Y,0.07391597093694036,clinical_precedence,N,N,OpenTargets_Platform
TUBA3C,tubulin alpha 3c,N,Y,0.07391597093694036,clinical_precedence,N,N,OpenTargets_Platform
TUBA3E,tubulin alpha 3e,N,Y,0.07391597093694036,clinical_precedence,N,N,OpenTargets_Platform
TUBA4A,tubulin alpha 4a,N,Y,0.07532505928132166,clinical_precedence|europepmc|expression_atlas,N,N,OpenTargets_Platform
TUBB,tubulin beta class I,N,Y,0.07445689211869973,clinical_precedence|europepmc,N,N,OpenTargets_Platform
TUBB1,tubulin beta 1 class VI,N,Y,0.07391597093694036,clinical_precedence,N,N,OpenTargets_Platform
TUBB2A,tubulin beta 2A class IIa,N,Y,0.07668781984707562,clinical_precedence|europepmc,N,N,OpenTargets_Platform
TUBB2B,tubulin beta 2B class IIb,N,Y,0.07496424486001543,clinical_precedence|europepmc|expression_atlas,N,N,OpenTargets_Platform
TUBB3,tubulin beta 3 class III,N,Y,0.07626690945701806,clinical_precedence|europepmc,N,N,OpenTargets_Platform
TUBB4A,tubulin beta 4A class IVa,N,Y,0.07437794575529624,clinical_precedence|europepmc,N,N,OpenTargets_Platform
TUBB4B,tubulin beta 4B class IVb,N,Y,0.07391597093694036,clinical_precedence,N,N,OpenTargets_Platform
TUBB6,tubulin beta 6 class V,N,Y,0.07437794575529624,clinical_precedence|europepmc,N,N,OpenTargets_Platform
TUBB8,tubulin beta 8 class VIII,N,Y,0.07391597093694036,clinical_precedence,N,N,OpenTargets_Platform
TUBG2,tubulin gamma 2,N,Y,0.02794905058608099,gwas_credible_sets,N,N,OpenTargets_Platform
TUFM,"Tu translation elongation factor, mitochondrial",N,Y,0.03982592412397978,gwas_credible_sets,N,N,OpenTargets_Platform
TUSC1,tumor suppressor candidate 1,N,Y,0.1926409694812542,gwas_credible_sets,N,N,OpenTargets_Platform
TUSC2,"tumor suppressor 2, mitochondrial calcium regulator",N,Y,0.03965144641829749,gwas_credible_sets|europepmc,N,N,OpenTargets_Platform
TWF2,twinfilin actin binding protein 2,N,Y,0.2980377423317186,gwas_credible_sets,N,N,OpenTargets_Platform
TWIST1,twist family bHLH transcription factor 1,Y,Y,0.0691683478161991,gwas_credible_sets|europepmc,N,N,OMIM|OpenTargets_Platform
TWIST2,twist family bHLH transcription factor 2,N,Y,0.1963442542533376,gwas_credible_sets,N,N,OpenTargets_Platform
TXNL1,thioredoxin like 1,N,Y,0.2169072162456124,gwas_credible_sets,N,N,OpenTargets_Platform
TXNL4B,thioredoxin like 4B,N,Y,0.033170926192448213,gwas_credible_sets,N,N,OpenTargets_Platform
TXNRD1,thioredoxin reductase 1,N,Y,0.3411674929513668,gwas_credible_sets|europepmc,N,N,OpenTargets_Platform
TYW1B,tRNA-yW synthesizing protein 1 homolog B,N,Y,0.04481672329854725,gwas_credible_sets,N,N,OpenTargets_Platform
TYW5,tRNA-yW synthesizing protein 5,N,Y,0.4179746471385717,gwas_credible_sets|europepmc,N,N,OpenTargets_Platform
UBA3,ubiquitin like modifier activating enzyme 3,N,Y,0.02828312647127081,gwas_credible_sets,N,N,OpenTargets_Platform
UBE2D3,ubiquitin conjugating enzyme E2 D3,N,Y,0.040161246633970554,gwas_credible_sets|europepmc,N,N,OpenTargets_Platform
UBE2L6,ubiquitin conjugating enzyme E2 L6,N,Y,0.019994324976628286,gwas_credible_sets,N,N,OpenTargets_Platform
UBE2Z,ubiquitin conjugating enzyme E2 Z,N,Y,0.0737480013190318,gwas_credible_sets,N,N,OpenTargets_Platform
UBE3D,ubiquitin protein ligase E3D,N,Y,0.11495055454029417,gwas_credible_sets,N,N,OpenTargets_Platform
UBQLN1,ubiquilin 1,N,Y,0.023027363007191447,gwas_credible_sets|europepmc,N,N,OpenTargets_Platform
UFM1,ubiquitin fold modifier 1,N,Y,0.30465840951900797,gwas_credible_sets|europepmc,N,N,OpenTargets_Platform
UGGT2,UDP-glucose glycoprotein glucosyltransferase 2,N,Y,0.3080081087530997,gwas_credible_sets|europepmc,N,N,OpenTargets_Platform
ULK4,unc-51 like kinase 4,Y,N,0.03293722687352947,europepmc,Y,N,OMIM|ClinVar
UNC5C,unc-5 netrin receptor C,N,Y,0.02947964420706085,gwas_credible_sets|europepmc,N,N,OpenTargets_Platform
UNC5D,unc-5 netrin receptor D,N,Y,0.0777065597135098,gwas_credible_sets|europepmc,N,N,OpenTargets_Platform
UQCC5,ubiquinol-cytochrome c reductase complex assembly factor 5,N,Y,0.0801854357723141,gwas_credible_sets,N,N,OpenTargets_Platform
URI1,URI1 prefoldin like chaperone,N,Y,0.027232668597712093,gwas_credible_sets,N,N,OpenTargets_Platform
USP14,ubiquitin specific peptidase 14,Y,N,,,N,N,OMIM
USP19,ubiquitin specific peptidase 19,N,Y,0.027176477384507448,gwas_credible_sets,N,N,OpenTargets_Platform
USP30,ubiquitin specific peptidase 30,N,Y,0.3225864767868736,gwas_credible_sets,N,N,OpenTargets_Platform
USP43,ubiquitin specific peptidase 43,N,Y,0.024787613417206877,gwas_credible_sets,N,N,OpenTargets_Platform
UTRN,utrophin,N,Y,0.3857666935906115,gwas_credible_sets|europepmc,N,N,OpenTargets_Platform
VASN,vasorin,N,Y,0.10960470154565433,gwas_credible_sets,N,N,OpenTargets_Platform
VDR,vitamin D receptor,N,Y,0.26543733426265637,clinical_precedence|europepmc,N,N,OpenTargets_Platform
VEGFA,vascular endothelial growth factor A,N,Y,0.07433643661862158,europepmc|gwas_credible_sets,N,N,OpenTargets_Platform
VGLL4,vestigial like family member 4,N,N,0.0036957985468470188,europepmc,Y,N,ClinVar
VILL,villin like,N,Y,0.040926917348191795,gwas_credible_sets,N,N,OpenTargets_Platform
VIP,vasoactive intestinal peptide,N,Y,0.021306860647250035,gwas_credible_sets|europepmc,N,N,OpenTargets_Platform
VIPR2,vasoactive intestinal peptide receptor 2,Y,N,0.04379997429484094,europepmc,Y,N,OMIM|ClinVar
VPS13B,vacuolar protein sorting 13 homolog B,N,N,0.008572199407270168,europepmc,Y,N,ClinVar
VPS13C,vacuolar protein sorting 13 homolog C,N,Y,0.13192451055141183,gwas_credible_sets,N,N,OpenTargets_Platform
VPS29,VPS29 retromer complex component,N,Y,0.05835239973226155,gwas_credible_sets|europepmc,N,N,OpenTargets_Platform
VPS35,VPS35 retromer complex component,Y,N,0.0036957985468470188,europepmc,N,N,OMIM
VPS37A,VPS37A subunit of ESCRT-I,N,Y,0.06771675429630496,gwas_credible_sets,N,N,OpenTargets_Platform
VPS45,vacuolar protein sorting 45 homolog,N,Y,0.09681717281925548,gwas_credible_sets|europepmc,N,N,OpenTargets_Platform
VRK2,VRK serine/threonine kinase 2,N,Y,0.47755450588808096,gwas_credible_sets|europepmc,N,N,OpenTargets_Platform
VSIG2,V-set and immunoglobulin domain containing 2,N,Y,0.45756769850036544,gwas_credible_sets,N,N,OpenTargets_Platform
VTI1A,vesicle transport through interaction with t-SNAREs 1A,N,Y,0.02864675382525376,gwas_credible_sets,N,N,OpenTargets_Platform
VWC2L,von Willebrand factor C domain containing 2 like,N,Y,0.0948212130551555,gwas_credible_sets,N,N,OpenTargets_Platform
WARS1,tryptophanyl-tRNA synthetase 1,N,Y,0.11087395640541053,eva,Y,N,OpenTargets_Platform|ClinVar
WBP1L,WW domain binding protein 1 like,N,Y,0.332433577203275,gwas_credible_sets|europepmc,N,N,OpenTargets_Platform
WBP2NL,WBP2 N-terminal like,N,Y,0.13468819970455997,gwas_credible_sets|europepmc,N,N,OpenTargets_Platform
WDR17,WD repeat domain 17,N,Y,0.31476297706480183,gwas_credible_sets,N,N,OpenTargets_Platform
WDR55,WD repeat domain 55,N,Y,0.03328876725744921,gwas_credible_sets|europepmc,N,N,OpenTargets_Platform
WDR6,WD repeat domain 6,N,Y,0.021491952772156757,gwas_credible_sets,N,N,OpenTargets_Platform
WDR7,WD repeat domain 7,N,Y,0.09601491396212256,gwas_credible_sets,N,N,OpenTargets_Platform
WDR70,WD repeat domain 70,N,Y,0.01862865721082149,gwas_credible_sets,N,N,OpenTargets_Platform
WDR73,WD repeat domain 73,N,Y,0.0879235259319669,gwas_credible_sets|europepmc,N,N,OpenTargets_Platform
WDR76,WD repeat domain 76,N,Y,0.026139641646419087,gwas_credible_sets,N,N,OpenTargets_Platform
WDR82,WD repeat domain 82,N,Y,0.030966809571059375,gwas_credible_sets|europepmc,N,N,OpenTargets_Platform
WFS1,wolframin ER transmembrane glycoprotein,Y,N,0.012464491243524552,europepmc,N,N,OMIM
WNT4,Wnt family member 4,N,Y,0.17376499357190564,gwas_credible_sets,N,N,OpenTargets_Platform
WSCD2,WSC domain containing 2,N,Y,0.4961546062883277,gwas_credible_sets|impc,N,N,OpenTargets_Platform
WWOX,WW domain containing oxidoreductase,N,Y,0.14053273974385785,eva|europepmc,Y,N,OpenTargets_Platform|ClinVar
WWP2,WW domain containing E3 ubiquitin protein ligase 2,N,Y,0.10796089971724447,gwas_credible_sets,N,N,OpenTargets_Platform
XKR6,XK related 6,N,Y,0.23920283522367183,gwas_credible_sets|europepmc,N,N,OpenTargets_Platform
XPO6,exportin 6,N,Y,0.024732943750656492,gwas_credible_sets,N,N,OpenTargets_Platform
XPR1,xenotropic and polytropic retrovirus receptor 1,Y,N,,,N,N,OMIM
XRCC3,X-ray repair cross complementing 3,N,Y,0.05724365455756675,gwas_credible_sets|europepmc,N,N,OpenTargets_Platform
YIF1A,"Yip1 interacting factor homolog A, membrane trafficking protein",N,Y,0.0190847072515643,gwas_credible_sets,N,N,OpenTargets_Platform
YJEFN3,YjeF N-terminal domain containing 3,N,Y,0.039560020522914956,gwas_credible_sets|europepmc,N,N,OpenTargets_Platform
YTHDC2,YTH N6-methyladenosine RNA binding protein C2,N,Y,0.2621704979416712,gwas_credible_sets,N,N,OpenTargets_Platform
YWHAE,tyrosine 3-monooxygenase/tryptophan 5-monooxygenase activation protein epsilon,Y,Y,0.4730399505133541,gwas_credible_sets|europepmc,N,N,OMIM|OpenTargets_Platform
ZAN,zonadhesin,N,Y,0.02206443400286548,gwas_credible_sets,N,N,OpenTargets_Platform
ZAR1L,zygote arrest 1 like,N,Y,0.0679782045434338,gwas_credible_sets,N,N,OpenTargets_Platform
ZBTB18,zinc finger and BTB domain containing 18,N,Y,0.02045494860005846,gwas_credible_sets|europepmc,N,N,OpenTargets_Platform
ZBTB20,zinc finger and BTB domain containing 20,Y,N,0.0153067656481914,europepmc,N,N,OMIM
ZBTB34,zinc finger and BTB domain containing 34,N,Y,0.32292657001906805,gwas_credible_sets,N,N,OpenTargets_Platform
ZBTB37,zinc finger and BTB domain containing 37,N,Y,0.10451452437848181,gwas_credible_sets,N,N,OpenTargets_Platform
ZC3H11B,zinc finger CCCH-type containing 11B,N,Y,0.1357464727454817,gwas_credible_sets,N,N,OpenTargets_Platform
ZC3H12C,zinc finger CCCH-type containing 12C,N,Y,0.032910106669145484,gwas_credible_sets,N,N,OpenTargets_Platform
ZCCHC14,zinc finger CCHC-type containing 14,N,Y,0.3283488094362805,gwas_credible_sets,N,N,OpenTargets_Platform
ZCCHC7,zinc finger CCHC-type containing 7,N,Y,0.28643125151607135,gwas_credible_sets,N,N,OpenTargets_Platform
ZDHHC2,zDHHC palmitoyltransferase 2,N,Y,0.45549699330734816,gwas_credible_sets|europepmc,N,N,OpenTargets_Platform
ZDHHC21,zDHHC palmitoyltransferase 21,N,Y,0.11088493600294204,gwas_credible_sets|europepmc,N,N,OpenTargets_Platform
ZDHHC5,zDHHC palmitoyltransferase 5,N,Y,0.11086187429008457,gwas_credible_sets|europepmc,N,N,OpenTargets_Platform
ZDHHC8,zDHHC palmitoyltransferase 8,Y,N,0.031632392170124375,europepmc,N,N,OMIM
ZDHHC9,zDHHC palmitoyltransferase 9,Y,N,0.0044144260420672715,europepmc,N,N,OMIM
ZEB2,zinc finger E-box binding homeobox 2,N,Y,0.07708752474828447,gwas_credible_sets|europepmc,N,N,OpenTargets_Platform
ZFHX3,zinc finger homeobox 3,N,Y,0.18188019857031867,gwas_credible_sets|europepmc,N,N,OpenTargets_Platform
ZFPM2,"zinc finger protein, FOG family member 2",N,Y,0.43630597911125446,gwas_credible_sets|europepmc,N,N,OpenTargets_Platform
ZFTRAF1,zinc finger TRAF-type and ring finger containing 1,N,Y,0.05964331290290309,gwas_credible_sets|europepmc,N,N,OpenTargets_Platform
ZFYVE21,zinc finger FYVE-type containing 21,N,Y,0.11274325293461163,gwas_credible_sets|europepmc,N,N,OpenTargets_Platform
ZMYND10,zinc finger MYND-type containing 10,N,Y,0.036174164424954205,gwas_credible_sets,N,N,OpenTargets_Platform
ZMYND11,zinc finger MYND-type containing 11,N,Y,0.11308440325017266,eva|europepmc,Y,N,OpenTargets_Platform|ClinVar
ZNF195,zinc finger protein 195,N,Y,0.09506898058795511,gwas_credible_sets,N,N,OpenTargets_Platform
ZNF207,zinc finger protein 207,N,Y,0.049821612067797214,gwas_credible_sets,N,N,OpenTargets_Platform
ZNF236,zinc finger protein 236,N,Y,0.04720789953259036,gwas_credible_sets|europepmc,N,N,OpenTargets_Platform
ZNF276,zinc finger protein 276,N,Y,0.04287759102377976,gwas_credible_sets,N,N,OpenTargets_Platform
ZNF281,zinc finger protein 281,N,Y,0.3503581056632315,gwas_credible_sets,N,N,OpenTargets_Platform
ZNF354A,zinc finger protein 354A,N,Y,0.0399877660526339,gwas_credible_sets,N,N,OpenTargets_Platform
ZNF354B,zinc finger protein 354B,N,Y,0.1629468650113224,gwas_credible_sets,N,N,OpenTargets_Platform
ZNF365,zinc finger protein 365,N,Y,0.4008395203312819,gwas_credible_sets|europepmc,N,N,OpenTargets_Platform
ZNF397,zinc finger protein 397,N,Y,0.07597393500340686,gwas_credible_sets,N,N,OpenTargets_Platform
ZNF408,zinc finger protein 408,N,Y,0.16975115954055192,gwas_credible_sets,N,N,OpenTargets_Platform
ZNF451,,N,N,,,Y,N,ClinVar
ZNF507,zinc finger protein 507,N,Y,0.2179863576749591,gwas_credible_sets|europepmc,N,N,OpenTargets_Platform
ZNF516,zinc finger protein 516,N,Y,0.16461771805380454,gwas_credible_sets,N,N,OpenTargets_Platform
ZNF521,zinc finger protein 521,N,Y,0.20128585513848718,gwas_credible_sets|europepmc,N,N,OpenTargets_Platform
ZNF536,zinc finger protein 536,N,Y,0.4735657218366478,gwas_credible_sets|europepmc,N,N,OpenTargets_Platform
ZNF551,zinc finger protein 551,N,Y,0.025302891683630434,gwas_credible_sets,N,N,OpenTargets_Platform
ZNF592,zinc finger protein 592,N,Y,0.07965332127859671,gwas_credible_sets|europepmc,N,N,OpenTargets_Platform
ZNF608,zinc finger protein 608,N,Y,0.275421430298478,gwas_credible_sets|europepmc,N,N,OpenTargets_Platform
ZNF638,zinc finger protein 638,N,Y,0.2597256453408474,gwas_credible_sets,N,N,OpenTargets_Platform
ZNF664,zinc finger protein 664,N,Y,0.09438973938384183,gwas_credible_sets|europepmc,N,N,OpenTargets_Platform
ZNF804A,zinc finger protein 804A,N,Y,0.5175651060917636,gwas_credible_sets|europepmc,Y,N,OpenTargets_Platform|ClinVar
ZNF823,zinc finger protein 823,N,Y,0.3086805655301018,gwas_credible_sets|europepmc,N,N,OpenTargets_Platform
ZNF835,zinc finger protein 835,N,Y,0.3738428495626092,gwas_credible_sets,N,N,OpenTargets_Platform
ZNF860,zinc finger protein 860,N,Y,0.3209178504029569,gwas_credible_sets|europepmc,N,N,OpenTargets_Platform
ZNHIT3,zinc finger HIT-type containing 3,N,Y,0.04632727424910263,gwas_credible_sets|europepmc,N,N,OpenTargets_Platform
ZP4,zona pellucida glycoprotein 4,N,Y,0.1698347803944757,gwas_credible_sets,N,N,OpenTargets_Platform
ZSCAN2,zinc finger and SCAN domain containing 2,N,Y,0.15722932915910187,gwas_credible_sets|europepmc,N,N,OpenTargets_Platform
ZSCAN20,zinc finger and SCAN domain containing 20,N,Y,0.020693169576573956,gwas_credible_sets,N,N,OpenTargets_Platform
ZSCAN30,zinc finger and SCAN domain containing 30,N,Y,0.024326313667625627,gwas_credible_sets,N,N,OpenTargets_Platform
ZSCAN4,zinc finger and SCAN domain containing 4,N,Y,0.10051188091451303,gwas_credible_sets,N,N,OpenTargets_Platform
ZSCAN5A,zinc finger and SCAN domain containing 5A,N,Y,0.027607782338191982,gwas_credible_sets,N,N,OpenTargets_Platform
ZSWIM6,zinc finger SWIM-type containing 6,N,Y,0.5015327973128209,gwas_credible_sets|europepmc,N,N,OpenTargets_Platform
ZZEF1,zinc finger ZZ-type and EF-hand domain containing 1,N,Y,0.041227727179105646,gwas_credible_sets,N,N,OpenTargets_Platform
