individualID,specimenID,specimenIdSource,organ,tissue,BrodmannArea,sampleStatus,tissueWeight,tissueVolume,nucleicAcidSource,cellType,fastingState,isPostMortem,samplingAge,samplingAgeUnits,visitNumber,assay,exclude,excludeReason,samplingDate,platform,RIN,rnaBatch,libraryBatch,sequencingBatch,libraryPrep,libraryPreparationMethod,isStranded,readStrandOrigin,runType,readLength,notes
R9976232,510_120515,"",brain,dorsolateral prefrontal cortex,"","",,,bulk cell,"",,,"",,,rnaSeq,,"",,,8.5,,1,1,polyAselection,,True,,pairedEnd,101,data contribution batch 1
R9936070,207_120424,"",brain,dorsolateral prefrontal cortex,"","",,,bulk cell,"",,,"",,,rnaSeq,,"",,,6.2,,4,4,polyAselection,,True,,pairedEnd,101,data contribution batch 1
R9907075,81_120417,"",brain,dorsolateral prefrontal cortex,"","",,,bulk cell,"",,,"",,,rnaSeq,,"",,,8.3,,1,1,polyAselection,,True,,pairedEnd,101,data contribution batch 1
R9905342,649_120529,"",brain,dorsolateral prefrontal cortex,"","",,,bulk cell,"",,,"",,,rnaSeq,,"",,,6.9,,3,3,polyAselection,,True,,pairedEnd,101,data contribution batch 1
R9904978,487_120515,"",brain,dorsolateral prefrontal cortex,"","",,,bulk cell,"",,,"",,,rnaSeq,,"",,,6.9,,3,3,polyAselection,,True,,pairedEnd,101,data contribution batch 1
R9818080,182_120424,"",brain,dorsolateral prefrontal cortex,"","",,,bulk cell,"",,,"",,,rnaSeq,,"",,,8.4,,6,6,polyAselection,,True,,pairedEnd,101,data contribution batch 1
R9817161,193_120424,"",brain,dorsolateral prefrontal cortex,"","",,,bulk cell,"",,,"",,,rnaSeq,,"",,,7.1,,3,3,polyAselection,,True,,pairedEnd,101,data contribution batch 1
R9817056,694_120605,"",brain,dorsolateral prefrontal cortex,"","",,,bulk cell,"",,,"",,,rnaSeq,,"",,,7.1,,3,3,polyAselection,,True,,pairedEnd,101,data contribution batch 1
R9809661,366_120502,"",brain,dorsolateral prefrontal cortex,"","",,,bulk cell,"",,,"",,,rnaSeq,,"",,,7.4,,6,6,polyAselection,,True,,pairedEnd,101,data contribution batch 1
R9809441,52_120416,"",brain,dorsolateral prefrontal cortex,"","",,,bulk cell,"",,,"",,,rnaSeq,,"",,,6.4,,5,5,polyAselection,,True,,pairedEnd,101,data contribution batch 1
R9781891,522_120515,"",brain,dorsolateral prefrontal cortex,"","",,,bulk cell,"",,,"",,,rnaSeq,,"",,,8.6,,1,1,polyAselection,,True,,pairedEnd,101,data contribution batch 1
R9771008,493_120515,"",brain,dorsolateral prefrontal cortex,"","",,,bulk cell,"",,,"",,,rnaSeq,,"",,,6.9,,3,3,polyAselection,,True,,pairedEnd,101,data contribution batch 1
R9680160,602_120523,"",brain,dorsolateral prefrontal cortex,"","",,,bulk cell,"",,,"",,,rnaSeq,,"",,,8,,2,2,polyAselection,,True,,pairedEnd,101,data contribution batch 1
R9652199,634_120524,"",brain,dorsolateral prefrontal cortex,"","",,,bulk cell,"",,,"",,,rnaSeq,,"",,,7.7,,2,2,polyAselection,,True,,pairedEnd,101,data contribution batch 1
R9649089,653_120529,"",brain,dorsolateral prefrontal cortex,"","",,,bulk cell,"",,,"",,,rnaSeq,,"",,,7.5,,2,2,polyAselection,,True,,pairedEnd,101,data contribution batch 1
R9598418,391_120503,"",brain,dorsolateral prefrontal cortex,"","",,,bulk cell,"",,,"",,,rnaSeq,,"",,,7.4,,6,6,polyAselection,,True,,pairedEnd,101,data contribution batch 1
R9596785,453_120507,"",brain,dorsolateral prefrontal cortex,"","",,,bulk cell,"",,,"",,,rnaSeq,,"",,,6.3,,4,4,polyAselection,,True,,pairedEnd,101,data contribution batch 1
R9585968,371_120502,"",brain,dorsolateral prefrontal cortex,"","",,,bulk cell,"",,,"",,,rnaSeq,,"",,,7.6,,6,6,polyAselection,,True,,pairedEnd,101,data contribution batch 1
R9582641,414_120503,"",brain,dorsolateral prefrontal cortex,"","",,,bulk cell,"",,,"",,,rnaSeq,,"",,,7.3,,3,3,polyAselection,,True,,pairedEnd,101,data contribution batch 1
R9579311,102_120418,"",brain,dorsolateral prefrontal cortex,"","",,,bulk cell,"",,,"",,,rnaSeq,,"",,,8.2,,6,6,polyAselection,,True,,pairedEnd,101,data contribution batch 1
R9566976,641_120524,"",brain,dorsolateral prefrontal cortex,"","",,,bulk cell,"",,,"",,,rnaSeq,,"",,,6.2,,4,4,polyAselection,,True,,pairedEnd,101,data contribution batch 1
R9506463,111_120418,"",brain,dorsolateral prefrontal cortex,"","",,,bulk cell,"",,,"",,,rnaSeq,,"",,,6.9,,5,5,polyAselection,,True,,pairedEnd,101,data contribution batch 1
R9489952,600_120523,"",brain,dorsolateral prefrontal cortex,"","",,,bulk cell,"",,,"",,,rnaSeq,,"",,,7.4,,6,6,polyAselection,,True,,pairedEnd,101,data contribution batch 1
R9473965,188_120424,"",brain,dorsolateral prefrontal cortex,"","",,,bulk cell,"",,,"",,,rnaSeq,,"",,,8,,1,1,polyAselection,,True,,pairedEnd,101,data contribution batch 1
R9426782,321_120501,"",brain,dorsolateral prefrontal cortex,"","",,,bulk cell,"",,,"",,,rnaSeq,,"",,,7.2,,3,3,polyAselection,,True,,pairedEnd,101,data contribution batch 1
R9419876,547_120516,"",brain,dorsolateral prefrontal cortex,"","",,,bulk cell,"",,,"",,,rnaSeq,,"",,,8,,1,1,polyAselection,,True,,pairedEnd,101,data contribution batch 1
R9400562,130_120419,"",brain,dorsolateral prefrontal cortex,"","",,,bulk cell,"",,,"",,,rnaSeq,,"",,,7.1,,3,3,polyAselection,,True,,pairedEnd,101,data contribution batch 1
R9395022,305_120430,"",brain,dorsolateral prefrontal cortex,"","",,,bulk cell,"",,,"",,,rnaSeq,,"",,,8.2,,6,6,polyAselection,,True,,pairedEnd,101,data contribution batch 1
R9393519,668_120530,"",brain,dorsolateral prefrontal cortex,"","",,,bulk cell,"",,,"",,,rnaSeq,,"",,,7.3,,3,3,polyAselection,,True,,pairedEnd,101,data contribution batch 1
R9354381,555_120517,"",brain,dorsolateral prefrontal cortex,"","",,,bulk cell,"",,,"",,,rnaSeq,,"",,,7.1,,3,3,polyAselection,,True,,pairedEnd,101,data contribution batch 1
R9330569,679_120604,"",brain,dorsolateral prefrontal cortex,"","",,,bulk cell,"",,,"",,,rnaSeq,,"",,,7,,3,3,polyAselection,,True,,pairedEnd,101,data contribution batch 1
R9329742,318_120501,"",brain,dorsolateral prefrontal cortex,"","",,,bulk cell,"",,,"",,,rnaSeq,,"",,,6.5,,5,5,polyAselection,,True,,pairedEnd,101,data contribution batch 1
R9328823,112_120418,"",brain,dorsolateral prefrontal cortex,"","",,,bulk cell,"",,,"",,,rnaSeq,,"",,,8.6,,1,1,polyAselection,,True,,pairedEnd,101,data contribution batch 1
R9309271,689_120604,"",brain,dorsolateral prefrontal cortex,"","",,,bulk cell,"",,,"",,,rnaSeq,,"",,,6.7,,5,5,polyAselection,,True,,pairedEnd,101,data contribution batch 1
R9307768,418_120507,"",brain,dorsolateral prefrontal cortex,"","",,,bulk cell,"",,,"",,,rnaSeq,,"",,,7.6,,2,2,polyAselection,,True,,pairedEnd,101,data contribution batch 1
R9286126,589_120522,"",brain,dorsolateral prefrontal cortex,"","",,,bulk cell,"",,,"",,,rnaSeq,,"",,,7.5,,6,6,polyAselection,,True,,pairedEnd,101,data contribution batch 1
R9255058,216_120425,"",brain,dorsolateral prefrontal cortex,"","",,,bulk cell,"",,,"",,,rnaSeq,,"",,,7.8,,6,6,polyAselection,,True,,pairedEnd,101,data contribution batch 1
R9254464,654_120529,"",brain,dorsolateral prefrontal cortex,"","",,,bulk cell,"",,,"",,,rnaSeq,,"",,,5.7,,4,4,polyAselection,,True,,pairedEnd,101,data contribution batch 1
R9253870,619_120524,"",brain,dorsolateral prefrontal cortex,"","",,,bulk cell,"",,,"",,,rnaSeq,,"",,,7.2,,3,3,polyAselection,,True,,pairedEnd,101,data contribution batch 1
R9245150,358_120502,"",brain,dorsolateral prefrontal cortex,"","",,,bulk cell,"",,,"",,,rnaSeq,,"",,,5.9,,4,4,polyAselection,,True,,pairedEnd,101,data contribution batch 1
R9225354,312_120430,"",brain,dorsolateral prefrontal cortex,"","",,,bulk cell,"",,,"",,,rnaSeq,,"",,,6.7,,5,5,polyAselection,,True,,pairedEnd,101,data contribution batch 1
R9217634,624_120524,"",brain,dorsolateral prefrontal cortex,"","",,,bulk cell,"",,,"",,,rnaSeq,,"",,,5,,4,4,polyAselection,,True,,pairedEnd,101,data contribution batch 1
R9210731,576_120521,"",brain,dorsolateral prefrontal cortex,"","",,,bulk cell,"",,,"",,,rnaSeq,,"",,,7.2,,0,0,polyAselection,,True,,pairedEnd,101,data contribution batch 1
R9205118,410_120503,"",brain,dorsolateral prefrontal cortex,"","",,,bulk cell,"",,,"",,,rnaSeq,,"",,,6.4,,5,5,polyAselection,,True,,pairedEnd,101,data contribution batch 1
R9163526,274_120430,"",brain,dorsolateral prefrontal cortex,"","",,,bulk cell,"",,,"",,,rnaSeq,,"",,,9.1,,1,1,polyAselection,,True,,pairedEnd,101,data contribution batch 1
R9145673,408_120503,"",brain,dorsolateral prefrontal cortex,"","",,,bulk cell,"",,,"",,,rnaSeq,,"",,,6.7,,3,3,polyAselection,,True,,pairedEnd,101,data contribution batch 1
R9137173,76_120417,"",brain,dorsolateral prefrontal cortex,"","",,,bulk cell,"",,,"",,,rnaSeq,,"",,,6.7,,3,3,polyAselection,,True,,pairedEnd,101,data contribution batch 1
R9127940,340_120501,"",brain,dorsolateral prefrontal cortex,"","",,,bulk cell,"",,,"",,,rnaSeq,,"",,,7.1,,3,3,polyAselection,,True,,pairedEnd,101,data contribution batch 1
R9116123,288_120430,"",brain,dorsolateral prefrontal cortex,"","",,,bulk cell,"",,,"",,,rnaSeq,,"",,,7.1,,3,3,polyAselection,,True,,pairedEnd,101,data contribution batch 1
R9113571,222_120425,"",brain,dorsolateral prefrontal cortex,"","",,,bulk cell,"",,,"",,,rnaSeq,,"",,,5.3,,5,5,polyAselection,,True,,pairedEnd,101,data contribution batch 1
R9101940,234_120425,"",brain,dorsolateral prefrontal cortex,"","",,,bulk cell,"",,,"",,,rnaSeq,,"",,,8.1,,6,6,polyAselection,,True,,pairedEnd,101,data contribution batch 1
R9101835,578_120521,"",brain,dorsolateral prefrontal cortex,"","",,,bulk cell,"",,,"",,,rnaSeq,,"",,,8.2,,1,1,polyAselection,,True,,pairedEnd,101,data contribution batch 1
R9088015,46_120416,"",brain,dorsolateral prefrontal cortex,"","",,,bulk cell,"",,,"",,,rnaSeq,,"",,,8.2,,6,6,polyAselection,,True,,pairedEnd,101,data contribution batch 1
R9072353,477_120514,"",brain,dorsolateral prefrontal cortex,"","",,,bulk cell,"",,,"",,,rnaSeq,,"",,,8.3,,1,1,polyAselection,,True,,pairedEnd,101,data contribution batch 1
R9053141,451_120507,"",brain,dorsolateral prefrontal cortex,"","",,,bulk cell,"",,,"",,,rnaSeq,,"",,,8.1,,1,1,polyAselection,,True,,pairedEnd,101,data contribution batch 1
R9047934,683_120604,"",brain,dorsolateral prefrontal cortex,"","",,,bulk cell,"",,,"",,,rnaSeq,,"",,,6.1,,4,4,polyAselection,,True,,pairedEnd,101,data contribution batch 1
R9042659,39_120416,"",brain,dorsolateral prefrontal cortex,"","",,,bulk cell,"",,,"",,,rnaSeq,,"",,,7.4,,2,2,polyAselection,,True,,pairedEnd,101,data contribution batch 1
R9033345,309_120430,"",brain,dorsolateral prefrontal cortex,"","",,,bulk cell,"",,,"",,,rnaSeq,,"",,,6,,5,5,polyAselection,,True,,pairedEnd,101,data contribution batch 1
R8998310,121_120418,"",brain,dorsolateral prefrontal cortex,"","",,,bulk cell,"",,,"",,,rnaSeq,,"",,,7.6,,6,6,polyAselection,,True,,pairedEnd,101,data contribution batch 1
R8983137,405_120503,"",brain,dorsolateral prefrontal cortex,"","",,,bulk cell,"",,,"",,,rnaSeq,,"",,,7.9,,2,2,polyAselection,,True,,pairedEnd,101,data contribution batch 1
R8971831,482_120514,"",brain,dorsolateral prefrontal cortex,"","",,,bulk cell,"",,,"",,,rnaSeq,,"",,,7.6,,2,2,polyAselection,,True,,pairedEnd,101,data contribution batch 1
R8963331,607_120523,"",brain,dorsolateral prefrontal cortex,"","",,,bulk cell,"",,,"",,,rnaSeq,,"",,,7.6,,2,2,polyAselection,,True,,pairedEnd,101,data contribution batch 1
R8937093,565_120517,"",brain,dorsolateral prefrontal cortex,"","",,,bulk cell,"",,,"",,,rnaSeq,,"",,,8.5,,1,1,polyAselection,,True,,pairedEnd,101,data contribution batch 1
R8935140,120_120418,"",brain,dorsolateral prefrontal cortex,"","",,,bulk cell,"",,,"",,,rnaSeq,,"",,,5.8,,5,5,polyAselection,,True,,pairedEnd,101,data contribution batch 1
R8882846,507_120515,"",brain,dorsolateral prefrontal cortex,"","",,,bulk cell,"",,,"",,,rnaSeq,,"",,,7.7,,2,2,polyAselection,,True,,pairedEnd,101,data contribution batch 1
R8860977,260_120426,"",brain,dorsolateral prefrontal cortex,"","",,,bulk cell,"",,,"",,,rnaSeq,,"",,,8.3,,1,1,polyAselection,,True,,pairedEnd,101,data contribution batch 1
R8850524,273_120430,"",brain,dorsolateral prefrontal cortex,"","",,,bulk cell,"",,,"",,,rnaSeq,,"",,,5.3,,4,4,polyAselection,,True,,pairedEnd,101,data contribution batch 1
R8845676,524_120515,"",brain,dorsolateral prefrontal cortex,"","",,,bulk cell,"",,,"",,,rnaSeq,,"",,,7.4,,2,2,polyAselection,,True,,pairedEnd,101,data contribution batch 1
R8834184,556_120517,"",brain,dorsolateral prefrontal cortex,"","",,,bulk cell,"",,,"",,,rnaSeq,,"",,,5.1,,4,4,polyAselection,,True,,pairedEnd,101,data contribution batch 1
R8799615,113_120418,"",brain,dorsolateral prefrontal cortex,"","",,,bulk cell,"",,,"",,,rnaSeq,,"",,,7.9,,2,2,polyAselection,,True,,pairedEnd,101,data contribution batch 1
R8783288,160_120423,"",brain,dorsolateral prefrontal cortex,"","",,,bulk cell,"",,,"",,,rnaSeq,,"",,,6.9,,5,5,polyAselection,,True,,pairedEnd,101,data contribution batch 1
R8781115,698_120605,"",brain,dorsolateral prefrontal cortex,"","",,,bulk cell,"",,,"",,,rnaSeq,,"",,,7.1,,3,3,polyAselection,,True,,pairedEnd,101,data contribution batch 1
R8774534,625_120524,"",brain,dorsolateral prefrontal cortex,"","",,,bulk cell,"",,,"",,,rnaSeq,,"",,,7.1,,3,3,polyAselection,,True,,pairedEnd,101,data contribution batch 1
R8759568,616_120524,"",brain,dorsolateral prefrontal cortex,"","",,,bulk cell,"",,,"",,,rnaSeq,,"",,,7,,3,3,polyAselection,,True,,pairedEnd,101,data contribution batch 1
R8744945,267_120430,"",brain,dorsolateral prefrontal cortex,"","",,,bulk cell,"",,,"",,,rnaSeq,,"",,,8,,6,6,polyAselection,,True,,pairedEnd,101,data contribution batch 1
R8741068,329_120501,"",brain,dorsolateral prefrontal cortex,"","",,,bulk cell,"",,,"",,,rnaSeq,,"",,,6.5,,4,4,polyAselection,,True,,pairedEnd,101,data contribution batch 1
R8725848,290_120430,"",brain,dorsolateral prefrontal cortex,"","",,,bulk cell,"",,,"",,,rnaSeq,,"",,,6.1,,5,5,polyAselection,,True,,pairedEnd,101,data contribution batch 1
R8724814,662_120530,"",brain,dorsolateral prefrontal cortex,"","",,,bulk cell,"",,,"",,,rnaSeq,,"",,,8.5,,1,1,polyAselection,,True,,pairedEnd,101,data contribution batch 1
R8704458,242_120426,"",brain,dorsolateral prefrontal cortex,"","",,,bulk cell,"",,,"",,,rnaSeq,,"",,,8,,6,6,polyAselection,,True,,pairedEnd,101,data contribution batch 1
R8647890,54_120417,"",brain,dorsolateral prefrontal cortex,"","",,,bulk cell,"",,,"",,,rnaSeq,,"",,,8.4,,1,1,polyAselection,,True,,pairedEnd,101,data contribution batch 1
R8635714,580_120521,"",brain,dorsolateral prefrontal cortex,"","",,,bulk cell,"",,,"",,,rnaSeq,,"",,,7.4,,2,2,polyAselection,,True,,pairedEnd,101,data contribution batch 1
R8629052,656_120529,"",brain,dorsolateral prefrontal cortex,"","",,,bulk cell,"",,,"",,,rnaSeq,,"",,,5.5,,4,4,polyAselection,,True,,pairedEnd,101,data contribution batch 1
R8626395,397_120503,"",brain,dorsolateral prefrontal cortex,"","",,,bulk cell,"",,,"",,,rnaSeq,,"",,,7.6,,6,6,polyAselection,,True,,pairedEnd,101,data contribution batch 1
R8615683,724_120605,"",brain,dorsolateral prefrontal cortex,"","",,,bulk cell,"",,,"",,,rnaSeq,,"",,,7.4,,2,2,polyAselection,,True,,pairedEnd,101,data contribution batch 1
R8608442,672_120530,"",brain,dorsolateral prefrontal cortex,"","",,,bulk cell,"",,,"",,,rnaSeq,,"",,,6.3,,4,4,polyAselection,,True,,pairedEnd,101,data contribution batch 1
R8573871,568_120521,"",brain,dorsolateral prefrontal cortex,"","",,,bulk cell,"",,,"",,,rnaSeq,,"",,,7.3,,3,3,polyAselection,,True,,pairedEnd,101,data contribution batch 1
R8572172,315_120501,"",brain,dorsolateral prefrontal cortex,"","",,,bulk cell,"",,,"",,,rnaSeq,,"",,,6.3,,5,5,polyAselection,,True,,pairedEnd,101,data contribution batch 1
R8553520,533_120516,"",brain,dorsolateral prefrontal cortex,"","",,,bulk cell,"",,,"",,,rnaSeq,,"",,,8.5,,6,6,polyAselection,,True,,pairedEnd,101,data contribution batch 1
R8553415,471_120514,"",brain,dorsolateral prefrontal cortex,"","",,,bulk cell,"",,,"",,,rnaSeq,,"",,,8,,1,1,polyAselection,,True,,pairedEnd,101,data contribution batch 1
R8466373,495_120515,"",brain,dorsolateral prefrontal cortex,"","",,,bulk cell,"",,,"",,,rnaSeq,,"",,,8.6,,1,1,polyAselection,,True,,pairedEnd,101,data contribution batch 1
R8457289,476_120514,"",brain,dorsolateral prefrontal cortex,"","",,,bulk cell,"",,,"",,,rnaSeq,,"",,,6.7,,3,3,polyAselection,,True,,pairedEnd,101,data contribution batch 1
R8451530,434_120507,"",brain,dorsolateral prefrontal cortex,"","",,,bulk cell,"",,,"",,,rnaSeq,,"",,,8.6,,1,1,polyAselection,,True,,pairedEnd,101,data contribution batch 1
R8444624,593_120522,"",brain,dorsolateral prefrontal cortex,"","",,,bulk cell,"",,,"",,,rnaSeq,,"",,,8,,1,1,polyAselection,,True,,pairedEnd,101,data contribution batch 1
R8432213,316_120501,"",brain,dorsolateral prefrontal cortex,"","",,,bulk cell,"",,,"",,,rnaSeq,,"",,,7,,3,3,polyAselection,,True,,pairedEnd,101,data contribution batch 1
R8415954,254_120426,"",brain,dorsolateral prefrontal cortex,"","",,,bulk cell,"",,,"",,,rnaSeq,,"",,,7.3,,2,2,polyAselection,,True,,pairedEnd,101,data contribution batch 1
R8410459,132_120419,"",brain,dorsolateral prefrontal cortex,"","",,,bulk cell,"",,,"",,,rnaSeq,,"",,,7.5,,6,6,polyAselection,,True,,pairedEnd,101,data contribution batch 1
R8375980,57_120417,"",brain,dorsolateral prefrontal cortex,"","",,,bulk cell,"",,,"",,,rnaSeq,,"",,,5,,4,4,polyAselection,,True,,pairedEnd,101,data contribution batch 1
R8351613,633_120524,"",brain,dorsolateral prefrontal cortex,"","",,,bulk cell,"",,,"",,,rnaSeq,,"",,,7.5,,2,2,polyAselection,,True,,pairedEnd,101,data contribution batch 1
R8330118,146_120419,"",brain,dorsolateral prefrontal cortex,"","",,,bulk cell,"",,,"",,,rnaSeq,,"",,,8.1,,6,6,polyAselection,,True,,pairedEnd,101,data contribution batch 1
R8329066,03_120405,"",brain,dorsolateral prefrontal cortex,"","",,,bulk cell,"",,,"",,,rnaSeq,,"",,,6,,4,4,polyAselection,,True,,pairedEnd,101,data contribution batch 1
R8316516,279_120430,"",brain,dorsolateral prefrontal cortex,"","",,,bulk cell,"",,,"",,,rnaSeq,,"",,,6.9,,3,3,polyAselection,,True,,pairedEnd,101,data contribution batch 1
R8293796,428_120507,"",brain,dorsolateral prefrontal cortex,"","",,,bulk cell,"",,,"",,,rnaSeq,,"",,,5.4,,5,5,polyAselection,,True,,pairedEnd,101,data contribution batch 1
R8209563,707_120531,"",brain,dorsolateral prefrontal cortex,"","",,,bulk cell,"",,,"",,,rnaSeq,,"",,,7.2,,3,3,polyAselection,,True,,pairedEnd,101,data contribution batch 1
R8186418,R24_131017,"",brain,dorsolateral prefrontal cortex,"","",,,bulk cell,"",,,"",,,rnaSeq,,"",,,5.6,,7,7,polyAselection,,True,,pairedEnd,101,data contribution batch 1
R8180874,26_120411,"",brain,dorsolateral prefrontal cortex,"","",,,bulk cell,"",,,"",,,rnaSeq,,"",,,8.7,,1,1,polyAselection,,True,,pairedEnd,101,data contribution batch 1
R8155560,506_120515,"",brain,dorsolateral prefrontal cortex,"","",,,bulk cell,"",,,"",,,rnaSeq,,"",,,7.3,,3,3,polyAselection,,True,,pairedEnd,101,data contribution batch 1
R8129442,584_120522,"",brain,dorsolateral prefrontal cortex,"","",,,bulk cell,"",,,"",,,rnaSeq,,"",,,5.9,,4,4,polyAselection,,True,,pairedEnd,101,data contribution batch 1
R8075334,629_120524,"",brain,dorsolateral prefrontal cortex,"","",,,bulk cell,"",,,"",,,rnaSeq,,"",,,7.8,,2,2,polyAselection,,True,,pairedEnd,101,data contribution batch 1
R8072902,554_120517,"",brain,dorsolateral prefrontal cortex,"","",,,bulk cell,"",,,"",,,rnaSeq,,"",,,7.3,,3,3,polyAselection,,True,,pairedEnd,101,data contribution batch 1
R8059994,337_120501,"",brain,dorsolateral prefrontal cortex,"","",,,bulk cell,"",,,"",,,rnaSeq,,"",,,7,,5,5,polyAselection,,True,,pairedEnd,101,data contribution batch 1
R8054504,158_120423,"",brain,dorsolateral prefrontal cortex,"","",,,bulk cell,"",,,"",,,rnaSeq,,"",,,8.1,,6,6,polyAselection,,True,,pairedEnd,101,data contribution batch 1
R8044591,590_120522,"",brain,dorsolateral prefrontal cortex,"","",,,bulk cell,"",,,"",,,rnaSeq,,"",,,7.7,,2,2,polyAselection,,True,,pairedEnd,101,data contribution batch 1
R7995082,390_120503,"",brain,dorsolateral prefrontal cortex,"","",,,bulk cell,"",,,"",,,rnaSeq,,"",,,7.9,,2,2,polyAselection,,True,,pairedEnd,101,data contribution batch 1
R7993799,663_120530,"",brain,dorsolateral prefrontal cortex,"","",,,bulk cell,"",,,"",,,rnaSeq,,"",,,8,,1,1,polyAselection,,True,,pairedEnd,101,data contribution batch 1
R7978618,463_120514,"",brain,dorsolateral prefrontal cortex,"","",,,bulk cell,"",,,"",,,rnaSeq,,"",,,6.4,,4,4,polyAselection,,True,,pairedEnd,101,data contribution batch 1
R7959406,708_120531,"",brain,dorsolateral prefrontal cortex,"","",,,bulk cell,"",,,"",,,rnaSeq,,"",,,7.2,,3,3,polyAselection,,True,,pairedEnd,101,data contribution batch 1
R7920516,385_120503,"",brain,dorsolateral prefrontal cortex,"","",,,bulk cell,"",,,"",,,rnaSeq,,"",,,5.7,,5,5,polyAselection,,True,,pairedEnd,101,data contribution batch 1
R7915228,697_120605,"",brain,dorsolateral prefrontal cortex,"","",,,bulk cell,"",,,"",,,rnaSeq,,"",,,6.9,,3,3,polyAselection,,True,,pairedEnd,101,data contribution batch 1
R7912121,350_120501,"",brain,dorsolateral prefrontal cortex,"","",,,bulk cell,"",,,"",,,rnaSeq,,"",,,6.8,,5,5,polyAselection,,True,,pairedEnd,101,data contribution batch 1
R7911202,521_120515,"",brain,dorsolateral prefrontal cortex,"","",,,bulk cell,"",,,"",,,rnaSeq,,"",,,6.1,,4,4,polyAselection,,True,,pairedEnd,101,data contribution batch 1
R7904841,276_120430,"",brain,dorsolateral prefrontal cortex,"","",,,bulk cell,"",,,"",,,rnaSeq,,"",,,8.2,,6,6,polyAselection,,True,,pairedEnd,101,data contribution batch 1
R7903817,66_120417,"",brain,dorsolateral prefrontal cortex,"","",,,bulk cell,"",,,"",,,rnaSeq,,"",,,7.2,,3,3,polyAselection,,True,,pairedEnd,101,data contribution batch 1
R7881801,520_120515,"",brain,dorsolateral prefrontal cortex,"","",,,bulk cell,"",,,"",,,rnaSeq,,"",,,8.1,,1,1,polyAselection,,True,,pairedEnd,101,data contribution batch 1
R7876628,431_120507,"",brain,dorsolateral prefrontal cortex,"","",,,bulk cell,"",,,"",,,rnaSeq,,"",,,7.5,,2,2,polyAselection,,True,,pairedEnd,101,data contribution batch 1
R7874995,544_120516,"",brain,dorsolateral prefrontal cortex,"","",,,bulk cell,"",,,"",,,rnaSeq,,"",,,7.5,,2,2,polyAselection,,True,,pairedEnd,101,data contribution batch 1
R7851092,413_120503,"",brain,dorsolateral prefrontal cortex,"","",,,bulk cell,"",,,"",,,rnaSeq,,"",,,7.1,,3,3,polyAselection,,True,,pairedEnd,101,data contribution batch 1
R7840275,187_120424,"",brain,dorsolateral prefrontal cortex,"","",,,bulk cell,"",,,"",,,rnaSeq,,"",,,8.1,,6,6,polyAselection,,True,,pairedEnd,101,data contribution batch 1
R7833589,530_120515,"",brain,dorsolateral prefrontal cortex,"","",,,bulk cell,"",,,"",,,rnaSeq,,"",,,7.7,,2,2,polyAselection,,True,,pairedEnd,101,data contribution batch 1
R7796947,462_120514,"",brain,dorsolateral prefrontal cortex,"","",,,bulk cell,"",,,"",,,rnaSeq,,"",,,6.9,,3,3,polyAselection,,True,,pairedEnd,101,data contribution batch 1
R7791442,445_120507,"",brain,dorsolateral prefrontal cortex,"","",,,bulk cell,"",,,"",,,rnaSeq,,"",,,6.9,,3,3,polyAselection,,True,,pairedEnd,101,data contribution batch 1
R7767837,402_120503,"",brain,dorsolateral prefrontal cortex,"","",,,bulk cell,"",,,"",,,rnaSeq,,"",,,7.2,,3,3,polyAselection,,True,,pairedEnd,101,data contribution batch 1
R7758743,34_120416,"",brain,dorsolateral prefrontal cortex,"","",,,bulk cell,"",,,"",,,rnaSeq,,"",,,6.5,,3,3,polyAselection,,True,,pairedEnd,101,data contribution batch 1
R7738727,479_120514,"",brain,dorsolateral prefrontal cortex,"","",,,bulk cell,"",,,"",,,rnaSeq,,"",,,6.3,,4,4,polyAselection,,True,,pairedEnd,101,data contribution batch 1
R7721691,07_120410,"",brain,dorsolateral prefrontal cortex,"","",,,bulk cell,"",,,"",,,rnaSeq,,"",,,5.6,,4,4,polyAselection,,True,,pairedEnd,101,data contribution batch 1
R7698313,79_120417,"",brain,dorsolateral prefrontal cortex,"","",,,bulk cell,"",,,"",,,rnaSeq,,"",,,7,,5,5,polyAselection,,True,,pairedEnd,101,data contribution batch 1
R7696135,399_120503,"",brain,dorsolateral prefrontal cortex,"","",,,bulk cell,"",,,"",,,rnaSeq,,"",,,8,,1,1,polyAselection,,True,,pairedEnd,101,data contribution batch 1
R7641350,252_120426,"",brain,dorsolateral prefrontal cortex,"","",,,bulk cell,"",,,"",,,rnaSeq,,"",,,8,,1,1,polyAselection,,True,,pairedEnd,101,data contribution batch 1
R7596878,94_120417,"",brain,dorsolateral prefrontal cortex,"","",,,bulk cell,"",,,"",,,rnaSeq,,"",,,7.9,,6,6,polyAselection,,True,,pairedEnd,101,data contribution batch 1
R7594705,425_120507,"",brain,dorsolateral prefrontal cortex,"","",,,bulk cell,"",,,"",,,rnaSeq,,"",,,7.6,,6,6,polyAselection,,True,,pairedEnd,101,data contribution batch 1
R7583108,424_120507,"",brain,dorsolateral prefrontal cortex,"","",,,bulk cell,"",,,"",,,rnaSeq,,"",,,5.3,,4,4,polyAselection,,True,,pairedEnd,101,data contribution batch 1
R7578585,109_120418,"",brain,dorsolateral prefrontal cortex,"","",,,bulk cell,"",,,"",,,rnaSeq,,"",,,6.4,,4,4,polyAselection,,True,,pairedEnd,101,data contribution batch 1
R7551006,681_120604,"",brain,dorsolateral prefrontal cortex,"","",,,bulk cell,"",,,"",,,rnaSeq,,"",,,8.2,,1,1,polyAselection,,True,,pairedEnd,101,data contribution batch 1
R7540069,335_120501,"",brain,dorsolateral prefrontal cortex,"","",,,bulk cell,"",,,"",,,rnaSeq,,"",,,7.2,,6,6,polyAselection,,True,,pairedEnd,101,data contribution batch 1
R7516349,69_120417,"",brain,dorsolateral prefrontal cortex,"","",,,bulk cell,"",,,"",,,rnaSeq,,"",,,6.9,,3,3,polyAselection,,True,,pairedEnd,101,data contribution batch 1
R7483736,430_120507,"",brain,dorsolateral prefrontal cortex,"","",,,bulk cell,"",,,"",,,rnaSeq,,"",,,8.6,,1,1,polyAselection,,True,,pairedEnd,101,data contribution batch 1
R7462671,138_120419,"",brain,dorsolateral prefrontal cortex,"","",,,bulk cell,"",,,"",,,rnaSeq,,"",,,7.8,,2,2,polyAselection,,True,,pairedEnd,101,data contribution batch 1
R7438391,705_120605,"",brain,dorsolateral prefrontal cortex,"","",,,bulk cell,"",,,"",,,rnaSeq,,"",,,7.3,,3,3,polyAselection,,True,,pairedEnd,101,data contribution batch 1
R7412731,715_120531,"",brain,dorsolateral prefrontal cortex,"","",,,bulk cell,"",,,"",,,rnaSeq,,"",,,6.2,,4,4,polyAselection,,True,,pairedEnd,101,data contribution batch 1
R7384738,28_120411,"",brain,dorsolateral prefrontal cortex,"","",,,bulk cell,"",,,"",,,rnaSeq,,"",,,7.5,,2,2,polyAselection,,True,,pairedEnd,101,data contribution batch 1
R7366225,674_120530,"",brain,dorsolateral prefrontal cortex,"","",,,bulk cell,"",,,"",,,rnaSeq,,"",,,6.7,,3,3,polyAselection,,True,,pairedEnd,101,data contribution batch 1
R7347788,174_120424,"",brain,dorsolateral prefrontal cortex,"","",,,bulk cell,"",,,"",,,rnaSeq,,"",,,6.4,,5,5,polyAselection,,True,,pairedEnd,101,data contribution batch 1
R7334123,394_120503,"",brain,dorsolateral prefrontal cortex,"","",,,bulk cell,"",,,"",,,rnaSeq,,"",,,5.9,,4,4,polyAselection,,True,,pairedEnd,101,data contribution batch 1
R7325259,159_120423,"",brain,dorsolateral prefrontal cortex,"","",,,bulk cell,"",,,"",,,rnaSeq,,"",,,6.4,,4,4,polyAselection,,True,,pairedEnd,101,data contribution batch 1
R7298955,559_120517,"",brain,dorsolateral prefrontal cortex,"","",,,bulk cell,"",,,"",,,rnaSeq,,"",,,8.7,,1,1,polyAselection,,True,,pairedEnd,101,data contribution batch 1
R7295303,670_120530,"",brain,dorsolateral prefrontal cortex,"","",,,bulk cell,"",,,"",,,rnaSeq,,"",,,5.6,,4,4,polyAselection,,True,,pairedEnd,101,data contribution batch 1
R7286984,517_120515,"",brain,dorsolateral prefrontal cortex,"","",,,bulk cell,"",,,"",,,rnaSeq,,"",,,7.6,,2,2,polyAselection,,True,,pairedEnd,101,data contribution batch 1
R7272395,221_120425,"",brain,dorsolateral prefrontal cortex,"","",,,bulk cell,"",,,"",,,rnaSeq,,"",,,8.5,,1,1,polyAselection,,True,,pairedEnd,101,data contribution batch 1
R7210604,100_120417,"",brain,dorsolateral prefrontal cortex,"","",,,bulk cell,"",,,"",,,rnaSeq,,"",,,7.5,,6,6,polyAselection,,True,,pairedEnd,101,data contribution batch 1
R7208968,540_120516,"",brain,dorsolateral prefrontal cortex,"","",,,bulk cell,"",,,"",,,rnaSeq,,"",,,7.4,,2,2,polyAselection,,True,,pairedEnd,101,data contribution batch 1
R7207154,58_120417,"",brain,dorsolateral prefrontal cortex,"","",,,bulk cell,"",,,"",,,rnaSeq,,"",,,7.1,,6,6,polyAselection,,True,,pairedEnd,101,data contribution batch 1
R7157957,389_120503,"",brain,dorsolateral prefrontal cortex,"","",,,bulk cell,"",,,"",,,rnaSeq,,"",,,7.1,,3,3,polyAselection,,True,,pairedEnd,101,data contribution batch 1
R7143693,450_120507,"",brain,dorsolateral prefrontal cortex,"","",,,bulk cell,"",,,"",,,rnaSeq,,"",,,7.5,,2,2,polyAselection,,True,,pairedEnd,101,data contribution batch 1
R7141740,486_120515,"",brain,dorsolateral prefrontal cortex,"","",,,bulk cell,"",,,"",,,rnaSeq,,"",,,5.4,,4,4,polyAselection,,True,,pairedEnd,101,data contribution batch 1
R7137826,370_120502,"",brain,dorsolateral prefrontal cortex,"","",,,bulk cell,"",,,"",,,rnaSeq,,"",,,6.9,,5,5,polyAselection,,True,,pairedEnd,101,data contribution batch 1
R7096488,716_120531,"",brain,dorsolateral prefrontal cortex,"","",,,bulk cell,"",,,"",,,rnaSeq,,"",,,5,,4,4,polyAselection,,True,,pairedEnd,101,data contribution batch 1
R7095349,244_120426,"",brain,dorsolateral prefrontal cortex,"","",,,bulk cell,"",,,"",,,rnaSeq,,"",,,7.4,,2,2,polyAselection,,True,,pairedEnd,101,data contribution batch 1
R7090624,682_120604,"",brain,dorsolateral prefrontal cortex,"","",,,bulk cell,"",,,"",,,rnaSeq,,"",,,7.1,,6,6,polyAselection,,True,,pairedEnd,101,data contribution batch 1
R7066784,292_120430,"",brain,dorsolateral prefrontal cortex,"","",,,bulk cell,"",,,"",,,rnaSeq,,"",,,6.8,,3,3,polyAselection,,True,,pairedEnd,101,data contribution batch 1
R7054373,302_120430,"",brain,dorsolateral prefrontal cortex,"","",,,bulk cell,"",,,"",,,rnaSeq,,"",,,7,,6,6,polyAselection,,True,,pairedEnd,101,data contribution batch 1
R7047807,377_120503,"",brain,dorsolateral prefrontal cortex,"","",,,bulk cell,"",,,"",,,rnaSeq,,"",,,8,,0,0,polyAselection,,True,,pairedEnd,101,data contribution batch 1
R7043881,56_120417,"",brain,dorsolateral prefrontal cortex,"","",,,bulk cell,"",,,"",,,rnaSeq,,"",,,6.7,,3,3,polyAselection,,True,,pairedEnd,101,data contribution batch 1
R7039412,483_120515,"",brain,dorsolateral prefrontal cortex,"","",,,bulk cell,"",,,"",,,rnaSeq,,"",,,8.3,,1,1,polyAselection,,True,,pairedEnd,101,data contribution batch 1
R7025378,344_120501,"",brain,dorsolateral prefrontal cortex,"","",,,bulk cell,"",,,"",,,rnaSeq,,"",,,5.6,,4,4,polyAselection,,True,,pairedEnd,101,data contribution batch 1
R6939144,594_120522,"",brain,dorsolateral prefrontal cortex,"","",,,bulk cell,"",,,"",,,rnaSeq,,"",,,5.5,,4,4,polyAselection,,True,,pairedEnd,101,data contribution batch 1
R6934314,219_120425,"",brain,dorsolateral prefrontal cortex,"","",,,bulk cell,"",,,"",,,rnaSeq,,"",,,6.5,,5,5,polyAselection,,True,,pairedEnd,101,data contribution batch 1
R6911631,150_120419,"",brain,dorsolateral prefrontal cortex,"","",,,bulk cell,"",,,"",,,rnaSeq,,"",,,8.5,,0,0,polyAselection,,True,,pairedEnd,101,data contribution batch 1
R6887989,693_120605,"",brain,dorsolateral prefrontal cortex,"","",,,bulk cell,"",,,"",,,rnaSeq,,"",,,8.1,,1,1,polyAselection,,True,,pairedEnd,101,data contribution batch 1
R6879714,660_120530,"",brain,dorsolateral prefrontal cortex,"","",,,bulk cell,"",,,"",,,rnaSeq,,"",,,8.1,,1,1,polyAselection,,True,,pairedEnd,101,data contribution batch 1
R6862468,383_120503,"",brain,dorsolateral prefrontal cortex,"","",,,bulk cell,"",,,"",,,rnaSeq,,"",,,7.9,,0,0,polyAselection,,True,,pairedEnd,101,data contribution batch 1
R6849345,191_120424,"",brain,dorsolateral prefrontal cortex,"","",,,bulk cell,"",,,"",,,rnaSeq,,"",,,7.4,,2,2,polyAselection,,True,,pairedEnd,101,data contribution batch 1
R6847727,97_120417,"",brain,dorsolateral prefrontal cortex,"","",,,bulk cell,"",,,"",,,rnaSeq,,"",,,6.5,,5,5,polyAselection,,True,,pairedEnd,101,data contribution batch 1
R6820248,591_120522,"",brain,dorsolateral prefrontal cortex,"","",,,bulk cell,"",,,"",,,rnaSeq,,"",,,7.4,,2,2,polyAselection,,True,,pairedEnd,101,data contribution batch 1
R6802400,685_120604,"",brain,dorsolateral prefrontal cortex,"","",,,bulk cell,"",,,"",,,rnaSeq,,"",,,6.9,,3,3,polyAselection,,True,,pairedEnd,101,data contribution batch 1
R6799253,283_120430,"",brain,dorsolateral prefrontal cortex,"","",,,bulk cell,"",,,"",,,rnaSeq,,"",,,7.2,,3,3,polyAselection,,True,,pairedEnd,101,data contribution batch 1
R6765868,368_120502,"",brain,dorsolateral prefrontal cortex,"","",,,bulk cell,"",,,"",,,rnaSeq,,"",,,7.7,,2,2,polyAselection,,True,,pairedEnd,101,data contribution batch 1
R6759986,489_120515,"",brain,dorsolateral prefrontal cortex,"","",,,bulk cell,"",,,"",,,rnaSeq,,"",,,8.2,,1,1,polyAselection,,True,,pairedEnd,101,data contribution batch 1
R6754596,535_120516,"",brain,dorsolateral prefrontal cortex,"","",,,bulk cell,"",,,"",,,rnaSeq,,"",,,5.4,,5,5,polyAselection,,True,,pairedEnd,101,data contribution batch 1
R6751504,386_120503,"",brain,dorsolateral prefrontal cortex,"","",,,bulk cell,"",,,"",,,rnaSeq,,"",,,6.8,,3,3,polyAselection,,True,,pairedEnd,101,data contribution batch 1
R6743664,461_120514,"",brain,dorsolateral prefrontal cortex,"","",,,bulk cell,"",,,"",,,rnaSeq,,"",,,6.9,,3,3,polyAselection,,True,,pairedEnd,101,data contribution batch 1
R6739300,203_120424,"",brain,dorsolateral prefrontal cortex,"","",,,bulk cell,"",,,"",,,rnaSeq,,"",,,7.4,,2,2,polyAselection,,True,,pairedEnd,101,data contribution batch 1
R6728038,325_120501,"",brain,dorsolateral prefrontal cortex,"","",,,bulk cell,"",,,"",,,rnaSeq,,"",,,6,,5,5,polyAselection,,True,,pairedEnd,101,data contribution batch 1
R6698302,718_120531,"",brain,dorsolateral prefrontal cortex,"","",,,bulk cell,"",,,"",,,rnaSeq,,"",,,8.3,,1,1,polyAselection,,True,,pairedEnd,101,data contribution batch 1
R6691514,119_120418,"",brain,dorsolateral prefrontal cortex,"","",,,bulk cell,"",,,"",,,rnaSeq,,"",,,7.5,,6,6,polyAselection,,True,,pairedEnd,101,data contribution batch 1
R6681836,165_120423,"",brain,dorsolateral prefrontal cortex,"","",,,bulk cell,"",,,"",,,rnaSeq,,"",,,5.1,,4,4,polyAselection,,True,,pairedEnd,101,data contribution batch 1
R6665276,213_120425,"",brain,dorsolateral prefrontal cortex,"","",,,bulk cell,"",,,"",,,rnaSeq,,"",,,7.7,,2,2,polyAselection,,True,,pairedEnd,101,data contribution batch 1
R6655598,286_120430,"",brain,dorsolateral prefrontal cortex,"","",,,bulk cell,"",,,"",,,rnaSeq,,"",,,9.2,,1,1,polyAselection,,True,,pairedEnd,101,data contribution batch 1
R6636386,635_120524,"",brain,dorsolateral prefrontal cortex,"","",,,bulk cell,"",,,"",,,rnaSeq,,"",,,6.3,,4,4,polyAselection,,True,,pairedEnd,101,data contribution batch 1
R6627307,200_120424,"",brain,dorsolateral prefrontal cortex,"","",,,bulk cell,"",,,"",,,rnaSeq,,"",,,7.4,,2,2,polyAselection,,True,,pairedEnd,101,data contribution batch 1
R6622577,466_120514,"",brain,dorsolateral prefrontal cortex,"","",,,bulk cell,"",,,"",,,rnaSeq,,"",,,7.3,,2,2,polyAselection,,True,,pairedEnd,101,data contribution batch 1
R6604064,608_120523,"",brain,dorsolateral prefrontal cortex,"","",,,bulk cell,"",,,"",,,rnaSeq,,"",,,6.3,,4,4,polyAselection,,True,,pairedEnd,101,data contribution batch 1
R6589731,126_120419,"",brain,dorsolateral prefrontal cortex,"","",,,bulk cell,"",,,"",,,rnaSeq,,"",,,7.9,,2,2,polyAselection,,True,,pairedEnd,101,data contribution batch 1
R6557859,420_120507,"",brain,dorsolateral prefrontal cortex,"","",,,bulk cell,"",,,"",,,rnaSeq,,"",,,6.8,,3,3,polyAselection,,True,,pairedEnd,101,data contribution batch 1
R6555891,104_120418,"",brain,dorsolateral prefrontal cortex,"","",,,bulk cell,"",,,"",,,rnaSeq,,"",,,7.3,,2,2,polyAselection,,True,,pairedEnd,101,data contribution batch 1
R6536134,553_120517,"",brain,dorsolateral prefrontal cortex,"","",,,bulk cell,"",,,"",,,rnaSeq,,"",,,6.5,,3,3,polyAselection,,True,,pairedEnd,101,data contribution batch 1
R6531744,380_120503,"",brain,dorsolateral prefrontal cortex,"","",,,bulk cell,"",,,"",,,rnaSeq,,"",,,8,,1,1,polyAselection,,True,,pairedEnd,101,data contribution batch 1
R6515859,80_120417,"",brain,dorsolateral prefrontal cortex,"","",,,bulk cell,"",,,"",,,rnaSeq,,"",,,7.8,,2,2,polyAselection,,True,,pairedEnd,101,data contribution batch 1
R6487961,177_120424,"",brain,dorsolateral prefrontal cortex,"","",,,bulk cell,"",,,"",,,rnaSeq,,"",,,7.9,,6,6,polyAselection,,True,,pairedEnd,101,data contribution batch 1
R6478102,201_120424,"",brain,dorsolateral prefrontal cortex,"","",,,bulk cell,"",,,"",,,rnaSeq,,"",,,6.8,,5,5,polyAselection,,True,,pairedEnd,101,data contribution batch 1
R6476704,702_120605,"",brain,dorsolateral prefrontal cortex,"","",,,bulk cell,"",,,"",,,rnaSeq,,"",,,8.8,,1,1,polyAselection,,True,,pairedEnd,101,data contribution batch 1
R6415047,133_120419,"",brain,dorsolateral prefrontal cortex,"","",,,bulk cell,"",,,"",,,rnaSeq,,"",,,6.2,,4,4,polyAselection,,True,,pairedEnd,101,data contribution batch 1
R6411801,70_120417,"",brain,dorsolateral prefrontal cortex,"","",,,bulk cell,"",,,"",,,rnaSeq,,"",,,5.8,,5,5,polyAselection,,True,,pairedEnd,101,data contribution batch 1
R6392007,285_120430,"",brain,dorsolateral prefrontal cortex,"","",,,bulk cell,"",,,"",,,rnaSeq,,"",,,7.9,,2,2,polyAselection,,True,,pairedEnd,101,data contribution batch 1
R6352950,359_120502,"",brain,dorsolateral prefrontal cortex,"","",,,bulk cell,"",,,"",,,rnaSeq,,"",,,7.4,,6,6,polyAselection,,True,,pairedEnd,101,data contribution batch 1
R6346298,393_120503,"",brain,dorsolateral prefrontal cortex,"","",,,bulk cell,"",,,"",,,rnaSeq,,"",,,7.2,,3,3,polyAselection,,True,,pairedEnd,101,data contribution batch 1
R6337324,65_120417,"",brain,dorsolateral prefrontal cortex,"","",,,bulk cell,"",,,"",,,rnaSeq,,"",,,7.3,,6,6,polyAselection,,True,,pairedEnd,101,data contribution batch 1
R6319811,636_120524,"",brain,dorsolateral prefrontal cortex,"","",,,bulk cell,"",,,"",,,rnaSeq,,"",,,6.9,,3,3,polyAselection,,True,,pairedEnd,101,data contribution batch 1
R6312023,403_120503,"",brain,dorsolateral prefrontal cortex,"","",,,bulk cell,"",,,"",,,rnaSeq,,"",,,8.2,,1,1,polyAselection,,True,,pairedEnd,101,data contribution batch 1
R6292415,647_120529,"",brain,dorsolateral prefrontal cortex,"","",,,bulk cell,"",,,"",,,rnaSeq,,"",,,7.6,,2,2,polyAselection,,True,,pairedEnd,101,data contribution batch 1
R6284240,266_120430,"",brain,dorsolateral prefrontal cortex,"","",,,bulk cell,"",,,"",,,rnaSeq,,"",,,8,,1,1,polyAselection,,True,,pairedEnd,101,data contribution batch 1
R6268135,475_120514,"",brain,dorsolateral prefrontal cortex,"","",,,bulk cell,"",,,"",,,rnaSeq,,"",,,5.8,,5,5,polyAselection,,True,,pairedEnd,101,data contribution batch 1
R6267541,423_120507,"",brain,dorsolateral prefrontal cortex,"","",,,bulk cell,"",,,"",,,rnaSeq,,"",,,6.9,,5,5,polyAselection,,True,,pairedEnd,101,data contribution batch 1
R6265038,550_120517,"",brain,dorsolateral prefrontal cortex,"","",,,bulk cell,"",,,"",,,rnaSeq,,"",,,7.7,,2,2,polyAselection,,True,,pairedEnd,101,data contribution batch 1
R6253512,36_120416,"",brain,dorsolateral prefrontal cortex,"","",,,bulk cell,"",,,"",,,rnaSeq,,"",,,6.4,,4,4,polyAselection,,True,,pairedEnd,101,data contribution batch 1
R6249698,176_120424,"",brain,dorsolateral prefrontal cortex,"","",,,bulk cell,"",,,"",,,rnaSeq,,"",,,8.3,,6,6,polyAselection,,True,,pairedEnd,101,data contribution batch 1
R6231758,152_120419,"",brain,dorsolateral prefrontal cortex,"","",,,bulk cell,"",,,"",,,rnaSeq,,"",,,7.9,,6,6,polyAselection,,True,,pairedEnd,101,data contribution batch 1
R6226355,494_120515,"",brain,dorsolateral prefrontal cortex,"","",,,bulk cell,"",,,"",,,rnaSeq,,"",,,8.5,,1,1,polyAselection,,True,,pairedEnd,101,data contribution batch 1
R6176158,166_120423,"",brain,dorsolateral prefrontal cortex,"","",,,bulk cell,"",,,"",,,rnaSeq,,"",,,7.9,,2,2,polyAselection,,True,,pairedEnd,101,data contribution batch 1
R6171213,11_120410,"",brain,dorsolateral prefrontal cortex,"","",,,bulk cell,"",,,"",,,rnaSeq,,"",,,5.2,,5,5,polyAselection,,True,,pairedEnd,101,data contribution batch 1
R6163593,32_120416,"",brain,dorsolateral prefrontal cortex,"","",,,bulk cell,"",,,"",,,rnaSeq,,"",,,8.4,,1,1,polyAselection,,True,,pairedEnd,101,data contribution batch 1
R6132310,562_120517,"",brain,dorsolateral prefrontal cortex,"","",,,bulk cell,"",,,"",,,rnaSeq,,"",,,7.9,,6,6,polyAselection,,True,,pairedEnd,101,data contribution batch 1
R6122967,526_120515,"",brain,dorsolateral prefrontal cortex,"","",,,bulk cell,"",,,"",,,rnaSeq,,"",,,8.3,,1,1,polyAselection,,True,,pairedEnd,101,data contribution batch 1
R6114572,474_120514,"",brain,dorsolateral prefrontal cortex,"","",,,bulk cell,"",,,"",,,rnaSeq,,"",,,7.5,,6,6,polyAselection,,True,,pairedEnd,101,data contribution batch 1
R6108690,691_120605,"",brain,dorsolateral prefrontal cortex,"","",,,bulk cell,"",,,"",,,rnaSeq,,"",,,6.6,,5,5,polyAselection,,True,,pairedEnd,101,data contribution batch 1
R6068406,47_120416,"",brain,dorsolateral prefrontal cortex,"","",,,bulk cell,"",,,"",,,rnaSeq,,"",,,8.2,,1,1,polyAselection,,True,,pairedEnd,101,data contribution batch 1
R6058053,456_120507,"",brain,dorsolateral prefrontal cortex,"","",,,bulk cell,"",,,"",,,rnaSeq,,"",,,7.4,,2,2,polyAselection,,True,,pairedEnd,101,data contribution batch 1
R6057469,118_120418,"",brain,dorsolateral prefrontal cortex,"","",,,bulk cell,"",,,"",,,rnaSeq,,"",,,6,,4,4,polyAselection,,True,,pairedEnd,101,data contribution batch 1
R6003498,33_120416,"",brain,dorsolateral prefrontal cortex,"","",,,bulk cell,"",,,"",,,rnaSeq,,"",,,6.5,,3,3,polyAselection,,True,,pairedEnd,101,data contribution batch 1
R6001210,259_120426,"",brain,dorsolateral prefrontal cortex,"","",,,bulk cell,"",,,"",,,rnaSeq,,"",,,7.6,,6,6,polyAselection,,True,,pairedEnd,101,data contribution batch 1
R5992638,125_120419,"",brain,dorsolateral prefrontal cortex,"","",,,bulk cell,"",,,"",,,rnaSeq,,"",,,8.4,,1,1,polyAselection,,True,,pairedEnd,101,data contribution batch 1
R5973191,468_120514,"",brain,dorsolateral prefrontal cortex,"","",,,bulk cell,"",,,"",,,rnaSeq,,"",,,7.6,,2,2,polyAselection,,True,,pairedEnd,101,data contribution batch 1
R5965031,407_120503,"",brain,dorsolateral prefrontal cortex,"","",,,bulk cell,"",,,"",,,rnaSeq,,"",,,6,,4,4,polyAselection,,True,,pairedEnd,101,data contribution batch 1
R5955028,511_120515,"",brain,dorsolateral prefrontal cortex,"","",,,bulk cell,"",,,"",,,rnaSeq,,"",,,8,,1,1,polyAselection,,True,,pairedEnd,101,data contribution batch 1
R5935442,677_120604,"",brain,dorsolateral prefrontal cortex,"","",,,bulk cell,"",,,"",,,rnaSeq,,"",,,5.7,,4,4,polyAselection,,True,,pairedEnd,101,data contribution batch 1
R5927382,577_120521,"",brain,dorsolateral prefrontal cortex,"","",,,bulk cell,"",,,"",,,rnaSeq,,"",,,7.1,,3,3,polyAselection,,True,,pairedEnd,101,data contribution batch 1
R5907586,437_120507,"",brain,dorsolateral prefrontal cortex,"","",,,bulk cell,"",,,"",,,rnaSeq,,"",,,8,,6,6,polyAselection,,True,,pairedEnd,101,data contribution batch 1
R5883172,299_120430,"",brain,dorsolateral prefrontal cortex,"","",,,bulk cell,"",,,"",,,rnaSeq,,"",,,7.4,,2,2,polyAselection,,True,,pairedEnd,101,data contribution batch 1
R5850046,498_120515,"",brain,dorsolateral prefrontal cortex,"","",,,bulk cell,"",,,"",,,rnaSeq,,"",,,8.1,,1,1,polyAselection,,True,,pairedEnd,101,data contribution batch 1
R5789564,294_120430,"",brain,dorsolateral prefrontal cortex,"","",,,bulk cell,"",,,"",,,rnaSeq,,"",,,7.5,,2,2,polyAselection,,True,,pairedEnd,101,data contribution batch 1
R5766881,419_120507,"",brain,dorsolateral prefrontal cortex,"","",,,bulk cell,"",,,"",,,rnaSeq,,"",,,6.8,,3,3,polyAselection,,True,,pairedEnd,101,data contribution batch 1
R5739959,648_120529,"",brain,dorsolateral prefrontal cortex,"","",,,bulk cell,"",,,"",,,rnaSeq,,"",,,5.6,,4,4,polyAselection,,True,,pairedEnd,101,data contribution batch 1
R5694375,141_120419,"",brain,dorsolateral prefrontal cortex,"","",,,bulk cell,"",,,"",,,rnaSeq,,"",,,7.5,,2,2,polyAselection,,True,,pairedEnd,101,data contribution batch 1
R5693901,492_120515,"",brain,dorsolateral prefrontal cortex,"","",,,bulk cell,"",,,"",,,rnaSeq,,"",,,9.1,,"0, 6, 7","0, 6, 7",polyAselection,,True,,pairedEnd,101,data contribution batch 1
R5683778,53_120417,"",brain,dorsolateral prefrontal cortex,"","",,,bulk cell,"",,,"",,,rnaSeq,,"",,,6.5,,5,5,polyAselection,,True,,pairedEnd,101,data contribution batch 1
R5656511,551_120517,"",brain,dorsolateral prefrontal cortex,"","",,,bulk cell,"",,,"",,,rnaSeq,,"",,,7.9,,2,2,polyAselection,,True,,pairedEnd,101,data contribution batch 1
R5636935,416_120503,"",brain,dorsolateral prefrontal cortex,"","",,,bulk cell,"",,,"",,,rnaSeq,,"",,,7.7,,0,0,polyAselection,,True,,pairedEnd,101,data contribution batch 1
R5574987,103_120418,"",brain,dorsolateral prefrontal cortex,"","",,,bulk cell,"",,,"",,,rnaSeq,,"",,,6.7,,3,3,polyAselection,,True,,pairedEnd,101,data contribution batch 1
R5557408,280_120430,"",brain,dorsolateral prefrontal cortex,"","",,,bulk cell,"",,,"",,,rnaSeq,,"",,,8.2,,1,1,polyAselection,,True,,pairedEnd,101,data contribution batch 1
R5546461,711_120531,"",brain,dorsolateral prefrontal cortex,"","",,,bulk cell,"",,,"",,,rnaSeq,,"",,,6.5,,3,3,polyAselection,,True,,pairedEnd,101,data contribution batch 1
R5541746,505_120515,"",brain,dorsolateral prefrontal cortex,"","",,,bulk cell,"",,,"",,,rnaSeq,,"",,,7.1,,6,6,polyAselection,,True,,pairedEnd,101,data contribution batch 1
R5525186,355_120501,"",brain,dorsolateral prefrontal cortex,"","",,,bulk cell,"",,,"",,,rnaSeq,,"",,,7.8,,6,6,polyAselection,,True,,pairedEnd,101,data contribution batch 1
R5508487,304_120430,"",brain,dorsolateral prefrontal cortex,"","",,,bulk cell,"",,,"",,,rnaSeq,,"",,,8.6,,1,1,polyAselection,,True,,pairedEnd,101,data contribution batch 1
R5508047,440_120507,"",brain,dorsolateral prefrontal cortex,"","",,,bulk cell,"",,,"",,,rnaSeq,,"",,,7.6,,6,6,polyAselection,,True,,pairedEnd,101,data contribution batch 1
R5499256,73_120417,"",brain,dorsolateral prefrontal cortex,"","",,,bulk cell,"",,,"",,,rnaSeq,,"",,,6.4,,5,5,polyAselection,,True,,pairedEnd,101,data contribution batch 1
R5489358,78_120417,"",brain,dorsolateral prefrontal cortex,"","",,,bulk cell,"",,,"",,,rnaSeq,,"",,,7.4,,6,6,polyAselection,,True,,pairedEnd,101,data contribution batch 1
R5483154,412_120503,"",brain,dorsolateral prefrontal cortex,"","",,,bulk cell,"",,,"",,,rnaSeq,,"",,,5.7,,5,5,polyAselection,,True,,pairedEnd,101,data contribution batch 1
R5459434,01_120405,"",brain,dorsolateral prefrontal cortex,"","",,,bulk cell,"",,,"",,,rnaSeq,,"",,,7.7,,2,2,polyAselection,,True,,pairedEnd,101,data contribution batch 1
R5454379,388_120503,"",brain,dorsolateral prefrontal cortex,"","",,,bulk cell,"",,,"",,,rnaSeq,,"",,,8.7,,1,1,polyAselection,,True,,pairedEnd,101,data contribution batch 1
R5449861,720_120531,"",brain,dorsolateral prefrontal cortex,"","",,,bulk cell,"",,,"",,,rnaSeq,,"",,,5.8,,4,4,polyAselection,,True,,pairedEnd,101,data contribution batch 1
R5447358,515_120515,"",brain,dorsolateral prefrontal cortex,"","",,,bulk cell,"",,,"",,,rnaSeq,,"",,,7,,3,3,polyAselection,,True,,pairedEnd,101,data contribution batch 1
R5437670,713_120531,"",brain,dorsolateral prefrontal cortex,"","",,,bulk cell,"",,,"",,,rnaSeq,,"",,,7.6,,2,2,polyAselection,,True,,pairedEnd,101,data contribution batch 1
R5415701,93_120417,"",brain,dorsolateral prefrontal cortex,"","",,,bulk cell,"",,,"",,,rnaSeq,,"",,,7.5,,0,0,polyAselection,,True,,pairedEnd,101,data contribution batch 1
R5405023,537_120516,"",brain,dorsolateral prefrontal cortex,"","",,,bulk cell,"",,,"",,,rnaSeq,,"",,,7.5,,6,6,polyAselection,,True,,pairedEnd,101,data contribution batch 1
R5385855,392_120503,"",brain,dorsolateral prefrontal cortex,"","",,,bulk cell,"",,,"",,,rnaSeq,,"",,,7.4,,6,6,polyAselection,,True,,pairedEnd,101,data contribution batch 1
R5374583,331_120501,"",brain,dorsolateral prefrontal cortex,"","",,,bulk cell,"",,,"",,,rnaSeq,,"",,,6.4,,4,4,polyAselection,,True,,pairedEnd,101,data contribution batch 1
R5369295,224_120425,"",brain,dorsolateral prefrontal cortex,"","",,,bulk cell,"",,,"",,,rnaSeq,,"",,,7,,5,5,polyAselection,,True,,pairedEnd,101,data contribution batch 1
R5357999,571_120521,"",brain,dorsolateral prefrontal cortex,"","",,,bulk cell,"",,,"",,,rnaSeq,,"",,,6.1,,4,4,polyAselection,,True,,pairedEnd,101,data contribution batch 1
R5356410,281_120430,"",brain,dorsolateral prefrontal cortex,"","",,,bulk cell,"",,,"",,,rnaSeq,,"",,,6.7,,5,5,polyAselection,,True,,pairedEnd,101,data contribution batch 1
R5334541,595_120522,"",brain,dorsolateral prefrontal cortex,"","",,,bulk cell,"",,,"",,,rnaSeq,,"",,,9.9,,1,1,polyAselection,,True,,pairedEnd,101,data contribution batch 1
R5259690,583_120522,"",brain,dorsolateral prefrontal cortex,"","",,,bulk cell,"",,,"",,,rnaSeq,,"",,,8.4,,0,0,polyAselection,,True,,pairedEnd,101,data contribution batch 1
R5256488,491_120515,"",brain,dorsolateral prefrontal cortex,"","",,,bulk cell,"",,,"",,,rnaSeq,,"",,,6.7,,3,3,polyAselection,,True,,pairedEnd,101,data contribution batch 1
R5234179,215_120425,"",brain,dorsolateral prefrontal cortex,"","",,,bulk cell,"",,,"",,,rnaSeq,,"",,,7,,5,5,polyAselection,,True,,pairedEnd,101,data contribution batch 1
R5225205,186_120424,"",brain,dorsolateral prefrontal cortex,"","",,,bulk cell,"",,,"",,,rnaSeq,,"",,,5.3,,4,4,polyAselection,,True,,pairedEnd,101,data contribution batch 1
R5221394,314_120501,"",brain,dorsolateral prefrontal cortex,"","",,,bulk cell,"",,,"",,,rnaSeq,,"",,,6.9,,5,5,polyAselection,,True,,pairedEnd,101,data contribution batch 1
R5211056,500_120515,"",brain,dorsolateral prefrontal cortex,"","",,,bulk cell,"",,,"",,,rnaSeq,,"",,,7.3,,2,2,polyAselection,,True,,pairedEnd,101,data contribution batch 1
R5196723,155_120423,"",brain,dorsolateral prefrontal cortex,"","",,,bulk cell,"",,,"",,,rnaSeq,,"",,,5.5,,4,4,polyAselection,,True,,pairedEnd,101,data contribution batch 1
R5188003,427_120507,"",brain,dorsolateral prefrontal cortex,"","",,,bulk cell,"",,,"",,,rnaSeq,,"",,,5.5,,5,5,polyAselection,,True,,pairedEnd,101,data contribution batch 1
R5184427,695_120605,"",brain,dorsolateral prefrontal cortex,"","",,,bulk cell,"",,,"",,,rnaSeq,,"",,,6.6,,3,3,polyAselection,,True,,pairedEnd,101,data contribution batch 1
R5177066,618_120524,"",brain,dorsolateral prefrontal cortex,"","",,,bulk cell,"",,,"",,,rnaSeq,,"",,,6,,4,4,polyAselection,,True,,pairedEnd,101,data contribution batch 1
R5162558,352_120501,"",brain,dorsolateral prefrontal cortex,"","",,,bulk cell,"",,,"",,,rnaSeq,,"",,,5.3,,5,5,polyAselection,,True,,pairedEnd,101,data contribution batch 1
R5158294,179_120424,"",brain,dorsolateral prefrontal cortex,"","",,,bulk cell,"",,,"",,,rnaSeq,,"",,,6.9,,3,3,polyAselection,,True,,pairedEnd,101,data contribution batch 1
R5131375,129_120419,"",brain,dorsolateral prefrontal cortex,"","",,,bulk cell,"",,,"",,,rnaSeq,,"",,,7.9,,2,2,polyAselection,,True,,pairedEnd,101,data contribution batch 1
R5079327,438_120507,"",brain,dorsolateral prefrontal cortex,"","",,,bulk cell,"",,,"",,,rnaSeq,,"",,,8.5,,6,6,polyAselection,,True,,pairedEnd,101,data contribution batch 1
R5079107,449_120507,"",brain,dorsolateral prefrontal cortex,"","",,,bulk cell,"",,,"",,,rnaSeq,,"",,,7.4,,2,2,polyAselection,,True,,pairedEnd,101,data contribution batch 1
R5053212,238_120426,"",brain,dorsolateral prefrontal cortex,"","",,,bulk cell,"",,,"",,,rnaSeq,,"",,,7.4,,2,2,polyAselection,,True,,pairedEnd,101,data contribution batch 1
R5031238,628_120524,"",brain,dorsolateral prefrontal cortex,"","",,,bulk cell,"",,,"",,,rnaSeq,,"",,,6.4,,4,4,polyAselection,,True,,pairedEnd,101,data contribution batch 1
R5026720,236_120425,"",brain,dorsolateral prefrontal cortex,"","",,,bulk cell,"",,,"",,,rnaSeq,,"",,,6.8,,5,5,polyAselection,,True,,pairedEnd,101,data contribution batch 1
R4990009,542_120516,"",brain,dorsolateral prefrontal cortex,"","",,,bulk cell,"",,,"",,,rnaSeq,,"",,,6,,4,4,polyAselection,,True,,pairedEnd,101,data contribution batch 1
R4986745,322_120501,"",brain,dorsolateral prefrontal cortex,"","",,,bulk cell,"",,,"",,,rnaSeq,,"",,,6,,5,5,polyAselection,,True,,pairedEnd,101,data contribution batch 1
R4976287,347_120501,"",brain,dorsolateral prefrontal cortex,"","",,,bulk cell,"",,,"",,,rnaSeq,,"",,,7.9,,6,6,polyAselection,,True,,pairedEnd,101,data contribution batch 1
R4937504,664_120530,"",brain,dorsolateral prefrontal cortex,"","",,,bulk cell,"",,,"",,,rnaSeq,,"",,,8.2,,1,1,polyAselection,,True,,pairedEnd,101,data contribution batch 1
R4935546,596_120522,"",brain,dorsolateral prefrontal cortex,"","",,,bulk cell,"",,,"",,,rnaSeq,,"",,,8.3,,1,1,polyAselection,,True,,pairedEnd,101,data contribution batch 1
R4917253,539_120516,"",brain,dorsolateral prefrontal cortex,"","",,,bulk cell,"",,,"",,,rnaSeq,,"",,,6.6,,3,3,polyAselection,,True,,pairedEnd,101,data contribution batch 1
R4906216,02_120405,"",brain,dorsolateral prefrontal cortex,"","",,,bulk cell,"",,,"",,,rnaSeq,,"",,,7.8,,2,2,polyAselection,,True,,pairedEnd,101,data contribution batch 1
R4903779,469_120514,"",brain,dorsolateral prefrontal cortex,"","",,,bulk cell,"",,,"",,,rnaSeq,,"",,,5.5,,4,4,polyAselection,,True,,pairedEnd,101,data contribution batch 1
R4900012,353_120501,"",brain,dorsolateral prefrontal cortex,"","",,,bulk cell,"",,,"",,,rnaSeq,,"",,,6.5,,3,3,polyAselection,,True,,pairedEnd,101,data contribution batch 1
R4897970,246_120426,"",brain,dorsolateral prefrontal cortex,"","",,,bulk cell,"",,,"",,,rnaSeq,,"",,,5,,5,5,polyAselection,,True,,pairedEnd,101,data contribution batch 1
R4859661,255_120426,"",brain,dorsolateral prefrontal cortex,"","",,,bulk cell,"",,,"",,,rnaSeq,,"",,,7.2,,3,3,polyAselection,,True,,pairedEnd,101,data contribution batch 1
R4841941,567_120521,"",brain,dorsolateral prefrontal cortex,"","",,,bulk cell,"",,,"",,,rnaSeq,,"",,,8.5,,1,1,polyAselection,,True,,pairedEnd,101,data contribution batch 1
R4817881,185_120424,"",brain,dorsolateral prefrontal cortex,"","",,,bulk cell,"",,,"",,,rnaSeq,,"",,,7.3,,6,6,polyAselection,,True,,pairedEnd,101,data contribution batch 1
R4790045,572_120521,"",brain,dorsolateral prefrontal cortex,"","",,,bulk cell,"",,,"",,,rnaSeq,,"",,,7.7,,2,2,polyAselection,,True,,pairedEnd,101,data contribution batch 1
R4762074,458_120507,"",brain,dorsolateral prefrontal cortex,"","",,,bulk cell,"",,,"",,,rnaSeq,,"",,,8,,1,1,polyAselection,,True,,pairedEnd,101,data contribution batch 1
R4728676,45_120416,"",brain,dorsolateral prefrontal cortex,"","",,,bulk cell,"",,,"",,,rnaSeq,,"",,,7.5,,2,2,polyAselection,,True,,pairedEnd,101,data contribution batch 1
R4689636,480_120514,"",brain,dorsolateral prefrontal cortex,"","",,,bulk cell,"",,,"",,,rnaSeq,,"",,,8.6,,1,1,polyAselection,,True,,pairedEnd,101,data contribution batch 1
R4641987,284_120430,"",brain,dorsolateral prefrontal cortex,"","",,,bulk cell,"",,,"",,,rnaSeq,,"",,,7.4,,2,2,polyAselection,,True,,pairedEnd,101,data contribution batch 1
R4620822,115_120418,"",brain,dorsolateral prefrontal cortex,"","",,,bulk cell,"",,,"",,,rnaSeq,,"",,,6.8,,5,5,polyAselection,,True,,pairedEnd,101,data contribution batch 1
R4619330,452_120507,"",brain,dorsolateral prefrontal cortex,"","",,,bulk cell,"",,,"",,,rnaSeq,,"",,,7.9,,2,2,polyAselection,,True,,pairedEnd,101,data contribution batch 1
R4602424,411_120503,"",brain,dorsolateral prefrontal cortex,"","",,,bulk cell,"",,,"",,,rnaSeq,,"",,,7.3,,6,6,polyAselection,,True,,pairedEnd,101,data contribution batch 1
R4581557,632_120524,"",brain,dorsolateral prefrontal cortex,"","",,,bulk cell,"",,,"",,,rnaSeq,,"",,,8.1,,1,1,polyAselection,,True,,pairedEnd,101,data contribution batch 1
R4575675,128_120419,"",brain,dorsolateral prefrontal cortex,"","",,,bulk cell,"",,,"",,,rnaSeq,,"",,,8.5,,6,6,polyAselection,,True,,pairedEnd,101,data contribution batch 1
R4570065,345_120501,"",brain,dorsolateral prefrontal cortex,"","",,,bulk cell,"",,,"",,,rnaSeq,,"",,,7.9,,6,6,polyAselection,,True,,pairedEnd,101,data contribution batch 1
R4567280,536_120516,"",brain,dorsolateral prefrontal cortex,"","",,,bulk cell,"",,,"",,,rnaSeq,,"",,,8.6,,1,1,polyAselection,,True,,pairedEnd,101,data contribution batch 1
R4531942,303_120430,"",brain,dorsolateral prefrontal cortex,"","",,,bulk cell,"",,,"",,,rnaSeq,,"",,,5.4,,5,5,polyAselection,,True,,pairedEnd,101,data contribution batch 1
R4527133,534_120516,"",brain,dorsolateral prefrontal cortex,"","",,,bulk cell,"",,,"",,,rnaSeq,,"",,,7.5,,2,2,polyAselection,,True,,pairedEnd,101,data contribution batch 1
R4482444,164_120423,"",brain,dorsolateral prefrontal cortex,"","",,,bulk cell,"",,,"",,,rnaSeq,,"",,,8.6,,1,1,polyAselection,,True,,pairedEnd,101,data contribution batch 1
R4470253,603_120523,"",brain,dorsolateral prefrontal cortex,"","",,,bulk cell,"",,,"",,,rnaSeq,,"",,,8.2,,6,6,polyAselection,,True,,pairedEnd,101,data contribution batch 1
R4415805,05_120405,"",brain,dorsolateral prefrontal cortex,"","",,,bulk cell,"",,,"",,,rnaSeq,,"",,,6.1,,4,4,polyAselection,,True,,pairedEnd,101,data contribution batch 1
R4388056,363_120502,"",brain,dorsolateral prefrontal cortex,"","",,,bulk cell,"",,,"",,,rnaSeq,,"",,,8.2,,1,1,polyAselection,,True,,pairedEnd,101,data contribution batch 1
R4379962,289_120430,"",brain,dorsolateral prefrontal cortex,"","",,,bulk cell,"",,,"",,,rnaSeq,,"",,,6.8,,5,5,polyAselection,,True,,pairedEnd,101,data contribution batch 1
R4345802,89_120417,"",brain,dorsolateral prefrontal cortex,"","",,,bulk cell,"",,,"",,,rnaSeq,,"",,,7.1,,6,6,polyAselection,,True,,pairedEnd,101,data contribution batch 1
R4332132,251_120426,"",brain,dorsolateral prefrontal cortex,"","",,,bulk cell,"",,,"",,,rnaSeq,,"",,,6.4,,5,5,polyAselection,,True,,pairedEnd,101,data contribution batch 1
R4292728,218_120425,"",brain,dorsolateral prefrontal cortex,"","",,,bulk cell,"",,,"",,,rnaSeq,,"",,,8.3,,6,6,polyAselection,,True,,pairedEnd,101,data contribution batch 1
R4289838,464_120514,"",brain,dorsolateral prefrontal cortex,"","",,,bulk cell,"",,,"",,,rnaSeq,,"",,,5.8,,4,4,polyAselection,,True,,pairedEnd,101,data contribution batch 1
R4276053,613_120523,"",brain,dorsolateral prefrontal cortex,"","",,,bulk cell,"",,,"",,,rnaSeq,,"",,,6.5,,3,3,polyAselection,,True,,pairedEnd,101,data contribution batch 1
R4260171,470_120514,"",brain,dorsolateral prefrontal cortex,"","",,,bulk cell,"",,,"",,,rnaSeq,,"",,,8.6,,1,1,polyAselection,,True,,pairedEnd,101,data contribution batch 1
R4249236,40_120416,"",brain,dorsolateral prefrontal cortex,"","",,,bulk cell,"",,,"",,,rnaSeq,,"",,,7.3,,6,6,polyAselection,,True,,pairedEnd,101,data contribution batch 1
R4244951,435_120507,"",brain,dorsolateral prefrontal cortex,"","",,,bulk cell,"",,,"",,,rnaSeq,,"",,,6,,5,5,polyAselection,,True,,pairedEnd,101,data contribution batch 1
R4242773,375_120502,"",brain,dorsolateral prefrontal cortex,"","",,,bulk cell,"",,,"",,,rnaSeq,,"",,,8.2,,1,1,polyAselection,,True,,pairedEnd,101,data contribution batch 1
R4242008,541_120516,"",brain,dorsolateral prefrontal cortex,"","",,,bulk cell,"",,,"",,,rnaSeq,,"",,,8.4,,1,1,polyAselection,,True,,pairedEnd,101,data contribution batch 1
R4184741,90_120417,"",brain,dorsolateral prefrontal cortex,"","",,,bulk cell,"",,,"",,,rnaSeq,,"",,,7.7,,6,6,polyAselection,,True,,pairedEnd,101,data contribution batch 1
R4182458,378_120503,"",brain,dorsolateral prefrontal cortex,"","",,,bulk cell,"",,,"",,,rnaSeq,,"",,,7.9,,2,2,polyAselection,,True,,pairedEnd,101,data contribution batch 1
R4174623,153_120423,"",brain,dorsolateral prefrontal cortex,"","",,,bulk cell,"",,,"",,,rnaSeq,,"",,,7,,3,3,polyAselection,,True,,pairedEnd,101,data contribution batch 1
R4147686,699_120605,"",brain,dorsolateral prefrontal cortex,"","",,,bulk cell,"",,,"",,,rnaSeq,,"",,,7.3,,3,3,polyAselection,,True,,pairedEnd,101,data contribution batch 1
R4119160,586_120522,"",brain,dorsolateral prefrontal cortex,"","",,,bulk cell,"",,,"",,,rnaSeq,,"",,,8.1,,6,6,polyAselection,,True,,pairedEnd,101,data contribution batch 1
R4087581,25_120411,"",brain,dorsolateral prefrontal cortex,"","",,,bulk cell,"",,,"",,,rnaSeq,,"",,,8.2,,1,1,polyAselection,,True,,pairedEnd,101,data contribution batch 1
R4087141,197_120424,"",brain,dorsolateral prefrontal cortex,"","",,,bulk cell,"",,,"",,,rnaSeq,,"",,,7,,5,5,polyAselection,,True,,pairedEnd,101,data contribution batch 1
R4078277,250_120426,"",brain,dorsolateral prefrontal cortex,"","",,,bulk cell,"",,,"",,,rnaSeq,,"",,,7.5,,2,2,polyAselection,,True,,pairedEnd,101,data contribution batch 1
R4077358,231_120425,"",brain,dorsolateral prefrontal cortex,"","",,,bulk cell,"",,,"",,,rnaSeq,,"",,,6.7,,5,5,polyAselection,,True,,pairedEnd,101,data contribution batch 1
R4053976,478_120514,"",brain,dorsolateral prefrontal cortex,"","",,,bulk cell,"",,,"",,,rnaSeq,,"",,,6.5,,4,4,polyAselection,,True,,pairedEnd,101,data contribution batch 1
R4047989,326_120501,"",brain,dorsolateral prefrontal cortex,"","",,,bulk cell,"",,,"",,,rnaSeq,,"",,,7.6,,2,2,polyAselection,,True,,pairedEnd,101,data contribution batch 1
R4042599,214_120425,"",brain,dorsolateral prefrontal cortex,"","",,,bulk cell,"",,,"",,,rnaSeq,,"",,,5.6,,4,4,polyAselection,,True,,pairedEnd,101,data contribution batch 1
R4022468,538_120516,"",brain,dorsolateral prefrontal cortex,"","",,,bulk cell,"",,,"",,,rnaSeq,,"",,,6.1,,4,4,polyAselection,,True,,pairedEnd,101,data contribution batch 1
R4021549,372_120502,"",brain,dorsolateral prefrontal cortex,"","",,,bulk cell,"",,,"",,,rnaSeq,,"",,,6.7,,5,5,polyAselection,,True,,pairedEnd,101,data contribution batch 1
R4014413,644_120524,"",brain,dorsolateral prefrontal cortex,"","",,,bulk cell,"",,,"",,,rnaSeq,,"",,,5.7,,4,4,polyAselection,,True,,pairedEnd,101,data contribution batch 1
R3987433,124_120419,"",brain,dorsolateral prefrontal cortex,"","",,,bulk cell,"",,,"",,,rnaSeq,,"",,,6.8,,5,5,polyAselection,,True,,pairedEnd,101,data contribution batch 1
R3984996,328_120501,"",brain,dorsolateral prefrontal cortex,"","",,,bulk cell,"",,,"",,,rnaSeq,,"",,,8.3,,6,6,polyAselection,,True,,pairedEnd,101,data contribution batch 1
R3978789,253_120426,"",brain,dorsolateral prefrontal cortex,"","",,,bulk cell,"",,,"",,,rnaSeq,,"",,,7.5,,6,6,polyAselection,,True,,pairedEnd,101,data contribution batch 1
R3948425,448_120507,"",brain,dorsolateral prefrontal cortex,"","",,,bulk cell,"",,,"",,,rnaSeq,,"",,,8.4,,6,6,polyAselection,,True,,pairedEnd,101,data contribution batch 1
R3937593,300_120430,"",brain,dorsolateral prefrontal cortex,"","",,,bulk cell,"",,,"",,,rnaSeq,,"",,,7.6,,2,2,polyAselection,,True,,pairedEnd,101,data contribution batch 1
R3927700,643_120524,"",brain,dorsolateral prefrontal cortex,"","",,,bulk cell,"",,,"",,,rnaSeq,,"",,,6.6,,3,3,polyAselection,,True,,pairedEnd,101,data contribution batch 1
R3922205,678_120604,"",brain,dorsolateral prefrontal cortex,"","",,,bulk cell,"",,,"",,,rnaSeq,,"",,,6.5,,3,3,polyAselection,,True,,pairedEnd,101,data contribution batch 1
R3917022,248_120426,"",brain,dorsolateral prefrontal cortex,"","",,,bulk cell,"",,,"",,,rnaSeq,,"",,,5.3,,5,5,polyAselection,,True,,pairedEnd,101,data contribution batch 1
R3910349,271_120430,"",brain,dorsolateral prefrontal cortex,"","",,,bulk cell,"",,,"",,,rnaSeq,,"",,,6.2,,4,4,polyAselection,,True,,pairedEnd,101,data contribution batch 1
R3900996,241_120426,"",brain,dorsolateral prefrontal cortex,"","",,,bulk cell,"",,,"",,,rnaSeq,,"",,,8.4,,6,6,polyAselection,,True,,pairedEnd,101,data contribution batch 1
R3898113,83_120417,"",brain,dorsolateral prefrontal cortex,"","",,,bulk cell,"",,,"",,,rnaSeq,,"",,,8.3,,1,1,polyAselection,,True,,pairedEnd,101,data contribution batch 1
R3884524,703_120605,"",brain,dorsolateral prefrontal cortex,"","",,,bulk cell,"",,,"",,,rnaSeq,,"",,,6.7,,5,5,polyAselection,,True,,pairedEnd,101,data contribution batch 1
R3877498,676_120604,"",brain,dorsolateral prefrontal cortex,"","",,,bulk cell,"",,,"",,,rnaSeq,,"",,,5.2,,4,4,polyAselection,,True,,pairedEnd,101,data contribution batch 1
R3874626,599_120523,"",brain,dorsolateral prefrontal cortex,"","",,,bulk cell,"",,,"",,,rnaSeq,,"",,,7.8,,2,2,polyAselection,,True,,pairedEnd,101,data contribution batch 1
R3857927,528_120515,"",brain,dorsolateral prefrontal cortex,"","",,,bulk cell,"",,,"",,,rnaSeq,,"",,,8.5,,1,1,polyAselection,,True,,pairedEnd,101,data contribution batch 1
R3857147,77_120417,"",brain,dorsolateral prefrontal cortex,"","",,,bulk cell,"",,,"",,,rnaSeq,,"",,,7.8,,2,2,polyAselection,,True,,pairedEnd,101,data contribution batch 1
R3844037,15_120410,"",brain,dorsolateral prefrontal cortex,"","",,,bulk cell,"",,,"",,,rnaSeq,,"",,,7.1,,3,3,polyAselection,,True,,pairedEnd,101,data contribution batch 1
R3837901,64_120417,"",brain,dorsolateral prefrontal cortex,"","",,,bulk cell,"",,,"",,,rnaSeq,,"",,,8.3,,1,1,polyAselection,,True,,pairedEnd,101,data contribution batch 1
R3825485,334_120501,"",brain,dorsolateral prefrontal cortex,"","",,,bulk cell,"",,,"",,,rnaSeq,,"",,,7.2,,6,6,polyAselection,,True,,pairedEnd,101,data contribution batch 1
R3811781,501_120515,"",brain,dorsolateral prefrontal cortex,"","",,,bulk cell,"",,,"",,,rnaSeq,,"",,,5,,5,5,polyAselection,,True,,pairedEnd,101,data contribution batch 1
R3784607,349_120501,"",brain,dorsolateral prefrontal cortex,"","",,,bulk cell,"",,,"",,,rnaSeq,,"",,,7,,3,3,polyAselection,,True,,pairedEnd,101,data contribution batch 1
R3776872,196_120424,"",brain,dorsolateral prefrontal cortex,"","",,,bulk cell,"",,,"",,,rnaSeq,,"",,,6.8,,5,5,polyAselection,,True,,pairedEnd,101,data contribution batch 1
R3769291,190_120424,"",brain,dorsolateral prefrontal cortex,"","",,,bulk cell,"",,,"",,,rnaSeq,,"",,,6.3,,5,5,polyAselection,,True,,pairedEnd,101,data contribution batch 1
R3757880,291_120430,"",brain,dorsolateral prefrontal cortex,"","",,,bulk cell,"",,,"",,,rnaSeq,,"",,,8.1,,6,6,polyAselection,,True,,pairedEnd,101,data contribution batch 1
R3744330,232_120425,"",brain,dorsolateral prefrontal cortex,"","",,,bulk cell,"",,,"",,,rnaSeq,,"",,,6.9,,5,5,polyAselection,,True,,pairedEnd,101,data contribution batch 1
R3741788,170_120423,"",brain,dorsolateral prefrontal cortex,"","",,,bulk cell,"",,,"",,,rnaSeq,,"",,,7.4,,6,6,polyAselection,,True,,pairedEnd,101,data contribution batch 1
R3740754,710_120531,"",brain,dorsolateral prefrontal cortex,"","",,,bulk cell,"",,,"",,,rnaSeq,,"",,,6.2,,4,4,polyAselection,,True,,pairedEnd,101,data contribution batch 1
R3739042,473_120514,"",brain,dorsolateral prefrontal cortex,"","",,,bulk cell,"",,,"",,,rnaSeq,,"",,,8.6,,1,1,polyAselection,,True,,pairedEnd,101,data contribution batch 1
R3722356,12_120410,"",brain,dorsolateral prefrontal cortex,"","",,,bulk cell,"",,,"",,,rnaSeq,,"",,,7.4,,2,2,polyAselection,,True,,pairedEnd,101,data contribution batch 1
R3631183,228_120425,"",brain,dorsolateral prefrontal cortex,"","",,,bulk cell,"",,,"",,,rnaSeq,,"",,,6.3,,5,5,polyAselection,,True,,pairedEnd,101,data contribution batch 1
R3607578,88_120417,"",brain,dorsolateral prefrontal cortex,"","",,,bulk cell,"",,,"",,,rnaSeq,,"",,,8.7,,6,6,polyAselection,,True,,pairedEnd,101,data contribution batch 1
R3596834,38_120416,"",brain,dorsolateral prefrontal cortex,"","",,,bulk cell,"",,,"",,,rnaSeq,,"",,,5,,5,5,polyAselection,,True,,pairedEnd,101,data contribution batch 1
R3589148,287_120430,"",brain,dorsolateral prefrontal cortex,"","",,,bulk cell,"",,,"",,,rnaSeq,,"",,,7.1,,6,6,polyAselection,,True,,pairedEnd,101,data contribution batch 1
R3579460,277_120430,"",brain,dorsolateral prefrontal cortex,"","",,,bulk cell,"",,,"",,,rnaSeq,,"",,,7.5,,2,2,polyAselection,,True,,pairedEnd,101,data contribution batch 1
R3553915,310_120430,"",brain,dorsolateral prefrontal cortex,"","",,,bulk cell,"",,,"",,,rnaSeq,,"",,,6.1,,5,5,polyAselection,,True,,pairedEnd,101,data contribution batch 1
R3535957,582_120521,"",brain,dorsolateral prefrontal cortex,"","",,,bulk cell,"",,,"",,,rnaSeq,,"",,,5.6,,4,4,polyAselection,,True,,pairedEnd,101,data contribution batch 1
R3518363,272_120430,"",brain,dorsolateral prefrontal cortex,"","",,,bulk cell,"",,,"",,,rnaSeq,,"",,,5.9,,4,4,polyAselection,,True,,pairedEnd,101,data contribution batch 1
R3485645,270_120430,"",brain,dorsolateral prefrontal cortex,"","",,,bulk cell,"",,,"",,,rnaSeq,,"",,,7,,3,3,polyAselection,,True,,pairedEnd,101,data contribution batch 1
R3477250,669_120530,"",brain,dorsolateral prefrontal cortex,"","",,,bulk cell,"",,,"",,,rnaSeq,,"",,,7.4,,2,2,polyAselection,,True,,pairedEnd,101,data contribution batch 1
R3452739,183_120424,"",brain,dorsolateral prefrontal cortex,"","",,,bulk cell,"",,,"",,,rnaSeq,,"",,,6.4,,5,5,polyAselection,,True,,pairedEnd,101,data contribution batch 1
R3444124,180_120424,"",brain,dorsolateral prefrontal cortex,"","",,,bulk cell,"",,,"",,,rnaSeq,,"",,,7.5,,6,6,polyAselection,,True,,pairedEnd,101,data contribution batch 1
R3442506,74_120417,"",brain,dorsolateral prefrontal cortex,"","",,,bulk cell,"",,,"",,,rnaSeq,,"",,,8.8,,1,1,polyAselection,,True,,pairedEnd,101,data contribution batch 1
R3426726,136_120419,"",brain,dorsolateral prefrontal cortex,"","",,,bulk cell,"",,,"",,,rnaSeq,,"",,,8.3,,1,1,polyAselection,,True,,pairedEnd,101,data contribution batch 1
R3408213,415_120503,"",brain,dorsolateral prefrontal cortex,"","",,,bulk cell,"",,,"",,,rnaSeq,,"",,,8,,6,6,polyAselection,,True,,pairedEnd,101,data contribution batch 1
R3405776,04_120405,"",brain,dorsolateral prefrontal cortex,"","",,,bulk cell,"",,,"",,,rnaSeq,,"",,,8.8,,1,1,polyAselection,,True,,pairedEnd,101,data contribution batch 1
R3400726,574_120521,"",brain,dorsolateral prefrontal cortex,"","",,,bulk cell,"",,,"",,,rnaSeq,,"",,,8.3,,1,1,polyAselection,,True,,pairedEnd,101,data contribution batch 1
R3391715,497_120515,"",brain,dorsolateral prefrontal cortex,"","",,,bulk cell,"",,,"",,,rnaSeq,,"",,,8,,6,6,polyAselection,,True,,pairedEnd,101,data contribution batch 1
R3368249,588_120522,"",brain,dorsolateral prefrontal cortex,"","",,,bulk cell,"",,,"",,,rnaSeq,,"",,,8.4,,1,1,polyAselection,,True,,pairedEnd,101,data contribution batch 1
R3328867,245_120426,"",brain,dorsolateral prefrontal cortex,"","",,,bulk cell,"",,,"",,,rnaSeq,,"",,,6.5,,5,5,polyAselection,,True,,pairedEnd,101,data contribution batch 1
R3328752,481_120514,"",brain,dorsolateral prefrontal cortex,"","",,,bulk cell,"",,,"",,,rnaSeq,,"",,,6.5,,3,3,polyAselection,,True,,pairedEnd,101,data contribution batch 1
R3322663,35_120416,"",brain,dorsolateral prefrontal cortex,"","",,,bulk cell,"",,,"",,,rnaSeq,,"",,,6.7,,3,3,polyAselection,,True,,pairedEnd,101,data contribution batch 1
R3292822,722_120531,"",brain,dorsolateral prefrontal cortex,"","",,,bulk cell,"",,,"",,,rnaSeq,,"",,,9.5,,1,1,polyAselection,,True,,pairedEnd,101,data contribution batch 1
R3280186,162_120423,"",brain,dorsolateral prefrontal cortex,"","",,,bulk cell,"",,,"",,,rnaSeq,,"",,,8.5,,1,1,polyAselection,,True,,pairedEnd,101,data contribution batch 1
R3257830,637_120524,"",brain,dorsolateral prefrontal cortex,"","",,,bulk cell,"",,,"",,,rnaSeq,,"",,,7.3,,6,6,polyAselection,,True,,pairedEnd,101,data contribution batch 1
R3201576,671_120530,"",brain,dorsolateral prefrontal cortex,"","",,,bulk cell,"",,,"",,,rnaSeq,,"",,,6.8,,3,3,polyAselection,,True,,pairedEnd,101,data contribution batch 1
R3198654,181_120424,"",brain,dorsolateral prefrontal cortex,"","",,,bulk cell,"",,,"",,,rnaSeq,,"",,,7.1,,6,6,polyAselection,,True,,pairedEnd,101,data contribution batch 1
R3185659,82_120417,"",brain,dorsolateral prefrontal cortex,"","",,,bulk cell,"",,,"",,,rnaSeq,,"",,,7,,5,5,polyAselection,,True,,pairedEnd,101,data contribution batch 1
R3176125,360_120502,"",brain,dorsolateral prefrontal cortex,"","",,,bulk cell,"",,,"",,,rnaSeq,,"",,,6.7,,5,5,polyAselection,,True,,pairedEnd,101,data contribution batch 1
R3160138,60_120417,"",brain,dorsolateral prefrontal cortex,"","",,,bulk cell,"",,,"",,,rnaSeq,,"",,,5.6,,4,4,polyAselection,,True,,pairedEnd,101,data contribution batch 1
R3143439,502_120515,"",brain,dorsolateral prefrontal cortex,"","",,,bulk cell,"",,,"",,,rnaSeq,,"",,,8.6,,1,1,polyAselection,,True,,pairedEnd,101,data contribution batch 1
R3128463,108_120418,"",brain,dorsolateral prefrontal cortex,"","",,,bulk cell,"",,,"",,,rnaSeq,,"",,,7.9,,6,6,polyAselection,,True,,pairedEnd,101,data contribution batch 1
R3121235,605_120523,"",brain,dorsolateral prefrontal cortex,"","",,,bulk cell,"",,,"",,,rnaSeq,,"",,,7.8,,2,2,polyAselection,,True,,pairedEnd,101,data contribution batch 1
R3111222,549_120517,"",brain,dorsolateral prefrontal cortex,"","",,,bulk cell,"",,,"",,,rnaSeq,,"",,,5.8,,4,4,polyAselection,,True,,pairedEnd,101,data contribution batch 1
R3081601,168_120423,"",brain,dorsolateral prefrontal cortex,"","",,,bulk cell,"",,,"",,,rnaSeq,,"",,,8.1,,6,6,polyAselection,,True,,pairedEnd,101,data contribution batch 1
R3077672,604_120523,"",brain,dorsolateral prefrontal cortex,"","",,,bulk cell,"",,,"",,,rnaSeq,,"",,,7.5,,2,2,polyAselection,,True,,pairedEnd,101,data contribution batch 1
R3035452,369_120502,"",brain,dorsolateral prefrontal cortex,"","",,,bulk cell,"",,,"",,,rnaSeq,,"",,,7.3,,3,3,polyAselection,,True,,pairedEnd,101,data contribution batch 1
R3008520,485_120515,"",brain,dorsolateral prefrontal cortex,"","",,,bulk cell,"",,,"",,,rnaSeq,,"",,,6.9,,5,5,polyAselection,,True,,pairedEnd,101,data contribution batch 1
R2992930,617_120524,"",brain,dorsolateral prefrontal cortex,"","",,,bulk cell,"",,,"",,,rnaSeq,,"",,,6.1,,4,4,polyAselection,,True,,pairedEnd,101,data contribution batch 1
R2983626,714_120531,"",brain,dorsolateral prefrontal cortex,"","",,,bulk cell,"",,,"",,,rnaSeq,,"",,,5.2,,4,4,polyAselection,,True,,pairedEnd,101,data contribution batch 1
R2979477,44_120416,"",brain,dorsolateral prefrontal cortex,"","",,,bulk cell,"",,,"",,,rnaSeq,,"",,,8.7,,1,1,polyAselection,,True,,pairedEnd,101,data contribution batch 1
R2895885,237_120426,"",brain,dorsolateral prefrontal cortex,"","",,,bulk cell,"",,,"",,,rnaSeq,,"",,,7.4,,6,6,polyAselection,,True,,pairedEnd,101,data contribution batch 1
R2881301,638_120524,"",brain,dorsolateral prefrontal cortex,"","",,,bulk cell,"",,,"",,,rnaSeq,,"",,,7.4,,2,2,polyAselection,,True,,pairedEnd,101,data contribution batch 1
R2880377,680_120604,"",brain,dorsolateral prefrontal cortex,"","",,,bulk cell,"",,,"",,,rnaSeq,,"",,,7.7,,2,2,polyAselection,,True,,pairedEnd,101,data contribution batch 1
R2866440,459_120514,"",brain,dorsolateral prefrontal cortex,"","",,,bulk cell,"",,,"",,,rnaSeq,,"",,,7.1,,3,3,polyAselection,,True,,pairedEnd,101,data contribution batch 1
R2859649,23_120411,"",brain,dorsolateral prefrontal cortex,"","",,,bulk cell,"",,,"",,,rnaSeq,,"",,,7.4,,6,6,polyAselection,,True,,pairedEnd,101,data contribution batch 1
R2845830,84_120417,"",brain,dorsolateral prefrontal cortex,"","",,,bulk cell,"",,,"",,,rnaSeq,,"",,,8.4,,6,6,polyAselection,,True,,pairedEnd,101,data contribution batch 1
R2834233,673_120530,"",brain,dorsolateral prefrontal cortex,"","",,,bulk cell,"",,,"",,,rnaSeq,,"",,,7.5,,2,2,polyAselection,,True,,pairedEnd,101,data contribution batch 1
R2803490,688_120604,"",brain,dorsolateral prefrontal cortex,"","",,,bulk cell,"",,,"",,,rnaSeq,,"",,,5.8,,4,4,polyAselection,,True,,pairedEnd,101,data contribution batch 1
R2793780,336_120501,"",brain,dorsolateral prefrontal cortex,"","",,,bulk cell,"",,,"",,,rnaSeq,,"",,,5.5,,5,5,polyAselection,,True,,pairedEnd,101,data contribution batch 1
R2752714,96_120417,"",brain,dorsolateral prefrontal cortex,"","",,,bulk cell,"",,,"",,,rnaSeq,,"",,,5.1,,5,5,polyAselection,,True,,pairedEnd,101,data contribution batch 1
R2731764,212_120424,"",brain,dorsolateral prefrontal cortex,"","",,,bulk cell,"",,,"",,,rnaSeq,,"",,,7.5,,6,6,polyAselection,,True,,pairedEnd,101,data contribution batch 1
R2731324,545_120516,"",brain,dorsolateral prefrontal cortex,"","",,,bulk cell,"",,,"",,,rnaSeq,,"",,,5.5,,4,4,polyAselection,,True,,pairedEnd,101,data contribution batch 1
R2721311,709_120531,"",brain,dorsolateral prefrontal cortex,"","",,,bulk cell,"",,,"",,,rnaSeq,,"",,,5.8,,4,4,polyAselection,,True,,pairedEnd,101,data contribution batch 1
R2716798,145_120419,"",brain,dorsolateral prefrontal cortex,"","",,,bulk cell,"",,,"",,,rnaSeq,,"",,,5,,5,5,polyAselection,,True,,pairedEnd,101,data contribution batch 1
R2709337,37_120416,"",brain,dorsolateral prefrontal cortex,"","",,,bulk cell,"",,,"",,,rnaSeq,,"",,,5.6,,5,5,polyAselection,,True,,pairedEnd,101,data contribution batch 1
R2703808,131_120419,"",brain,dorsolateral prefrontal cortex,"","",,,bulk cell,"",,,"",,,rnaSeq,,"",,,7.5,,2,2,polyAselection,,True,,pairedEnd,101,data contribution batch 1
R2697774,116_120418,"",brain,dorsolateral prefrontal cortex,"","",,,bulk cell,"",,,"",,,rnaSeq,,"",,,7.6,,6,6,polyAselection,,True,,pairedEnd,101,data contribution batch 1
R2678902,614_120523,"",brain,dorsolateral prefrontal cortex,"","",,,bulk cell,"",,,"",,,rnaSeq,,"",,,7.5,,2,2,polyAselection,,True,,pairedEnd,101,data contribution batch 1
R2670295,30_120416,"",brain,dorsolateral prefrontal cortex,"","",,,bulk cell,"",,,"",,,rnaSeq,,"",,,7.7,,2,2,polyAselection,,True,,pairedEnd,101,data contribution batch 1
R2667630,700_120605,"",brain,dorsolateral prefrontal cortex,"","",,,bulk cell,"",,,"",,,rnaSeq,,"",,,7.8,,2,2,polyAselection,,True,,pairedEnd,101,data contribution batch 1
R2649907,573_120521,"",brain,dorsolateral prefrontal cortex,"","",,,bulk cell,"",,,"",,,rnaSeq,,"",,,7.4,,6,6,polyAselection,,True,,pairedEnd,101,data contribution batch 1
R2645101,75_120417,"",brain,dorsolateral prefrontal cortex,"","",,,bulk cell,"",,,"",,,rnaSeq,,"",,,7.3,,3,3,polyAselection,,True,,pairedEnd,101,data contribution batch 1
R2645096,484_120515,"",brain,dorsolateral prefrontal cortex,"","",,,bulk cell,"",,,"",,,rnaSeq,,"",,,7.9,,2,2,polyAselection,,True,,pairedEnd,101,data contribution batch 1
R2624931,444_120507,"",brain,dorsolateral prefrontal cortex,"","",,,bulk cell,"",,,"",,,rnaSeq,,"",,,7.5,,2,2,polyAselection,,True,,pairedEnd,101,data contribution batch 1
R2616766,307_120430,"",brain,dorsolateral prefrontal cortex,"","",,,bulk cell,"",,,"",,,rnaSeq,,"",,,5.2,,5,5,polyAselection,,True,,pairedEnd,101,data contribution batch 1
R2582129,101_120418,"",brain,dorsolateral prefrontal cortex,"","",,,bulk cell,"",,,"",,,rnaSeq,,"",,,7.4,,2,2,polyAselection,,True,,pairedEnd,101,data contribution batch 1
R2581860,08_120410,"",brain,dorsolateral prefrontal cortex,"","",,,bulk cell,"",,,"",,,rnaSeq,,"",,,5.1,,5,5,polyAselection,,True,,pairedEnd,101,data contribution batch 1
R2575548,19_120411,"",brain,dorsolateral prefrontal cortex,"","",,,bulk cell,"",,,"",,,rnaSeq,,"",,,6.3,,5,5,polyAselection,,True,,pairedEnd,101,data contribution batch 1
R2565200,229_120425,"",brain,dorsolateral prefrontal cortex,"","",,,bulk cell,"",,,"",,,rnaSeq,,"",,,5.9,,4,4,polyAselection,,True,,pairedEnd,101,data contribution batch 1
R2554598,351_120501,"",brain,dorsolateral prefrontal cortex,"","",,,bulk cell,"",,,"",,,rnaSeq,,"",,,5.5,,4,4,polyAselection,,True,,pairedEnd,101,data contribution batch 1
R2549195,98_120417,"",brain,dorsolateral prefrontal cortex,"","",,,bulk cell,"",,,"",,,rnaSeq,,"",,,8.1,,6,6,polyAselection,,True,,pairedEnd,101,data contribution batch 1
R2543886,626_120524,"",brain,dorsolateral prefrontal cortex,"","",,,bulk cell,"",,,"",,,rnaSeq,,"",,,8.4,,1,1,polyAselection,,True,,pairedEnd,101,data contribution batch 1
R2516394,398_120503,"",brain,dorsolateral prefrontal cortex,"","",,,bulk cell,"",,,"",,,rnaSeq,,"",,,7.4,,0,0,polyAselection,,True,,pairedEnd,101,data contribution batch 1
R2494273,460_120514,"",brain,dorsolateral prefrontal cortex,"","",,,bulk cell,"",,,"",,,rnaSeq,,"",,,6.5,,5,5,polyAselection,,True,,pairedEnd,101,data contribution batch 1
R2488731,258_120426,"",brain,dorsolateral prefrontal cortex,"","",,,bulk cell,"",,,"",,,rnaSeq,,"",,,8,,6,6,polyAselection,,True,,pairedEnd,101,data contribution batch 1
R2474257,606_120523,"",brain,dorsolateral prefrontal cortex,"","",,,bulk cell,"",,,"",,,rnaSeq,,"",,,5.8,,4,4,polyAselection,,True,,pairedEnd,101,data contribution batch 1
R2472304,220_120425,"",brain,dorsolateral prefrontal cortex,"","",,,bulk cell,"",,,"",,,rnaSeq,,"",,,7.7,,2,2,polyAselection,,True,,pairedEnd,101,data contribution batch 1
R2455930,569_120521,"",brain,dorsolateral prefrontal cortex,"","",,,bulk cell,"",,,"",,,rnaSeq,,"",,,5.4,,5,5,polyAselection,,True,,pairedEnd,101,data contribution batch 1
R2424757,20_120411,"",brain,dorsolateral prefrontal cortex,"","",,,bulk cell,"",,,"",,,rnaSeq,,"",,,8.3,,6,6,polyAselection,,True,,pairedEnd,101,data contribution batch 1
R2398607,630_120524,"",brain,dorsolateral prefrontal cortex,"","",,,bulk cell,"",,,"",,,rnaSeq,,"",,,6.8,,3,3,polyAselection,,True,,pairedEnd,101,data contribution batch 1
R2398487,356_120501,"",brain,dorsolateral prefrontal cortex,"","",,,bulk cell,"",,,"",,,rnaSeq,,"",,,8.3,,1,1,polyAselection,,True,,pairedEnd,101,data contribution batch 1
R2397348,227_120425,"",brain,dorsolateral prefrontal cortex,"","",,,bulk cell,"",,,"",,,rnaSeq,,"",,,5.3,,4,4,polyAselection,,True,,pairedEnd,101,data contribution batch 1
R2386521,202_120424,"",brain,dorsolateral prefrontal cortex,"","",,,bulk cell,"",,,"",,,rnaSeq,,"",,,7.3,,3,3,polyAselection,,True,,pairedEnd,101,data contribution batch 1
R2373966,426_120507,"",brain,dorsolateral prefrontal cortex,"","",,,bulk cell,"",,,"",,,rnaSeq,,"",,,8.4,,1,1,polyAselection,,True,,pairedEnd,101,data contribution batch 1
R2372487,406_120503,"",brain,dorsolateral prefrontal cortex,"","",,,bulk cell,"",,,"",,,rnaSeq,,"",,,5.3,,5,5,polyAselection,,True,,pairedEnd,101,data contribution batch 1
R2367199,339_120501,"",brain,dorsolateral prefrontal cortex,"","",,,bulk cell,"",,,"",,,rnaSeq,,"",,,6.4,,4,4,polyAselection,,True,,pairedEnd,101,data contribution batch 1
R2346589,384_120503,"",brain,dorsolateral prefrontal cortex,"","",,,bulk cell,"",,,"",,,rnaSeq,,"",,,8.1,,1,1,polyAselection,,True,,pairedEnd,101,data contribution batch 1
R2310801,488_120515,"",brain,dorsolateral prefrontal cortex,"","",,,bulk cell,"",,,"",,,rnaSeq,,"",,,8.3,,1,1,polyAselection,,True,,pairedEnd,101,data contribution batch 1
R2264515,509_120515,"",brain,dorsolateral prefrontal cortex,"","",,,bulk cell,"",,,"",,,rnaSeq,,"",,,8.1,,1,1,polyAselection,,True,,pairedEnd,101,data contribution batch 1
R2237803,666_120530,"",brain,dorsolateral prefrontal cortex,"","",,,bulk cell,"",,,"",,,rnaSeq,,"",,,8.2,,1,1,polyAselection,,True,,pairedEnd,101,data contribution batch 1
R2212277,587_120522,"",brain,dorsolateral prefrontal cortex,"","",,,bulk cell,"",,,"",,,rnaSeq,,"",,,6.9,,3,3,polyAselection,,True,,pairedEnd,101,data contribution batch 1
R2197944,560_120517,"",brain,dorsolateral prefrontal cortex,"","",,,bulk cell,"",,,"",,,rnaSeq,,"",,,7.3,,0,0,polyAselection,,True,,pairedEnd,101,data contribution batch 1
R2167020,657_120529,"",brain,dorsolateral prefrontal cortex,"","",,,bulk cell,"",,,"",,,rnaSeq,,"",,,7.3,,3,3,polyAselection,,True,,pairedEnd,101,data contribution batch 1
R2166876,665_120530,"",brain,dorsolateral prefrontal cortex,"","",,,bulk cell,"",,,"",,,rnaSeq,,"",,,6.6,,3,3,polyAselection,,True,,pairedEnd,101,data contribution batch 1
R2140101,29_120416,"",brain,dorsolateral prefrontal cortex,"","",,,bulk cell,"",,,"",,,rnaSeq,,"",,,5.9,,4,4,polyAselection,,True,,pairedEnd,101,data contribution batch 1
R2124216,240_120426,"",brain,dorsolateral prefrontal cortex,"","",,,bulk cell,"",,,"",,,rnaSeq,,"",,,8,,1,1,polyAselection,,True,,pairedEnd,101,data contribution batch 1
R2111091,581_120521,"",brain,dorsolateral prefrontal cortex,"","",,,bulk cell,"",,,"",,,rnaSeq,,"",,,5.9,,4,4,polyAselection,,True,,pairedEnd,101,data contribution batch 1
R2110067,269_120430,"",brain,dorsolateral prefrontal cortex,"","",,,bulk cell,"",,,"",,,rnaSeq,,"",,,5.6,,4,4,polyAselection,,True,,pairedEnd,101,data contribution batch 1
R2079629,523_120515,"",brain,dorsolateral prefrontal cortex,"","",,,bulk cell,"",,,"",,,rnaSeq,,"",,,6.2,,4,4,polyAselection,,True,,pairedEnd,101,data contribution batch 1
R2045909,548_120516,"",brain,dorsolateral prefrontal cortex,"","",,,bulk cell,"",,,"",,,rnaSeq,,"",,,7,,3,3,polyAselection,,True,,pairedEnd,101,data contribution batch 1
R2006886,532_120516,"",brain,dorsolateral prefrontal cortex,"","",,,bulk cell,"",,,"",,,rnaSeq,,"",,,8.2,,1,1,polyAselection,,True,,pairedEnd,101,data contribution batch 1
R1980623,296_120430,"",brain,dorsolateral prefrontal cortex,"","",,,bulk cell,"",,,"",,,rnaSeq,,"",,,7.9,,2,2,polyAselection,,True,,pairedEnd,101,data contribution batch 1
R1977848,496_120515,"",brain,dorsolateral prefrontal cortex,"","",,,bulk cell,"",,,"",,,rnaSeq,,"",,,8.6,,1,1,polyAselection,,True,,pairedEnd,101,data contribution batch 1
R1969233,396_120503,"",brain,dorsolateral prefrontal cortex,"","",,,bulk cell,"",,,"",,,rnaSeq,,"",,,9,,1,1,polyAselection,,True,,pairedEnd,101,data contribution batch 1
R1944372,21_120411,"",brain,dorsolateral prefrontal cortex,"","",,,bulk cell,"",,,"",,,rnaSeq,,"",,,7.1,,3,3,polyAselection,,True,,pairedEnd,101,data contribution batch 1
R1924916,14_120410,"",brain,dorsolateral prefrontal cortex,"","",,,bulk cell,"",,,"",,,rnaSeq,,"",,,7.4,,6,6,polyAselection,,True,,pairedEnd,101,data contribution batch 1
R1924801,564_120517,"",brain,dorsolateral prefrontal cortex,"","",,,bulk cell,"",,,"",,,rnaSeq,,"",,,8.7,,1,1,polyAselection,,True,,pairedEnd,101,data contribution batch 1
R1888413,354_120501,"",brain,dorsolateral prefrontal cortex,"","",,,bulk cell,"",,,"",,,rnaSeq,,"",,,7.6,,2,2,polyAselection,,True,,pairedEnd,101,data contribution batch 1
R1845714,721_120531,"",brain,dorsolateral prefrontal cortex,"","",,,bulk cell,"",,,"",,,rnaSeq,,"",,,5.8,,4,4,polyAselection,,True,,pairedEnd,101,data contribution batch 1
R1830086,171_120423,"",brain,dorsolateral prefrontal cortex,"","",,,bulk cell,"",,,"",,,rnaSeq,,"",,,6.3,,5,5,polyAselection,,True,,pairedEnd,101,data contribution batch 1
R1822146,575_120521,"",brain,dorsolateral prefrontal cortex,"","",,,bulk cell,"",,,"",,,rnaSeq,,"",,,7.4,,2,2,polyAselection,,True,,pairedEnd,101,data contribution batch 1
R1801421,323_120501,"",brain,dorsolateral prefrontal cortex,"","",,,bulk cell,"",,,"",,,rnaSeq,,"",,,8.2,,6,6,polyAselection,,True,,pairedEnd,101,data contribution batch 1
R1777884,364_120502,"",brain,dorsolateral prefrontal cortex,"","",,,bulk cell,"",,,"",,,rnaSeq,,"",,,6.9,,5,5,polyAselection,,True,,pairedEnd,101,data contribution batch 1
R1748114,72_120417,"",brain,dorsolateral prefrontal cortex,"","",,,bulk cell,"",,,"",,,rnaSeq,,"",,,7.8,,6,6,polyAselection,,True,,pairedEnd,101,data contribution batch 1
R1743384,525_120515,"",brain,dorsolateral prefrontal cortex,"","",,,bulk cell,"",,,"",,,rnaSeq,,"",,,8.2,,0,0,polyAselection,,True,,pairedEnd,101,data contribution batch 1
R1721075,332_120501,"",brain,dorsolateral prefrontal cortex,"","",,,bulk cell,"",,,"",,,rnaSeq,,"",,,8.1,,1,1,polyAselection,,True,,pairedEnd,101,data contribution batch 1
R1710143,684_120604,"",brain,dorsolateral prefrontal cortex,"","",,,bulk cell,"",,,"",,,rnaSeq,,"",,,7.7,,2,2,polyAselection,,True,,pairedEnd,101,data contribution batch 1
R1687970,690_120604,"",brain,dorsolateral prefrontal cortex,"","",,,bulk cell,"",,,"",,,rnaSeq,,"",,,5.7,,4,4,polyAselection,,True,,pairedEnd,101,data contribution batch 1
R1672797,24_120411,"",brain,dorsolateral prefrontal cortex,"","",,,bulk cell,"",,,"",,,rnaSeq,,"",,,8.4,,6,6,polyAselection,,True,,pairedEnd,101,data contribution batch 1
R1664857,704_120605,"",brain,dorsolateral prefrontal cortex,"","",,,bulk cell,"",,,"",,,rnaSeq,,"",,,6.9,,5,5,polyAselection,,True,,pairedEnd,101,data contribution batch 1
R1660726,298_120430,"",brain,dorsolateral prefrontal cortex,"","",,,bulk cell,"",,,"",,,rnaSeq,,"",,,6.6,,3,3,polyAselection,,True,,pairedEnd,101,data contribution batch 1
R1658200,367_120502,"",brain,dorsolateral prefrontal cortex,"","",,,bulk cell,"",,,"",,,rnaSeq,,"",,,5.8,,4,4,polyAselection,,True,,pairedEnd,101,data contribution batch 1
R1620679,257_120426,"",brain,dorsolateral prefrontal cortex,"","",,,bulk cell,"",,,"",,,rnaSeq,,"",,,5.6,,5,5,polyAselection,,True,,pairedEnd,101,data contribution batch 1
R1617674,204_120424,"",brain,dorsolateral prefrontal cortex,"","",,,bulk cell,"",,,"",,,rnaSeq,,"",,,6.5,,3,3,polyAselection,,True,,pairedEnd,101,data contribution batch 1
R1588427,306_120430,"",brain,dorsolateral prefrontal cortex,"","",,,bulk cell,"",,,"",,,rnaSeq,,"",,,7.1,,6,6,polyAselection,,True,,pairedEnd,101,data contribution batch 1
R1583702,256_120426,"",brain,dorsolateral prefrontal cortex,"","",,,bulk cell,"",,,"",,,rnaSeq,,"",,,5.9,,5,5,polyAselection,,True,,pairedEnd,101,data contribution batch 1
R1547566,646_120524,"",brain,dorsolateral prefrontal cortex,"","",,,bulk cell,"",,,"",,,rnaSeq,,"",,,6.9,,5,5,polyAselection,,True,,pairedEnd,101,data contribution batch 1
R1531359,429_120507,"",brain,dorsolateral prefrontal cortex,"","",,,bulk cell,"",,,"",,,rnaSeq,,"",,,7.6,,6,6,polyAselection,,True,,pairedEnd,101,data contribution batch 1
R1521786,140_120419,"",brain,dorsolateral prefrontal cortex,"","",,,bulk cell,"",,,"",,,rnaSeq,,"",,,6.7,,3,3,polyAselection,,True,,pairedEnd,101,data contribution batch 1
R1489314,706_120605,"",brain,dorsolateral prefrontal cortex,"","",,,bulk cell,"",,,"",,,rnaSeq,,"",,,6.1,,4,4,polyAselection,,True,,pairedEnd,101,data contribution batch 1
R1476204,472_120514,"",brain,dorsolateral prefrontal cortex,"","",,,bulk cell,"",,,"",,,rnaSeq,,"",,,6.6,,3,3,polyAselection,,True,,pairedEnd,101,data contribution batch 1
R1407047,610_120523,"",brain,dorsolateral prefrontal cortex,"","",,,bulk cell,"",,,"",,,rnaSeq,,"",,,7.2,,0,0,polyAselection,,True,,pairedEnd,101,data contribution batch 1
R1365120,701_120605,"",brain,dorsolateral prefrontal cortex,"","",,,bulk cell,"",,,"",,,rnaSeq,,"",,,6.8,,5,5,polyAselection,,True,,pairedEnd,101,data contribution batch 1
R1344510,206_120424,"",brain,dorsolateral prefrontal cortex,"","",,,bulk cell,"",,,"",,,rnaSeq,,"",,,8.4,,1,1,polyAselection,,True,,pairedEnd,101,data contribution batch 1
R1287407,443_120507,"",brain,dorsolateral prefrontal cortex,"","",,,bulk cell,"",,,"",,,rnaSeq,,"",,,7.9,,2,2,polyAselection,,True,,pairedEnd,101,data contribution batch 1
R1262106,620_120524,"",brain,dorsolateral prefrontal cortex,"","",,,bulk cell,"",,,"",,,rnaSeq,,"",,,6.7,,5,5,polyAselection,,True,,pairedEnd,101,data contribution batch 1
R1236313,561_120517,"",brain,dorsolateral prefrontal cortex,"","",,,bulk cell,"",,,"",,,rnaSeq,,"",,,5.9,,4,4,polyAselection,,True,,pairedEnd,101,data contribution batch 1
R1220651,154_120423,"",brain,dorsolateral prefrontal cortex,"","",,,bulk cell,"",,,"",,,rnaSeq,,"",,,7.7,,2,2,polyAselection,,True,,pairedEnd,101,data contribution batch 1
R1218460,508_120515,"",brain,dorsolateral prefrontal cortex,"","",,,bulk cell,"",,,"",,,rnaSeq,,"",,,8.4,,6,6,polyAselection,,True,,pairedEnd,101,data contribution batch 1
R1214999,142_120419,"",brain,dorsolateral prefrontal cortex,"","",,,bulk cell,"",,,"",,,rnaSeq,,"",,,7.7,,6,6,polyAselection,,True,,pairedEnd,101,data contribution batch 1
R1213305,631_120524,"",brain,dorsolateral prefrontal cortex,"","",,,bulk cell,"",,,"",,,rnaSeq,,"",,,8,,1,1,polyAselection,,True,,pairedEnd,101,data contribution batch 1
R1173111,513_120515,"",brain,dorsolateral prefrontal cortex,"","",,,bulk cell,"",,,"",,,rnaSeq,,"",,,7.5,,2,2,polyAselection,,True,,pairedEnd,101,data contribution batch 1
R1158585,51_120416,"",brain,dorsolateral prefrontal cortex,"","",,,bulk cell,"",,,"",,,rnaSeq,,"",,,8.2,,6,6,polyAselection,,True,,pairedEnd,101,data contribution batch 1
R1154454,531_120516,"",brain,dorsolateral prefrontal cortex,"","",,,bulk cell,"",,,"",,,rnaSeq,,"",,,6.9,,3,3,polyAselection,,True,,pairedEnd,101,data contribution batch 1
R1141019,381_120503,"",brain,dorsolateral prefrontal cortex,"","",,,bulk cell,"",,,"",,,rnaSeq,,"",,,5.4,,5,5,polyAselection,,True,,pairedEnd,101,data contribution batch 1
R1133844,149_120419,"",brain,dorsolateral prefrontal cortex,"","",,,bulk cell,"",,,"",,,rnaSeq,,"",,,5.7,,5,5,polyAselection,,True,,pairedEnd,101,data contribution batch 1
R1105988,543_120516,"",brain,dorsolateral prefrontal cortex,"","",,,bulk cell,"",,,"",,,rnaSeq,,"",,,6.3,,5,5,polyAselection,,True,,pairedEnd,101,data contribution batch 1
R1103580,134_120419,"",brain,dorsolateral prefrontal cortex,"","",,,bulk cell,"",,,"",,,rnaSeq,,"",,,6.2,,5,5,polyAselection,,True,,pairedEnd,101,data contribution batch 1
R1074668,557_120517,"",brain,dorsolateral prefrontal cortex,"","",,,bulk cell,"",,,"",,,rnaSeq,,"",,,7.9,,2,2,polyAselection,,True,,pairedEnd,101,data contribution batch 1
R1073074,122_120418,"",brain,dorsolateral prefrontal cortex,"","",,,bulk cell,"",,,"",,,rnaSeq,,"",,,7.6,,2,2,polyAselection,,True,,pairedEnd,101,data contribution batch 1
R1042566,675_120604,"",brain,dorsolateral prefrontal cortex,"","",,,bulk cell,"",,,"",,,rnaSeq,,"",,,6.8,,3,3,polyAselection,,True,,pairedEnd,101,data contribution batch 1
R1042011,516_120515,"",brain,dorsolateral prefrontal cortex,"","",,,bulk cell,"",,,"",,,rnaSeq,,"",,,8.2,,1,1,polyAselection,,True,,pairedEnd,101,data contribution batch 1
R1039781,173_120424,"",brain,dorsolateral prefrontal cortex,"","",,,bulk cell,"",,,"",,,rnaSeq,,"",,,7.4,,6,6,polyAselection,,True,,pairedEnd,101,data contribution batch 1
R1028639,243_120426,"",brain,dorsolateral prefrontal cortex,"","",,,bulk cell,"",,,"",,,rnaSeq,,"",,,6.4,,4,4,polyAselection,,True,,pairedEnd,101,data contribution batch 1
R1022980,687_120604,"",brain,dorsolateral prefrontal cortex,"","",,,bulk cell,"",,,"",,,rnaSeq,,"",,,5.6,,4,4,polyAselection,,True,,pairedEnd,101,data contribution batch 1
R1020037,68_120417,"",brain,dorsolateral prefrontal cortex,"","",,,bulk cell,"",,,"",,,rnaSeq,,"",,,8.8,,1,1,polyAselection,,True,,pairedEnd,101,data contribution batch 1
R1015854,563_120517,"",brain,dorsolateral prefrontal cortex,"","",,,bulk cell,"",,,"",,,rnaSeq,,"",,,8.3,,1,1,polyAselection,,True,,pairedEnd,101,data contribution batch 1
R1234575,357_120502,"",brain,dorsolateral prefrontal cortex,"","",,,bulk cell,"",,,"",,,rnaSeq,,"",,IlluminaNovaseq6000,6,,,9,polyAselection,TruSeq,True,reverse,pairedEnd,101,data contribution batch 2
R1188174,313_120501,"",brain,dorsolateral prefrontal cortex,"","",,,bulk cell,"",,,"",,,rnaSeq,,"",,IlluminaNovaseq6000,5.5,,,9,polyAselection,TruSeq,True,reverse,pairedEnd,101,data contribution batch 2
R5816648,16_120410,"",brain,dorsolateral prefrontal cortex,"","",,,bulk cell,"",,,"",,,rnaSeq,,"",,IlluminaNovaseq6000,7.1,,,9,polyAselection,TruSeq,True,reverse,pairedEnd,101,data contribution batch 2
R7599755,59_120417,"",brain,dorsolateral prefrontal cortex,"","",,,bulk cell,"",,,"",,,rnaSeq,,"",,IlluminaNovaseq6000,7,,,9,polyAselection,TruSeq,True,reverse,pairedEnd,101,data contribution batch 2
R6686111,373_120502,"",brain,dorsolateral prefrontal cortex,"","",,,bulk cell,"",,,"",,,rnaSeq,,"",,IlluminaNovaseq6000,8.2,,,9,polyAselection,TruSeq,True,reverse,pairedEnd,101,data contribution batch 2
R1808099,106_120418,"",brain,dorsolateral prefrontal cortex,"","",,,bulk cell,"",,,"",,,rnaSeq,,"",,IlluminaNovaseq6000,7.5,,,9,polyAselection,TruSeq,True,reverse,pairedEnd,101,data contribution batch 2
R7944883,264_120426,"",brain,dorsolateral prefrontal cortex,"","",,,bulk cell,"",,,"",,,rnaSeq,,"",,IlluminaNovaseq6000,8,,,9,polyAselection,TruSeq,True,reverse,pairedEnd,101,data contribution batch 2
R5741580,199_120424,"",brain,dorsolateral prefrontal cortex,"","",,,bulk cell,"",,,"",,,rnaSeq,,"",,IlluminaNovaseq6000,5.2,,,9,polyAselection,TruSeq,True,reverse,pairedEnd,101,data contribution batch 2
R7736989,278_120430,"",brain,dorsolateral prefrontal cortex,"","",,,bulk cell,"",,,"",,,rnaSeq,,"",,IlluminaNovaseq6000,8.1,,,9,polyAselection,TruSeq,True,reverse,pairedEnd,101,data contribution batch 2
R5321546,208_120424,"",brain,dorsolateral prefrontal cortex,"","",,,bulk cell,"",,,"",,,rnaSeq,,"",,IlluminaNovaseq6000,6.1,,,9,polyAselection,TruSeq,True,reverse,pairedEnd,101,data contribution batch 2
R3883605,262_120426,"",brain,dorsolateral prefrontal cortex,"","",,,bulk cell,"",,,"",,,rnaSeq,,"",,IlluminaNovaseq6000,7.7,,,9,polyAselection,TruSeq,True,reverse,pairedEnd,101,data contribution batch 2
R7369657,85_120417,"",brain,dorsolateral prefrontal cortex,"","",,,bulk cell,"",,,"",,,rnaSeq,,"",,IlluminaNovaseq6000,6.1,,,9,polyAselection,TruSeq,True,reverse,pairedEnd,101,data contribution batch 2
R1770216,192_120424,"",brain,dorsolateral prefrontal cortex,"","",,,bulk cell,"",,,"",,,rnaSeq,,"",,IlluminaNovaseq6000,6.8,,,9,polyAselection,TruSeq,True,reverse,pairedEnd,101,data contribution batch 2
R3278000,95_120417,"",brain,dorsolateral prefrontal cortex,"","",,,bulk cell,"",,,"",,,rnaSeq,,"",,IlluminaNovaseq6000,6.8,,,9,polyAselection,TruSeq,True,reverse,pairedEnd,101,data contribution batch 2
R3258204,184_120424,"",brain,dorsolateral prefrontal cortex,"","",,,bulk cell,"",,,"",,,rnaSeq,,"",,IlluminaNovaseq6000,7.5,,,9,polyAselection,TruSeq,True,reverse,pairedEnd,101,data contribution batch 2
R5009796,205_120424,"",brain,dorsolateral prefrontal cortex,"","",,,bulk cell,"",,,"",,,rnaSeq,,"",,IlluminaNovaseq6000,8.3,,,9,polyAselection,TruSeq,True,reverse,pairedEnd,101,data contribution batch 2
R5280213,43_120416,"",brain,dorsolateral prefrontal cortex,"","",,,bulk cell,"",,,"",,,rnaSeq,,"",,IlluminaNovaseq6000,5.2,,,9,polyAselection,TruSeq,True,reverse,pairedEnd,101,data contribution batch 2
R3867150,343_120501,"",brain,dorsolateral prefrontal cortex,"","",,,bulk cell,"",,,"",,,rnaSeq,,"",,IlluminaNovaseq6000,5.6,,,9,polyAselection,TruSeq,True,reverse,pairedEnd,101,data contribution batch 2
R9940994,308_120430,"",brain,dorsolateral prefrontal cortex,"","",,,bulk cell,"",,,"",,,rnaSeq,,"",,IlluminaNovaseq6000,7,,,9,polyAselection,TruSeq,True,reverse,pairedEnd,101,data contribution batch 2
R5139757,91_120417,"",brain,dorsolateral prefrontal cortex,"","",,,bulk cell,"",,,"",,,rnaSeq,,"",,IlluminaNovaseq6000,5,,,9,polyAselection,TruSeq,True,reverse,pairedEnd,101,data contribution batch 2
R8223945,225_120425,"",brain,dorsolateral prefrontal cortex,"","",,,bulk cell,"",,,"",,,rnaSeq,,"",,IlluminaNovaseq6000,7,,,9,polyAselection,TruSeq,True,reverse,pairedEnd,101,data contribution batch 2
R1353719,175_120424,"",brain,dorsolateral prefrontal cortex,"","",,,bulk cell,"",,,"",,,rnaSeq,,"",,IlluminaNovaseq6000,5.6,,,9,polyAselection,TruSeq,True,reverse,pairedEnd,101,data contribution batch 2
R1631616,163_120423,"",brain,dorsolateral prefrontal cortex,"","",,,bulk cell,"",,,"",,,rnaSeq,,"",,IlluminaNovaseq6000,6.1,,,9,polyAselection,TruSeq,True,reverse,pairedEnd,101,data contribution batch 2
R1018391,382_120503,"",brain,dorsolateral prefrontal cortex,"","",,,bulk cell,"",,,"",,,rnaSeq,,"",,IlluminaNovaseq6000,6.5,,,9,polyAselection,TruSeq,True,reverse,pairedEnd,101,data contribution batch 2
R1435458,41_120416,"",brain,dorsolateral prefrontal cortex,"","",,,bulk cell,"",,,"",,,rnaSeq,,"",,IlluminaNovaseq6000,5,,,9,polyAselection,TruSeq,True,reverse,pairedEnd,101,data contribution batch 2
R4197631,114_120418,"",brain,dorsolateral prefrontal cortex,"","",,,bulk cell,"",,,"",,,rnaSeq,,"",,IlluminaNovaseq6000,8.2,,,9,polyAselection,TruSeq,True,reverse,pairedEnd,101,data contribution batch 2
R8317760,167_120423,"",brain,dorsolateral prefrontal cortex,"","",,,bulk cell,"",,,"",,,rnaSeq,,"",,IlluminaNovaseq6000,7,,,9,polyAselection,TruSeq,True,reverse,pairedEnd,101,data contribution batch 2
R9730707,143_120419,"",brain,dorsolateral prefrontal cortex,"","",,,bulk cell,"",,,"",,,rnaSeq,,"",,IlluminaNovaseq6000,6.7,,,9,polyAselection,TruSeq,True,reverse,pairedEnd,101,data contribution batch 2
R7539797,436_120507,"",brain,dorsolateral prefrontal cortex,"","",,,bulk cell,"",,,"",,,rnaSeq,,"",,IlluminaNovaseq6000,6.8,,,9,polyAselection,TruSeq,True,reverse,pairedEnd,101,data contribution batch 2
R7255476,123_120418,"",brain,dorsolateral prefrontal cortex,"","",,,bulk cell,"",,,"",,,rnaSeq,,"",,IlluminaNovaseq6000,7.2,,,9,polyAselection,TruSeq,True,reverse,pairedEnd,101,data contribution batch 2
R8813354,652_120529,"",brain,dorsolateral prefrontal cortex,"","",,,bulk cell,"",,,"",,,rnaSeq,,"",,IlluminaNovaseq6000,6.2,,,9,polyAselection,TruSeq,True,reverse,pairedEnd,101,data contribution batch 2
R8596114,50_120416,"",brain,dorsolateral prefrontal cortex,"","",,,bulk cell,"",,,"",,,rnaSeq,,"",,IlluminaNovaseq6000,7.6,,,9,polyAselection,TruSeq,True,reverse,pairedEnd,101,data contribution batch 2
R9950567,781_130528,"",brain,dorsolateral prefrontal cortex,"","",,,bulk cell,"",,,"",,,rnaSeq,,"",,,5.4,,7,7,polyAselection,,True,,pairedEnd,101,data contribution batch 1
R9891381,786_130530,"",brain,dorsolateral prefrontal cortex,"","",,,bulk cell,"",,,"",,,rnaSeq,,"",,,6.1,,7,7,polyAselection,,True,,pairedEnd,101,data contribution batch 1
R9886653,924_131031,"",brain,dorsolateral prefrontal cortex,"","",,,bulk cell,"",,,"",,,rnaSeq,,"",,,6.5,,8,8,polyAselection,,True,,pairedEnd,101,data contribution batch 1
R9794121,951_131107,"",brain,dorsolateral prefrontal cortex,"","",,,bulk cell,"",,,"",,,rnaSeq,,"",,,7.3,,8,8,polyAselection,,True,,pairedEnd,101,data contribution batch 1
R9764427,879_130918,"",brain,dorsolateral prefrontal cortex,"","",,,bulk cell,"",,,"",,,rnaSeq,,"",,,7.2,,8,8,polyAselection,,True,,pairedEnd,101,data contribution batch 1
R9679238,925_131031,"",brain,dorsolateral prefrontal cortex,"","",,,bulk cell,"",,,"",,,rnaSeq,,"",,,7.7,,8,8,polyAselection,,True,,pairedEnd,101,data contribution batch 1
R9583560,865_130911,"",brain,dorsolateral prefrontal cortex,"","",,,bulk cell,"",,,"",,,rnaSeq,,"",,,5,,7,7,polyAselection,,True,,pairedEnd,101,data contribution batch 1
R9557117,811_130702,"",brain,dorsolateral prefrontal cortex,"","",,,bulk cell,"",,,"",,,rnaSeq,,"",,,6,,7,7,polyAselection,,True,,pairedEnd,101,data contribution batch 1
R9537646,797_130701,"",brain,dorsolateral prefrontal cortex,"","",,,bulk cell,"",,,"",,,rnaSeq,,"",,,6.3,,7,7,polyAselection,,True,,pairedEnd,101,data contribution batch 1
R9500594,940_131101,"",brain,dorsolateral prefrontal cortex,"","",,,bulk cell,"",,,"",,,rnaSeq,,"",,,5.6,,7,7,polyAselection,,True,,pairedEnd,101,data contribution batch 1
R9324027,815_130702,"",brain,dorsolateral prefrontal cortex,"","",,,bulk cell,"",,,"",,,rnaSeq,,"",,,6.4,,7,7,polyAselection,,True,,pairedEnd,101,data contribution batch 1
R9323873,846_130830,"",brain,dorsolateral prefrontal cortex,"","",,,bulk cell,"",,,"",,,rnaSeq,,"",,,6.1,,7,7,polyAselection,,True,,pairedEnd,101,data contribution batch 1
R9314674,900_131010,"",brain,dorsolateral prefrontal cortex,"","",,,bulk cell,"",,,"",,,rnaSeq,,"",,,6.2,,7,7,polyAselection,,True,,pairedEnd,101,data contribution batch 1
R9299236,881_130918,"",brain,dorsolateral prefrontal cortex,"","",,,bulk cell,"",,,"",,,rnaSeq,,"",,,5.6,,7,7,polyAselection,,True,,pairedEnd,101,data contribution batch 1
R9239503,905_131010,"",brain,dorsolateral prefrontal cortex,"","",,,bulk cell,"",,,"",,,rnaSeq,,"",,,6.2,,7,7,polyAselection,,True,,pairedEnd,101,data contribution batch 1
R9170872,820_130725,"",brain,dorsolateral prefrontal cortex,"","",,,bulk cell,"",,,"",,,rnaSeq,,"",,,5.1,,7,7,polyAselection,,True,,pairedEnd,101,data contribution batch 1
R8760165,812_130702,"",brain,dorsolateral prefrontal cortex,"","",,,bulk cell,"",,,"",,,rnaSeq,,"",,,6.9,,8,8,polyAselection,,True,,pairedEnd,101,data contribution batch 1
R8678748,893_130923,"",brain,dorsolateral prefrontal cortex,"","",,,bulk cell,"",,,"",,,rnaSeq,,"",,,6.3,,7,7,polyAselection,,True,,pairedEnd,101,data contribution batch 1
R8645947,941_131101,"",brain,dorsolateral prefrontal cortex,"","",,,bulk cell,"",,,"",,,rnaSeq,,"",,,7.9,,8,8,polyAselection,,True,,pairedEnd,101,data contribution batch 1
R8627329,793_130530,"",brain,dorsolateral prefrontal cortex,"","",,,bulk cell,"",,,"",,,rnaSeq,,"",,,5.9,,7,7,polyAselection,,True,,pairedEnd,101,data contribution batch 1
R8477425,889_130923,"",brain,dorsolateral prefrontal cortex,"","",,,bulk cell,"",,,"",,,rnaSeq,,"",,,7.5,,8,8,polyAselection,,True,,pairedEnd,101,data contribution batch 1
R8463496,923_131031,"",brain,dorsolateral prefrontal cortex,"","",,,bulk cell,"",,,"",,,rnaSeq,,"",,,6.2,,7,7,polyAselection,,True,,pairedEnd,101,data contribution batch 1
R8410904,834_130729,"",brain,dorsolateral prefrontal cortex,"","",,,bulk cell,"",,,"",,,rnaSeq,,"",,,6.6,,8,8,polyAselection,,True,,pairedEnd,101,data contribution batch 1
R8266864,857_130905,"",brain,dorsolateral prefrontal cortex,"","",,,bulk cell,"",,,"",,,rnaSeq,,"",,,6.1,,7,7,polyAselection,,True,,pairedEnd,101,data contribution batch 1
R8125311,844_130830,"",brain,dorsolateral prefrontal cortex,"","",,,bulk cell,"",,,"",,,rnaSeq,,"",,,5.2,,7,7,polyAselection,,True,,pairedEnd,101,data contribution batch 1
R7950545,redo4_140501,"",brain,dorsolateral prefrontal cortex,"","",,,bulk cell,"",,,"",,,rnaSeq,,"",,,7.4,,7,7,polyAselection,,True,,pairedEnd,101,data contribution batch 1
R7868788,831_130725,"",brain,dorsolateral prefrontal cortex,"","",,,bulk cell,"",,,"",,,rnaSeq,,"",,,8.1,,8,8,polyAselection,,True,,pairedEnd,101,data contribution batch 1
R7702934,929_131031,"",brain,dorsolateral prefrontal cortex,"","",,,bulk cell,"",,,"",,,rnaSeq,,"",,,7.2,,8,8,polyAselection,,True,,pairedEnd,101,data contribution batch 1
R7674931,954_131107,"",brain,dorsolateral prefrontal cortex,"","",,,bulk cell,"",,,"",,,rnaSeq,,"",,,5,,7,7,polyAselection,,True,,pairedEnd,101,data contribution batch 1
R7651923,899_131010,"",brain,dorsolateral prefrontal cortex,"","",,,bulk cell,"",,,"",,,rnaSeq,,"",,,5.9,,7,7,polyAselection,,True,,pairedEnd,101,data contribution batch 1
R7627203,932_131101,"",brain,dorsolateral prefrontal cortex,"","",,,bulk cell,"",,,"",,,rnaSeq,,"",,,5.8,,7,7,polyAselection,,True,,pairedEnd,101,data contribution batch 1
R7202764,799_130701,"",brain,dorsolateral prefrontal cortex,"","",,,bulk cell,"",,,"",,,rnaSeq,,"",,,5.3,,7,7,polyAselection,,True,,pairedEnd,101,data contribution batch 1
R7070153,862_130911,"",brain,dorsolateral prefrontal cortex,"","",,,bulk cell,"",,,"",,,rnaSeq,,"",,,5,,7,7,polyAselection,,True,,pairedEnd,101,data contribution batch 1
R7015250,845_130830,"",brain,dorsolateral prefrontal cortex,"","",,,bulk cell,"",,,"",,,rnaSeq,,"",,,6.1,,7,7,polyAselection,,True,,pairedEnd,101,data contribution batch 1
R6913259,805_130701,"",brain,dorsolateral prefrontal cortex,"","",,,bulk cell,"",,,"",,,rnaSeq,,"",,,6.6,,8,8,polyAselection,,True,,pairedEnd,101,data contribution batch 1
R6828280,958_131107,"",brain,dorsolateral prefrontal cortex,"","",,,bulk cell,"",,,"",,,rnaSeq,,"",,,5.2,,7,7,polyAselection,,True,,pairedEnd,101,data contribution batch 1
R6679530,950_131107,"",brain,dorsolateral prefrontal cortex,"","",,,bulk cell,"",,,"",,,rnaSeq,,"",,,8.1,,8,8,polyAselection,,True,,pairedEnd,101,data contribution batch 1
R6280004,927_131031,"",brain,dorsolateral prefrontal cortex,"","",,,bulk cell,"",,,"",,,rnaSeq,,"",,,6.4,,7,7,polyAselection,,True,,pairedEnd,101,data contribution batch 1
R6163933,909_131031,"",brain,dorsolateral prefrontal cortex,"","",,,bulk cell,"",,,"",,,rnaSeq,,"",,,6.1,,7,7,polyAselection,,True,,pairedEnd,101,data contribution batch 1
R6155093,911_131031,"",brain,dorsolateral prefrontal cortex,"","",,,bulk cell,"",,,"",,,rnaSeq,,"",,,5.9,,7,7,polyAselection,,True,,pairedEnd,101,data contribution batch 1
R5924065,938_131101,"",brain,dorsolateral prefrontal cortex,"","",,,bulk cell,"",,,"",,,rnaSeq,,"",,,7.9,,8,8,polyAselection,,True,,pairedEnd,101,data contribution batch 1
R5893965,936_131101,"",brain,dorsolateral prefrontal cortex,"","",,,bulk cell,"",,,"",,,rnaSeq,,"",,,6.5,,8,8,polyAselection,,True,,pairedEnd,101,data contribution batch 1
R5676537,935_131101,"",brain,dorsolateral prefrontal cortex,"","",,,bulk cell,"",,,"",,,rnaSeq,,"",,,7.1,,8,8,polyAselection,,True,,pairedEnd,101,data contribution batch 1
R5629689,943_131101,"",brain,dorsolateral prefrontal cortex,"","",,,bulk cell,"",,,"",,,rnaSeq,,"",,,6.1,,7,7,polyAselection,,True,,pairedEnd,101,data contribution batch 1
R5573393,769_130523,"",brain,dorsolateral prefrontal cortex,"","",,,bulk cell,"",,,"",,,rnaSeq,,"",,,5.9,,7,7,polyAselection,,True,,pairedEnd,101,data contribution batch 1
R5313591,876_130918,"",brain,dorsolateral prefrontal cortex,"","",,,bulk cell,"",,,"",,,rnaSeq,,"",,,5.7,,7,7,polyAselection,,True,,pairedEnd,101,data contribution batch 1
R5210462,861_130911,"",brain,dorsolateral prefrontal cortex,"","",,,bulk cell,"",,,"",,,rnaSeq,,"",,,7.4,,8,8,polyAselection,,True,,pairedEnd,101,data contribution batch 1
R5126867,885_130923,"",brain,dorsolateral prefrontal cortex,"","",,,bulk cell,"",,,"",,,rnaSeq,,"",,,6.1,,7,7,polyAselection,,True,,pairedEnd,101,data contribution batch 1
R4996203,926_131031,"",brain,dorsolateral prefrontal cortex,"","",,,bulk cell,"",,,"",,,rnaSeq,,"",,,6.9,,8,8,polyAselection,,True,,pairedEnd,101,data contribution batch 1
R4981575,949_131107,"",brain,dorsolateral prefrontal cortex,"","",,,bulk cell,"",,,"",,,rnaSeq,,"",,,5.7,,7,7,polyAselection,,True,,pairedEnd,101,data contribution batch 1
R4956716,894_130923,"",brain,dorsolateral prefrontal cortex,"","",,,bulk cell,"",,,"",,,rnaSeq,,"",,,7,,8,8,polyAselection,,True,,pairedEnd,101,data contribution batch 1
R4854051,847_130830,"",brain,dorsolateral prefrontal cortex,"","",,,bulk cell,"",,,"",,,rnaSeq,,"",,,5.6,,7,7,polyAselection,,True,,pairedEnd,101,data contribution batch 1
R4745715,946_131107,"",brain,dorsolateral prefrontal cortex,"","",,,bulk cell,"",,,"",,,rnaSeq,,"",,,7.4,,8,8,polyAselection,,True,,pairedEnd,101,data contribution batch 1
R4674788,892_130923,"",brain,dorsolateral prefrontal cortex,"","",,,bulk cell,"",,,"",,,rnaSeq,,"",,,7.4,,8,8,polyAselection,,True,,pairedEnd,101,data contribution batch 1
R4673194,884_130923,"",brain,dorsolateral prefrontal cortex,"","",,,bulk cell,"",,,"",,,rnaSeq,,"",,,5.6,,7,7,polyAselection,,True,,pairedEnd,101,data contribution batch 1
R4637403,791_130530,"",brain,dorsolateral prefrontal cortex,"","",,,bulk cell,"",,,"",,,rnaSeq,,"",,,,,7,7,polyAselection,,True,,pairedEnd,101,data contribution batch 1
R4536332,824_130725,"",brain,dorsolateral prefrontal cortex,"","",,,bulk cell,"",,,"",,,rnaSeq,,"",,,5.1,,7,7,polyAselection,,True,,pairedEnd,101,data contribution batch 1
R4480046,763_130520,"",brain,dorsolateral prefrontal cortex,"","",,,bulk cell,"",,,"",,,rnaSeq,,"",,,5.6,,7,7,polyAselection,,True,,pairedEnd,101,data contribution batch 1
R4266155,934_131101,"",brain,dorsolateral prefrontal cortex,"","",,,bulk cell,"",,,"",,,rnaSeq,,"",,,5.4,,7,7,polyAselection,,True,,pairedEnd,101,data contribution batch 1
R4240155,792_130530,"",brain,dorsolateral prefrontal cortex,"","",,,bulk cell,"",,,"",,,rnaSeq,,"",,,6.2,,7,7,polyAselection,,True,,pairedEnd,101,data contribution batch 1
R3997006,952_131107,"",brain,dorsolateral prefrontal cortex,"","",,,bulk cell,"",,,"",,,rnaSeq,,"",,,7.8,,8,8,polyAselection,,True,,pairedEnd,101,data contribution batch 1
R3914030,942_131101,"",brain,dorsolateral prefrontal cortex,"","",,,bulk cell,"",,,"",,,rnaSeq,,"",,,7.2,,8,8,polyAselection,,True,,pairedEnd,101,data contribution batch 1
R3864948,821_130725,"",brain,dorsolateral prefrontal cortex,"","",,,bulk cell,"",,,"",,,rnaSeq,,"",,,6.8,,8,8,polyAselection,,True,,pairedEnd,101,data contribution batch 1
R3863249,813_130702,"",brain,dorsolateral prefrontal cortex,"","",,,bulk cell,"",,,"",,,rnaSeq,,"",,,7.5,,8,8,polyAselection,,True,,pairedEnd,101,data contribution batch 1
R3727306,809_130702,"",brain,dorsolateral prefrontal cortex,"","",,,bulk cell,"",,,"",,,rnaSeq,,"",,,6.3,,7,7,polyAselection,,True,,pairedEnd,101,data contribution batch 1
R3710945,777_130528,"",brain,dorsolateral prefrontal cortex,"","",,,bulk cell,"",,,"",,,rnaSeq,,"",,,8,,8,8,polyAselection,,True,,pairedEnd,101,data contribution batch 1
R3623803,887_130923,"",brain,dorsolateral prefrontal cortex,"","",,,bulk cell,"",,,"",,,rnaSeq,,"",,,7.4,,8,8,polyAselection,,True,,pairedEnd,101,data contribution batch 1
R3341095,775_130528,"",brain,dorsolateral prefrontal cortex,"","",,,bulk cell,"",,,"",,,rnaSeq,,"",,,7.5,,8,8,polyAselection,,True,,pairedEnd,101,data contribution batch 1
R3218482,770_130523,"",brain,dorsolateral prefrontal cortex,"","",,,bulk cell,"",,,"",,,rnaSeq,,"",,,5.2,,7,7,polyAselection,,True,,pairedEnd,101,data contribution batch 1
R3211474,944_131107,"",brain,dorsolateral prefrontal cortex,"","",,,bulk cell,"",,,"",,,rnaSeq,,"",,,6.5,,8,8,polyAselection,,True,,pairedEnd,101,data contribution batch 1
R3209518,922_131031,"",brain,dorsolateral prefrontal cortex,"","",,,bulk cell,"",,,"",,,rnaSeq,,"",,,6.2,,7,7,polyAselection,,True,,pairedEnd,101,data contribution batch 1
R2975126,895_130923,"",brain,dorsolateral prefrontal cortex,"","",,,bulk cell,"",,,"",,,rnaSeq,,"",,,6.8,,8,8,polyAselection,,True,,pairedEnd,101,data contribution batch 1
R2963600,871_130911,"",brain,dorsolateral prefrontal cortex,"","",,,bulk cell,"",,,"",,,rnaSeq,,"",,,5.4,,7,7,polyAselection,,True,,pairedEnd,101,data contribution batch 1
R2928383,826_130725,"",brain,dorsolateral prefrontal cortex,"","",,,bulk cell,"",,,"",,,rnaSeq,,"",,,8.1,,8,8,polyAselection,,True,,pairedEnd,101,data contribution batch 1
R2901804,901_131010,"",brain,dorsolateral prefrontal cortex,"","",,,bulk cell,"",,,"",,,rnaSeq,,"",,,6.7,,8,8,polyAselection,,True,,pairedEnd,101,data contribution batch 1
R2787688,937_131101,"",brain,dorsolateral prefrontal cortex,"","",,,bulk cell,"",,,"",,,rnaSeq,,"",,,7.1,,8,8,polyAselection,,True,,pairedEnd,101,data contribution batch 1
R2711188,956_131107,"",brain,dorsolateral prefrontal cortex,"","",,,bulk cell,"",,,"",,,rnaSeq,,"",,,5.2,,7,7,polyAselection,,True,,pairedEnd,101,data contribution batch 1
R2658091,833_130729,"",brain,dorsolateral prefrontal cortex,"","",,,bulk cell,"",,,"",,,rnaSeq,,"",,,5.8,,7,7,polyAselection,,True,,pairedEnd,101,data contribution batch 1
R2506056,882_130918,"",brain,dorsolateral prefrontal cortex,"","",,,bulk cell,"",,,"",,,rnaSeq,,"",,,5.3,,7,7,polyAselection,,True,,pairedEnd,101,data contribution batch 1
R2500527,803_130701,"",brain,dorsolateral prefrontal cortex,"","",,,bulk cell,"",,,"",,,rnaSeq,,"",,,7,,8,8,polyAselection,,True,,pairedEnd,101,data contribution batch 1
R2347173,768_130523,"",brain,dorsolateral prefrontal cortex,"","",,,bulk cell,"",,,"",,,rnaSeq,,"",,,7.1,,8,8,polyAselection,,True,,pairedEnd,101,data contribution batch 1
R2169533,778_130528,"",brain,dorsolateral prefrontal cortex,"","",,,bulk cell,"",,,"",,,rnaSeq,,"",,,5.2,,7,7,polyAselection,,True,,pairedEnd,101,data contribution batch 1
R2157677,957_131107,"",brain,dorsolateral prefrontal cortex,"","",,,bulk cell,"",,,"",,,rnaSeq,,"",,,6.6,,8,8,polyAselection,,True,,pairedEnd,101,data contribution batch 1
R2144127,945_131107,"",brain,dorsolateral prefrontal cortex,"","",,,bulk cell,"",,,"",,,rnaSeq,,"",,,6.3,,7,7,polyAselection,,True,,pairedEnd,101,data contribution batch 1
R1627792,796_130701,"",brain,dorsolateral prefrontal cortex,"","",,,bulk cell,"",,,"",,,rnaSeq,,"",,,5.9,,7,7,polyAselection,,True,,pairedEnd,101,data contribution batch 1
R1609849,767_130523,"",brain,dorsolateral prefrontal cortex,"","",,,bulk cell,"",,,"",,,rnaSeq,,"",,,6,,7,7,polyAselection,,True,,pairedEnd,101,data contribution batch 1
R1571066,807_130701,"",brain,dorsolateral prefrontal cortex,"","",,,bulk cell,"",,,"",,,rnaSeq,,"",,,5.2,,7,7,polyAselection,,True,,pairedEnd,101,data contribution batch 1
R1412995,810_130702,"",brain,dorsolateral prefrontal cortex,"","",,,bulk cell,"",,,"",,,rnaSeq,,"",,,6.6,,8,8,polyAselection,,True,,pairedEnd,101,data contribution batch 1
R1408411,787_130530,"",brain,dorsolateral prefrontal cortex,"","",,,bulk cell,"",,,"",,,rnaSeq,,"",,,8,,8,8,polyAselection,,True,,pairedEnd,101,data contribution batch 1
R1360065,864_130911,"",brain,dorsolateral prefrontal cortex,"","",,,bulk cell,"",,,"",,,rnaSeq,,"",,,5.6,,7,7,polyAselection,,True,,pairedEnd,101,data contribution batch 1
R1327471,776_130528,"",brain,dorsolateral prefrontal cortex,"","",,,bulk cell,"",,,"",,,rnaSeq,,"",,,7.6,,8,8,polyAselection,,True,,pairedEnd,101,data contribution batch 1
R1224782,829_130725,"",brain,dorsolateral prefrontal cortex,"","",,,bulk cell,"",,,"",,,rnaSeq,,"",,,7.4,,8,8,polyAselection,,True,,pairedEnd,101,data contribution batch 1
R1133959,939_131101,"",brain,dorsolateral prefrontal cortex,"","",,,bulk cell,"",,,"",,,rnaSeq,,"",,,7.2,,8,8,polyAselection,,True,,pairedEnd,101,data contribution batch 1
R1067972,790_130530,"",brain,dorsolateral prefrontal cortex,"","",,,bulk cell,"",,,"",,,rnaSeq,,"",,,5.7,,7,7,polyAselection,,True,,pairedEnd,101,data contribution batch 1
R1708627,1031-DLPFC,"",brain,dorsolateral prefrontal cortex,"","",,,bulk cell,"",,,"",,,rnaSeq,,"",,IlluminaNovaseq6000,7.5,,,9,polyAselection,TruSeq,True,reverse,pairedEnd,101,data contribution batch 2
R1528689,1061-DLPFC,"",brain,dorsolateral prefrontal cortex,"","",,,bulk cell,"",,,"",,,rnaSeq,,"",,IlluminaNovaseq6000,7.4,,,9,polyAselection,TruSeq,True,reverse,pairedEnd,101,data contribution batch 2
R2626559,Sample_2040-DLPFC,"",brain,dorsolateral prefrontal cortex,"","",,,bulk cell,"",,,"",,,rnaSeq,,"",,IlluminaNovaseq6000,7.7,,,NYGC2,rRNAdepletion,Kapa,True,reverse,pairedEnd,100,data contribution batch 2
R6928327,2014-DLPFC,"",brain,dorsolateral prefrontal cortex,"","",,,bulk cell,"",,,"",,,rnaSeq,,"",,IlluminaNovaseq6000,7.4,,,9,polyAselection,TruSeq,True,reverse,pairedEnd,101,data contribution batch 2
R6013281,Sample_R6013281-DLPFC,"",brain,dorsolateral prefrontal cortex,"","",,,bulk cell,"",,,"",,,rnaSeq,,"",,IlluminaNovaseq6000,6.7,,,NYGC3,rRNAdepletion,Kapa,True,reverse,pairedEnd,100,data contribution batch 2
R2139504,1084-DLPFC,"",brain,dorsolateral prefrontal cortex,"","",,,bulk cell,"",,,"",,,rnaSeq,,"",,IlluminaNovaseq6000,5,,,9,polyAselection,TruSeq,True,reverse,pairedEnd,101,data contribution batch 2
R2249549,Sample_R2249549-DLPFC,"",brain,dorsolateral prefrontal cortex,"","",,,bulk cell,"",,,"",,,rnaSeq,,"",,IlluminaNovaseq6000,5.4,,,NYGC3,rRNAdepletion,Kapa,True,reverse,pairedEnd,100,data contribution batch 2
R3512949,Sample_R3512949-DLPFC,"",brain,dorsolateral prefrontal cortex,"","",,,bulk cell,"",,,"",,,rnaSeq,,"",,IlluminaNovaseq6000,6.9,,,NYGC3,rRNAdepletion,Kapa,True,reverse,pairedEnd,100,data contribution batch 2
R3840906,Sample_R3840906-DLPFC,"",brain,dorsolateral prefrontal cortex,"","",,,bulk cell,"",,,"",,,rnaSeq,,"",,IlluminaNovaseq6000,6.8,,,NYGC3,rRNAdepletion,Kapa,True,reverse,pairedEnd,100,data contribution batch 2
R2688135,Sample_R2688135-DLPFC,"",brain,dorsolateral prefrontal cortex,"","",,,bulk cell,"",,,"",,,rnaSeq,,"",,IlluminaNovaseq6000,4.6,,,NYGC3,rRNAdepletion,Kapa,True,reverse,pairedEnd,100,data contribution batch 2
R7339628,1022-DLPFC,"",brain,dorsolateral prefrontal cortex,"","",,,bulk cell,"",,,"",,,rnaSeq,,"",,IlluminaNovaseq6000,6.3,,,9,polyAselection,TruSeq,True,reverse,pairedEnd,101,data contribution batch 2
R4928630,Sample_R4928630-DLPFC,"",brain,dorsolateral prefrontal cortex,"","",,,bulk cell,"",,,"",,,rnaSeq,,"",,IlluminaNovaseq6000,6.8,,,NYGC3,rRNAdepletion,Kapa,True,reverse,pairedEnd,100,data contribution batch 2
R5647192,Sample_R5647192-DLPFC,"",brain,dorsolateral prefrontal cortex,"","",,,bulk cell,"",,,"",,,rnaSeq,,"",,IlluminaNovaseq6000,6.9,,,NYGC3,rRNAdepletion,Kapa,True,reverse,pairedEnd,100,data contribution batch 2
R1292795,Sample_R1292795-DLPFC,"",brain,dorsolateral prefrontal cortex,"","",,,bulk cell,"",,,"",,,rnaSeq,,"",,IlluminaNovaseq6000,5.9,,,NYGC3,rRNAdepletion,Kapa,True,reverse,pairedEnd,100,data contribution batch 2
R4124678,1026-DLPFC,"",brain,dorsolateral prefrontal cortex,"","",,,bulk cell,"",,,"",,,rnaSeq,,"",,IlluminaNovaseq6000,8.3,,,9,polyAselection,TruSeq,True,reverse,pairedEnd,101,data contribution batch 2
R4439627,Sample_R4439627-DLPFC,"",brain,dorsolateral prefrontal cortex,"","",,,bulk cell,"",,,"",,,rnaSeq,,"",,IlluminaNovaseq6000,4,,,NYGC3,rRNAdepletion,Kapa,True,reverse,pairedEnd,100,data contribution batch 2
R9912143,1035-DLPFC,"",brain,dorsolateral prefrontal cortex,"","",,,bulk cell,"",,,"",,,rnaSeq,,"",,IlluminaNovaseq6000,5.7,,,9,polyAselection,TruSeq,True,reverse,pairedEnd,101,data contribution batch 2
R2041878,Sample_R2041878-DLPFC,"",brain,dorsolateral prefrontal cortex,"","",,,bulk cell,"",,,"",,,rnaSeq,,"",,IlluminaNovaseq6000,9,,,NYGC3,rRNAdepletion,Kapa,True,reverse,pairedEnd,100,data contribution batch 2
R8598847,Sample_324-120501,"",brain,dorsolateral prefrontal cortex,"","",,,bulk cell,"",,,"",,,rnaSeq,,"",,IlluminaNovaseq6000,5.9,,,NYGC2,rRNAdepletion,Kapa,True,reverse,pairedEnd,100,data contribution batch 2
R8900496,Sample_R8900496-DLPFC,"",brain,dorsolateral prefrontal cortex,"","",,,bulk cell,"",,,"",,,rnaSeq,,"",,IlluminaNovaseq6000,6.5,,,NYGC3,rRNAdepletion,Kapa,True,reverse,pairedEnd,100,data contribution batch 2
R2303995,Sample_R2303995-DLPFC,"",brain,dorsolateral prefrontal cortex,"","",,,bulk cell,"",,,"",,,rnaSeq,,"",,IlluminaNovaseq6000,6.2,,,NYGC3,rRNAdepletion,Kapa,True,reverse,pairedEnd,100,data contribution batch 2
R4847810,Sample_R4847810-DLPFC,"",brain,dorsolateral prefrontal cortex,"","",,,bulk cell,"",,,"",,,rnaSeq,,"",,IlluminaNovaseq6000,7.2,,,NYGC3,rRNAdepletion,Kapa,True,reverse,pairedEnd,100,data contribution batch 2
R2932087,1085-DLPFC,"",brain,dorsolateral prefrontal cortex,"","",,,bulk cell,"",,,"",,,rnaSeq,,"",,IlluminaNovaseq6000,7.2,,,9,polyAselection,TruSeq,True,reverse,pairedEnd,101,data contribution batch 2
R2081705,Sample_R2081705-DLPFC,"",brain,dorsolateral prefrontal cortex,"","",,,bulk cell,"",,,"",,,rnaSeq,,"",,IlluminaNovaseq6000,6.7,,,NYGC3,rRNAdepletion,Kapa,True,reverse,pairedEnd,100,data contribution batch 2
R3383215,Sample_R3383215-DLPFC,"",brain,dorsolateral prefrontal cortex,"","",,,bulk cell,"",,,"",,,rnaSeq,,"",,IlluminaNovaseq6000,6.3,,,NYGC3,rRNAdepletion,Kapa,True,reverse,pairedEnd,100,data contribution batch 2
R6587113,1010-DLPFC,"",brain,dorsolateral prefrontal cortex,"","",,,bulk cell,"",,,"",,,rnaSeq,,"",,IlluminaNovaseq6000,7.2,,,9,polyAselection,TruSeq,True,reverse,pairedEnd,101,data contribution batch 2
R2272015,2015-DLPFC,"",brain,dorsolateral prefrontal cortex,"","",,,bulk cell,"",,,"",,,rnaSeq,,"",,IlluminaNovaseq6000,7.1,,,9,polyAselection,TruSeq,True,reverse,pairedEnd,101,data contribution batch 2
R1229732,Sample_R1229732-DLPFC,"",brain,dorsolateral prefrontal cortex,"","",,,bulk cell,"",,,"",,,rnaSeq,,"",,IlluminaNovaseq6000,5.8,,,NYGC3,rRNAdepletion,Kapa,True,reverse,pairedEnd,100,data contribution batch 2
R8423894,1001-DLPFC,"",brain,dorsolateral prefrontal cortex,"","",,,bulk cell,"",,,"",,,rnaSeq,,"",,IlluminaNovaseq6000,7.3,,,9,polyAselection,TruSeq,True,reverse,pairedEnd,101,data contribution batch 2
R3030177,1002-DLPFC,"",brain,dorsolateral prefrontal cortex,"","",,,bulk cell,"",,,"",,,rnaSeq,,"",,IlluminaNovaseq6000,7.4,,,9,polyAselection,TruSeq,True,reverse,pairedEnd,101,data contribution batch 2
R1724172,Sample_R1724172-DLPFC,"",brain,dorsolateral prefrontal cortex,"","",,,bulk cell,"",,,"",,,rnaSeq,,"",,IlluminaNovaseq6000,8.3,,,NYGC3,rRNAdepletion,Kapa,True,reverse,pairedEnd,100,data contribution batch 2
R2086195,Sample_R2086195-DLPFC,"",brain,dorsolateral prefrontal cortex,"","",,,bulk cell,"",,,"",,,rnaSeq,,"",,IlluminaNovaseq6000,6.6,,,NYGC3,rRNAdepletion,Kapa,True,reverse,pairedEnd,100,data contribution batch 2
R1456393,1073-DLPFC,"",brain,dorsolateral prefrontal cortex,"","",,,bulk cell,"",,,"",,,rnaSeq,,"",,IlluminaNovaseq6000,7.2,,,9,polyAselection,TruSeq,True,reverse,pairedEnd,101,data contribution batch 2
R5563835,Sample_R5563835-DLPFC,"",brain,dorsolateral prefrontal cortex,"","",,,bulk cell,"",,,"",,,rnaSeq,,"",,IlluminaNovaseq6000,6.7,,,NYGC3,rRNAdepletion,Kapa,True,reverse,pairedEnd,100,data contribution batch 2
R2735120,Sample_R2735120-DLPFC,"",brain,dorsolateral prefrontal cortex,"","",,,bulk cell,"",,,"",,,rnaSeq,,"",,IlluminaNovaseq6000,6.2,,,NYGC3,rRNAdepletion,Kapa,True,reverse,pairedEnd,100,data contribution batch 2
R5061712,Sample_R5061712-DLPFC,"",brain,dorsolateral prefrontal cortex,"","",,,bulk cell,"",,,"",,,rnaSeq,,"",,IlluminaNovaseq6000,8.1,,,NYGC3,rRNAdepletion,Kapa,True,reverse,pairedEnd,100,data contribution batch 2
R9815218,1024-DLPFC,"",brain,dorsolateral prefrontal cortex,"","",,,bulk cell,"",,,"",,,rnaSeq,,"",,IlluminaNovaseq6000,7.4,,,9,polyAselection,TruSeq,True,reverse,pairedEnd,101,data contribution batch 2
R1640475,2006-DLPFC,"",brain,dorsolateral prefrontal cortex,"","",,,bulk cell,"",,,"",,,rnaSeq,,"",,IlluminaNovaseq6000,6.6,,,9,polyAselection,TruSeq,True,reverse,pairedEnd,101,data contribution batch 2
R4226008,1076-DLPFC,"",brain,dorsolateral prefrontal cortex,"","",,,bulk cell,"",,,"",,,rnaSeq,,"",,IlluminaNovaseq6000,6.6,,,9,polyAselection,TruSeq,True,reverse,pairedEnd,101,data contribution batch 2
R8718712,Sample_R8718712-DLPFC,"",brain,dorsolateral prefrontal cortex,"","",,,bulk cell,"",,,"",,,rnaSeq,,"",,IlluminaNovaseq6000,9,,,NYGC3,rRNAdepletion,Kapa,True,reverse,pairedEnd,100,data contribution batch 2
R9991313,Sample_R9991313-DLPFC,"",brain,dorsolateral prefrontal cortex,"","",,,bulk cell,"",,,"",,,rnaSeq,,"",,IlluminaNovaseq6000,8.2,,,NYGC3,rRNAdepletion,Kapa,True,reverse,pairedEnd,100,data contribution batch 2
R1901673,1060-DLPFC,"",brain,dorsolateral prefrontal cortex,"","",,,bulk cell,"",,,"",,,rnaSeq,,"",,IlluminaNovaseq6000,7.5,,,9,polyAselection,TruSeq,True,reverse,pairedEnd,101,data contribution batch 2
R1901673,Sample_SM-AYO4G,"",brain,dorsolateral prefrontal cortex,"","",,,bulk cell,"",,,"",,,rnaSeq,,"",,IlluminaNovaseq6000,7.5,,,NYGC1,rRNAdepletion,Kapa,True,reverse,pairedEnd,125,data contribution batch 2
R5064479,1028-DLPFC,"",brain,dorsolateral prefrontal cortex,"","",,,bulk cell,"",,,"",,,rnaSeq,,"",,IlluminaNovaseq6000,7.1,,,9,polyAselection,TruSeq,True,reverse,pairedEnd,101,data contribution batch 2
R6600608,Sample_R6600608-DLPFC,"",brain,dorsolateral prefrontal cortex,"","",,,bulk cell,"",,,"",,,rnaSeq,,"",,IlluminaNovaseq6000,4.8,,,NYGC3,rRNAdepletion,Kapa,True,reverse,pairedEnd,100,data contribution batch 2
R9543528,Sample_R9543528-DLPFC,"",brain,dorsolateral prefrontal cortex,"","",,,bulk cell,"",,,"",,,rnaSeq,,"",,IlluminaNovaseq6000,8.1,,,NYGC3,rRNAdepletion,Kapa,True,reverse,pairedEnd,100,data contribution batch 2
R6681721,Sample_R6681721-DLPFC,"",brain,dorsolateral prefrontal cortex,"","",,,bulk cell,"",,,"",,,rnaSeq,,"",,IlluminaNovaseq6000,6.1,,,NYGC3,rRNAdepletion,Kapa,True,reverse,pairedEnd,100,data contribution batch 2
R8003745,Sample_R8003745-DLPFC,"",brain,dorsolateral prefrontal cortex,"","",,,bulk cell,"",,,"",,,rnaSeq,,"",,IlluminaNovaseq6000,5.8,,,NYGC3,rRNAdepletion,Kapa,True,reverse,pairedEnd,100,data contribution batch 2
R2529284,Sample_R2529284-DLPFC,"",brain,dorsolateral prefrontal cortex,"","",,,bulk cell,"",,,"",,,rnaSeq,,"",,IlluminaNovaseq6000,8.3,,,NYGC3,rRNAdepletion,Kapa,True,reverse,pairedEnd,100,data contribution batch 2
R2171619,Sample_R2171619-DLPFC,"",brain,dorsolateral prefrontal cortex,"","",,,bulk cell,"",,,"",,,rnaSeq,,"",,IlluminaNovaseq6000,7.6,,,NYGC3,rRNAdepletion,Kapa,True,reverse,pairedEnd,100,data contribution batch 2
R7129766,1030-DLPFC,"",brain,dorsolateral prefrontal cortex,"","",,,bulk cell,"",,,"",,,rnaSeq,,"",,IlluminaNovaseq6000,7.2,,,9,polyAselection,TruSeq,True,reverse,pairedEnd,101,data contribution batch 2
R3938632,Sample_R3938632-DLPFC,"",brain,dorsolateral prefrontal cortex,"","",,,bulk cell,"",,,"",,,rnaSeq,,"",,IlluminaNovaseq6000,4.3,,,NYGC3,rRNAdepletion,Kapa,True,reverse,pairedEnd,100,data contribution batch 2
R9085798,Sample_R9085798-DLPFC,"",brain,dorsolateral prefrontal cortex,"","",,,bulk cell,"",,,"",,,rnaSeq,,"",,IlluminaNovaseq6000,5.3,,,NYGC3,rRNAdepletion,Kapa,True,reverse,pairedEnd,100,data contribution batch 2
R5518725,Sample_R5518725-DLPFC,"",brain,dorsolateral prefrontal cortex,"","",,,bulk cell,"",,,"",,,rnaSeq,,"",,IlluminaNovaseq6000,4.5,,,NYGC3,rRNAdepletion,Kapa,True,reverse,pairedEnd,100,data contribution batch 2
R4894433,2008-DLPFC,"",brain,dorsolateral prefrontal cortex,"","",,,bulk cell,"",,,"",,,rnaSeq,,"",,IlluminaNovaseq6000,6.2,,,9,polyAselection,TruSeq,True,reverse,pairedEnd,101,data contribution batch 2
R7289081,2011-DLPFC,"",brain,dorsolateral prefrontal cortex,"","",,,bulk cell,"",,,"",,,rnaSeq,,"",,IlluminaNovaseq6000,5.4,,,9,polyAselection,TruSeq,True,reverse,pairedEnd,101,data contribution batch 2
R2599360,Sample_R2599360-DLPFC,"",brain,dorsolateral prefrontal cortex,"","",,,bulk cell,"",,,"",,,rnaSeq,,"",,IlluminaNovaseq6000,4.1,,,NYGC3,rRNAdepletion,Kapa,True,reverse,pairedEnd,100,data contribution batch 2
R1088362,Sample_R1088362-DLPFC,"",brain,dorsolateral prefrontal cortex,"","",,,bulk cell,"",,,"",,,rnaSeq,,"",,IlluminaNovaseq6000,8.4,,,NYGC3,rRNAdepletion,Kapa,True,reverse,pairedEnd,100,data contribution batch 2
R6152556,Sample_R6152556-DLPFC,"",brain,dorsolateral prefrontal cortex,"","",,,bulk cell,"",,,"",,,rnaSeq,,"",,IlluminaNovaseq6000,7.1,,,NYGC3,rRNAdepletion,Kapa,True,reverse,pairedEnd,100,data contribution batch 2
R9540861,Sample_R9540861-DLPFC,"",brain,dorsolateral prefrontal cortex,"","",,,bulk cell,"",,,"",,,rnaSeq,,"",,IlluminaNovaseq6000,5.1,,,NYGC3,rRNAdepletion,Kapa,True,reverse,pairedEnd,100,data contribution batch 2
R8680264,1080-DLPFC,"",brain,dorsolateral prefrontal cortex,"","",,,bulk cell,"",,,"",,,rnaSeq,,"",,IlluminaNovaseq6000,5.2,,,9,polyAselection,TruSeq,True,reverse,pairedEnd,101,data contribution batch 2
R7654915,Sample_2063-DLPFC,"",brain,dorsolateral prefrontal cortex,"","",,,bulk cell,"",,,"",,,rnaSeq,,"",,IlluminaNovaseq6000,2.7,,,NYGC2,rRNAdepletion,Kapa,True,reverse,pairedEnd,100,data contribution batch 2
R8834859,1029-DLPFC,"",brain,dorsolateral prefrontal cortex,"","",,,bulk cell,"",,,"",,,rnaSeq,,"",,IlluminaNovaseq6000,8,,,9,polyAselection,TruSeq,True,reverse,pairedEnd,101,data contribution batch 2
R4580743,1040-DLPFC,"",brain,dorsolateral prefrontal cortex,"","",,,bulk cell,"",,,"",,,rnaSeq,,"",,IlluminaNovaseq6000,6.8,,,9,polyAselection,TruSeq,True,reverse,pairedEnd,101,data contribution batch 2
R1538032,Sample_R1538032-DLPFC,"",brain,dorsolateral prefrontal cortex,"","",,,bulk cell,"",,,"",,,rnaSeq,,"",,IlluminaNovaseq6000,5.1,,,NYGC3,rRNAdepletion,Kapa,True,reverse,pairedEnd,100,data contribution batch 2
R2923773,1052-DLPFC,"",brain,dorsolateral prefrontal cortex,"","",,,bulk cell,"",,,"",,,rnaSeq,,"",,IlluminaNovaseq6000,6.1,,,9,polyAselection,TruSeq,True,reverse,pairedEnd,101,data contribution batch 2
R9738414,1014-DLPFC,"",brain,dorsolateral prefrontal cortex,"","",,,bulk cell,"",,,"",,,rnaSeq,,"",,IlluminaNovaseq6000,6.8,,,9,polyAselection,TruSeq,True,reverse,pairedEnd,101,data contribution batch 2
R3633816,Sample_R3633816-DLPFC,"",brain,dorsolateral prefrontal cortex,"","",,,bulk cell,"",,,"",,,rnaSeq,,"",,IlluminaNovaseq6000,4.8,,,NYGC3,rRNAdepletion,Kapa,True,reverse,pairedEnd,100,data contribution batch 2
R3269356,Sample_R3269356-DLPFC,"",brain,dorsolateral prefrontal cortex,"","",,,bulk cell,"",,,"",,,rnaSeq,,"",,IlluminaNovaseq6000,6.6,,,NYGC3,rRNAdepletion,Kapa,True,reverse,pairedEnd,100,data contribution batch 2
R7645936,Sample_R7645936-DLPFC,"",brain,dorsolateral prefrontal cortex,"","",,,bulk cell,"",,,"",,,rnaSeq,,"",,IlluminaNovaseq6000,5.9,,,NYGC3,rRNAdepletion,Kapa,True,reverse,pairedEnd,100,data contribution batch 2
R7063792,Sample_R7063792-DLPFC,"",brain,dorsolateral prefrontal cortex,"","",,,bulk cell,"",,,"",,,rnaSeq,,"",,IlluminaNovaseq6000,7.3,,,NYGC3,rRNAdepletion,Kapa,True,reverse,pairedEnd,100,data contribution batch 2
R9996478,Sample_R9996478-DLPFC,"",brain,dorsolateral prefrontal cortex,"","",,,bulk cell,"",,,"",,,rnaSeq,,"",,IlluminaNovaseq6000,6,,,NYGC3,rRNAdepletion,Kapa,True,reverse,pairedEnd,100,data contribution batch 2
R5214048,Sample_R5214048-DLPFC,"",brain,dorsolateral prefrontal cortex,"","",,,bulk cell,"",,,"",,,rnaSeq,,"",,IlluminaNovaseq6000,4.2,,,NYGC3,rRNAdepletion,Kapa,True,reverse,pairedEnd,100,data contribution batch 2
R4542109,Sample_R4542109-DLPFC,"",brain,dorsolateral prefrontal cortex,"","",,,bulk cell,"",,,"",,,rnaSeq,,"",,IlluminaNovaseq6000,5.1,,,NYGC3,rRNAdepletion,Kapa,True,reverse,pairedEnd,100,data contribution batch 2
R7288382,Sample_161-120423,"",brain,dorsolateral prefrontal cortex,"","",,,bulk cell,"",,,"",,,rnaSeq,,"",,IlluminaNovaseq6000,6.4,,,NYGC2,rRNAdepletion,Kapa,True,reverse,pairedEnd,100,data contribution batch 2
R7664813,1086-DLPFC,"",brain,dorsolateral prefrontal cortex,"","",,,bulk cell,"",,,"",,,rnaSeq,,"",,IlluminaNovaseq6000,6.8,,,9,polyAselection,TruSeq,True,reverse,pairedEnd,101,data contribution batch 2
R8976116,Sample_R8976116-DLPFC,"",brain,dorsolateral prefrontal cortex,"","",,,bulk cell,"",,,"",,,rnaSeq,,"",,IlluminaNovaseq6000,4.9,,,NYGC3,rRNAdepletion,Kapa,True,reverse,pairedEnd,100,data contribution batch 2
R8059669,Sample_R8059669-DLPFC,"",brain,dorsolateral prefrontal cortex,"","",,,bulk cell,"",,,"",,,rnaSeq,,"",,IlluminaNovaseq6000,6,,,NYGC3,rRNAdepletion,Kapa,True,reverse,pairedEnd,100,data contribution batch 2
R5933484,1004-DLPFC,"",brain,dorsolateral prefrontal cortex,"","",,,bulk cell,"",,,"",,,rnaSeq,,"",,IlluminaNovaseq6000,5.4,,,9,polyAselection,TruSeq,True,reverse,pairedEnd,101,data contribution batch 2
R8288288,Sample_R8288288-DLPFC,"",brain,dorsolateral prefrontal cortex,"","",,,bulk cell,"",,,"",,,rnaSeq,,"",,IlluminaNovaseq6000,6.5,,,NYGC3,rRNAdepletion,Kapa,True,reverse,pairedEnd,100,data contribution batch 2
R6216782,Sample_R6216782-DLPFC,"",brain,dorsolateral prefrontal cortex,"","",,,bulk cell,"",,,"",,,rnaSeq,,"",,IlluminaNovaseq6000,7.8,,,NYGC3,rRNAdepletion,Kapa,True,reverse,pairedEnd,100,data contribution batch 2
R2807416,Sample_R2807416-DLPFC,"",brain,dorsolateral prefrontal cortex,"","",,,bulk cell,"",,,"",,,rnaSeq,,"",,IlluminaNovaseq6000,6.9,,,NYGC3,rRNAdepletion,Kapa,True,reverse,pairedEnd,100,data contribution batch 2
R5009796,Sample_SM-2T6Z5,"",brain,dorsolateral prefrontal cortex,"","",,,bulk cell,"",,,"",,,rnaSeq,,"",,IlluminaNovaseq6000,8.7,,,NYGC1,rRNAdepletion,Kapa,True,reverse,pairedEnd,125,data contribution batch 2
R3435705,1062-DLPFC,"",brain,dorsolateral prefrontal cortex,"","",,,bulk cell,"",,,"",,,rnaSeq,,"",,IlluminaNovaseq6000,6.8,,,9,polyAselection,TruSeq,True,reverse,pairedEnd,101,data contribution batch 2
R5407536,Sample_R5407536-DLPFC,"",brain,dorsolateral prefrontal cortex,"","",,,bulk cell,"",,,"",,,rnaSeq,,"",,IlluminaNovaseq6000,4.9,,,NYGC3,rRNAdepletion,Kapa,True,reverse,pairedEnd,100,data contribution batch 2
R4739508,Sample_R4739508-DLPFC,"",brain,dorsolateral prefrontal cortex,"","",,,bulk cell,"",,,"",,,rnaSeq,,"",,IlluminaNovaseq6000,5.7,,,NYGC3,rRNAdepletion,Kapa,True,reverse,pairedEnd,100,data contribution batch 2
R8418611,2007-DLPFC,"",brain,dorsolateral prefrontal cortex,"","",,,bulk cell,"",,,"",,,rnaSeq,,"",,IlluminaNovaseq6000,7.3,,,9,polyAselection,TruSeq,True,reverse,pairedEnd,101,data contribution batch 2
R8434166,Sample_R8434166-DLPFC,"",brain,dorsolateral prefrontal cortex,"","",,,bulk cell,"",,,"",,,rnaSeq,,"",,IlluminaNovaseq6000,7.7,,,NYGC3,rRNAdepletion,Kapa,True,reverse,pairedEnd,100,data contribution batch 2
R4597099,Sample_R4597099-DLPFC,"",brain,dorsolateral prefrontal cortex,"","",,,bulk cell,"",,,"",,,rnaSeq,,"",,IlluminaNovaseq6000,7.1,,,NYGC3,rRNAdepletion,Kapa,True,reverse,pairedEnd,100,data contribution batch 2
R9254359,1058-DLPFC,"",brain,dorsolateral prefrontal cortex,"","",,,bulk cell,"",,,"",,,rnaSeq,,"",,IlluminaNovaseq6000,5.3,,,9,polyAselection,TruSeq,True,reverse,pairedEnd,101,data contribution batch 2
R5225865,Sample_R5225865-DLPFC,"",brain,dorsolateral prefrontal cortex,"","",,,bulk cell,"",,,"",,,rnaSeq,,"",,IlluminaNovaseq6000,6,,,NYGC3,rRNAdepletion,Kapa,True,reverse,pairedEnd,100,data contribution batch 2
R8062004,1033-DLPFC,"",brain,dorsolateral prefrontal cortex,"","",,,bulk cell,"",,,"",,,rnaSeq,,"",,IlluminaNovaseq6000,6.9,,,9,polyAselection,TruSeq,True,reverse,pairedEnd,101,data contribution batch 2
R9064073,Sample_R9064073-DLPFC,"",brain,dorsolateral prefrontal cortex,"","",,,bulk cell,"",,,"",,,rnaSeq,,"",,IlluminaNovaseq6000,4.5,,,NYGC3,rRNAdepletion,Kapa,True,reverse,pairedEnd,100,data contribution batch 2
R3707055,1083-DLPFC,"",brain,dorsolateral prefrontal cortex,"","",,,bulk cell,"",,,"",,,rnaSeq,,"",,IlluminaNovaseq6000,5.1,,,9,polyAselection,TruSeq,True,reverse,pairedEnd,101,data contribution batch 2
R7844746,Sample_R7844746-DLPFC,"",brain,dorsolateral prefrontal cortex,"","",,,bulk cell,"",,,"",,,rnaSeq,,"",,IlluminaNovaseq6000,9.4,,,NYGC3,rRNAdepletion,Kapa,True,reverse,pairedEnd,100,data contribution batch 2
R8093392,1066-DLPFC,"",brain,dorsolateral prefrontal cortex,"","",,,bulk cell,"",,,"",,,rnaSeq,,"",,IlluminaNovaseq6000,5.8,,,9,polyAselection,TruSeq,True,reverse,pairedEnd,101,data contribution batch 2
R8399817,1075-DLPFC,"",brain,dorsolateral prefrontal cortex,"","",,,bulk cell,"",,,"",,,rnaSeq,,"",,IlluminaNovaseq6000,6.9,,,9,polyAselection,TruSeq,True,reverse,pairedEnd,101,data contribution batch 2
R7891149,Sample_R7891149-DLPFC,"",brain,dorsolateral prefrontal cortex,"","",,,bulk cell,"",,,"",,,rnaSeq,,"",,IlluminaNovaseq6000,8.3,,,NYGC3,rRNAdepletion,Kapa,True,reverse,pairedEnd,100,data contribution batch 2
R7304869,1023-DLPFC,"",brain,dorsolateral prefrontal cortex,"","",,,bulk cell,"",,,"",,,rnaSeq,,"",,IlluminaNovaseq6000,6.4,,,9,polyAselection,TruSeq,True,reverse,pairedEnd,101,data contribution batch 2
R8915904,Sample_R8915904-DLPFC,"",brain,dorsolateral prefrontal cortex,"","",,,bulk cell,"",,,"",,,rnaSeq,,"",,IlluminaNovaseq6000,8.1,,,NYGC3,rRNAdepletion,Kapa,True,reverse,pairedEnd,100,data contribution batch 2
R6604404,1046-DLPFC,"",brain,dorsolateral prefrontal cortex,"","",,,bulk cell,"",,,"",,,rnaSeq,,"",,IlluminaNovaseq6000,7,,,9,polyAselection,TruSeq,True,reverse,pairedEnd,101,data contribution batch 2
R1326552,Sample_R1326552-DLPFC,"",brain,dorsolateral prefrontal cortex,"","",,,bulk cell,"",,,"",,,rnaSeq,,"",,IlluminaNovaseq6000,6.6,,,NYGC3,rRNAdepletion,Kapa,True,reverse,pairedEnd,100,data contribution batch 2
R2102232,1003-DLPFC,"",brain,dorsolateral prefrontal cortex,"","",,,bulk cell,"",,,"",,,rnaSeq,,"",,IlluminaNovaseq6000,5.8,,,9,polyAselection,TruSeq,True,reverse,pairedEnd,101,data contribution batch 2
R7423003,Sample_R7423003-DLPFC,"",brain,dorsolateral prefrontal cortex,"","",,,bulk cell,"",,,"",,,rnaSeq,,"",,IlluminaNovaseq6000,4.1,,,NYGC3,rRNAdepletion,Kapa,True,reverse,pairedEnd,100,data contribution batch 2
R5133113,1078-DLPFC,"",brain,dorsolateral prefrontal cortex,"","",,,bulk cell,"",,,"",,,rnaSeq,,"",,IlluminaNovaseq6000,5.6,,,9,polyAselection,TruSeq,True,reverse,pairedEnd,101,data contribution batch 2
R3898333,Sample_R3898333-DLPFC,"",brain,dorsolateral prefrontal cortex,"","",,,bulk cell,"",,,"",,,rnaSeq,,"",,IlluminaNovaseq6000,7.3,,,NYGC3,rRNAdepletion,Kapa,True,reverse,pairedEnd,100,data contribution batch 2
R5757577,Sample_2004r-DLPFC,"",brain,dorsolateral prefrontal cortex,"","",,,bulk cell,"",,,"",,,rnaSeq,,"",,IlluminaNovaseq6000,5.6,,,NYGC2,rRNAdepletion,Kapa,True,reverse,pairedEnd,100,data contribution batch 2
R2117075,1019-DLPFC,"",brain,dorsolateral prefrontal cortex,"","",,,bulk cell,"",,,"",,,rnaSeq,,"",,IlluminaNovaseq6000,6.4,,,9,polyAselection,TruSeq,True,reverse,pairedEnd,101,data contribution batch 2
R7986223,Sample_R7986223-DLPFC,"",brain,dorsolateral prefrontal cortex,"","",,,bulk cell,"",,,"",,,rnaSeq,,"",,IlluminaNovaseq6000,6,,,NYGC3,rRNAdepletion,Kapa,True,reverse,pairedEnd,100,data contribution batch 2
R3445043,Sample_R3445043-DLPFC,"",brain,dorsolateral prefrontal cortex,"","",,,bulk cell,"",,,"",,,rnaSeq,,"",,IlluminaNovaseq6000,8,,,NYGC3,rRNAdepletion,Kapa,True,reverse,pairedEnd,100,data contribution batch 2
R6382654,1087-DLPFC,"",brain,dorsolateral prefrontal cortex,"","",,,bulk cell,"",,,"",,,rnaSeq,,"",,IlluminaNovaseq6000,7.1,,,9,polyAselection,TruSeq,True,reverse,pairedEnd,101,data contribution batch 2
R9721493,Sample_R9721493-DLPFC,"",brain,dorsolateral prefrontal cortex,"","",,,bulk cell,"",,,"",,,rnaSeq,,"",,IlluminaNovaseq6000,5.5,,,NYGC3,rRNAdepletion,Kapa,True,reverse,pairedEnd,100,data contribution batch 2
R8428404,1065-DLPFC,"",brain,dorsolateral prefrontal cortex,"","",,,bulk cell,"",,,"",,,rnaSeq,,"",,IlluminaNovaseq6000,7.6,,,9,polyAselection,TruSeq,True,reverse,pairedEnd,101,data contribution batch 2
R7726976,1056-DLPFC,"",brain,dorsolateral prefrontal cortex,"","",,,bulk cell,"",,,"",,,rnaSeq,,"",,IlluminaNovaseq6000,5.8,,,9,polyAselection,TruSeq,True,reverse,pairedEnd,101,data contribution batch 2
R3279589,Sample_R3279589-DLPFC,"",brain,dorsolateral prefrontal cortex,"","",,,bulk cell,"",,,"",,,rnaSeq,,"",,IlluminaNovaseq6000,4.5,,,NYGC3,rRNAdepletion,Kapa,True,reverse,pairedEnd,100,data contribution batch 2
R3509724,Sample_2066-DLPFC,"",brain,dorsolateral prefrontal cortex,"","",,,bulk cell,"",,,"",,,rnaSeq,,"",,IlluminaNovaseq6000,4.1,,,NYGC2,rRNAdepletion,Kapa,True,reverse,pairedEnd,100,data contribution batch 2
R1954385,Sample_R1954385-DLPFC,"",brain,dorsolateral prefrontal cortex,"","",,,bulk cell,"",,,"",,,rnaSeq,,"",,IlluminaNovaseq6000,4.6,,,NYGC3,rRNAdepletion,Kapa,True,reverse,pairedEnd,100,data contribution batch 2
R4005989,Sample_R4005989-DLPFC,"",brain,dorsolateral prefrontal cortex,"","",,,bulk cell,"",,,"",,,rnaSeq,,"",,IlluminaNovaseq6000,7,,,NYGC3,rRNAdepletion,Kapa,True,reverse,pairedEnd,100,data contribution batch 2
R6103640,Sample_R6103640-DLPFC,"",brain,dorsolateral prefrontal cortex,"","",,,bulk cell,"",,,"",,,rnaSeq,,"",,IlluminaNovaseq6000,6.6,,,NYGC3,rRNAdepletion,Kapa,True,reverse,pairedEnd,100,data contribution batch 2
R5486471,Sample_R5486471-DLPFC,"",brain,dorsolateral prefrontal cortex,"","",,,bulk cell,"",,,"",,,rnaSeq,,"",,IlluminaNovaseq6000,6.8,,,NYGC3,rRNAdepletion,Kapa,True,reverse,pairedEnd,100,data contribution batch 2
R2635318,1045-DLPFC,"",brain,dorsolateral prefrontal cortex,"","",,,bulk cell,"",,,"",,,rnaSeq,,"",,IlluminaNovaseq6000,7,,,9,polyAselection,TruSeq,True,reverse,pairedEnd,101,data contribution batch 2
R7518527,1044-DLPFC,"",brain,dorsolateral prefrontal cortex,"","",,,bulk cell,"",,,"",,,rnaSeq,,"",,IlluminaNovaseq6000,7.3,,,9,polyAselection,TruSeq,True,reverse,pairedEnd,101,data contribution batch 2
R8436904,1063-DLPFC,"",brain,dorsolateral prefrontal cortex,"","",,,bulk cell,"",,,"",,,rnaSeq,,"",,IlluminaNovaseq6000,7.7,,,9,polyAselection,TruSeq,True,reverse,pairedEnd,101,data contribution batch 2
R1566338,Sample_R1566338-DLPFC,"",brain,dorsolateral prefrontal cortex,"","",,,bulk cell,"",,,"",,,rnaSeq,,"",,IlluminaNovaseq6000,6.4,,,NYGC3,rRNAdepletion,Kapa,True,reverse,pairedEnd,100,data contribution batch 2
R5695074,1016-DLPFC,"",brain,dorsolateral prefrontal cortex,"","",,,bulk cell,"",,,"",,,rnaSeq,,"",,IlluminaNovaseq6000,7.2,,,9,polyAselection,TruSeq,True,reverse,pairedEnd,101,data contribution batch 2
R7033218,1039-DLPFC,"",brain,dorsolateral prefrontal cortex,"","",,,bulk cell,"",,,"",,,rnaSeq,,"",,IlluminaNovaseq6000,6.2,,,9,polyAselection,TruSeq,True,reverse,pairedEnd,101,data contribution batch 2
R2396089,Sample_R2396089-DLPFC,"",brain,dorsolateral prefrontal cortex,"","",,,bulk cell,"",,,"",,,rnaSeq,,"",,IlluminaNovaseq6000,4.5,,,NYGC3,rRNAdepletion,Kapa,True,reverse,pairedEnd,100,data contribution batch 2
R6429301,Sample_R6429301-DLPFC,"",brain,dorsolateral prefrontal cortex,"","",,,bulk cell,"",,,"",,,rnaSeq,,"",,IlluminaNovaseq6000,7.7,,,NYGC3,rRNAdepletion,Kapa,True,reverse,pairedEnd,100,data contribution batch 2
R8292982,Sample_R8292982-DLPFC,"",brain,dorsolateral prefrontal cortex,"","",,,bulk cell,"",,,"",,,rnaSeq,,"",,IlluminaNovaseq6000,5.2,,,NYGC3,rRNAdepletion,Kapa,True,reverse,pairedEnd,100,data contribution batch 2
R5862122,2005-DLPFC,"",brain,dorsolateral prefrontal cortex,"","",,,bulk cell,"",,,"",,,rnaSeq,,"",,IlluminaNovaseq6000,2.7,,,9,polyAselection,TruSeq,True,reverse,pairedEnd,101,data contribution batch 2
R1034846,1047-DLPFC,"",brain,dorsolateral prefrontal cortex,"","",,,bulk cell,"",,,"",,,rnaSeq,,"",,IlluminaNovaseq6000,6.7,,,9,polyAselection,TruSeq,True,reverse,pairedEnd,101,data contribution batch 2
R3110303,Sample_R3110303-DLPFC,"",brain,dorsolateral prefrontal cortex,"","",,,bulk cell,"",,,"",,,rnaSeq,,"",,IlluminaNovaseq6000,5.6,,,NYGC3,rRNAdepletion,Kapa,True,reverse,pairedEnd,100,data contribution batch 2
R5565908,1006-DLPFC,"",brain,dorsolateral prefrontal cortex,"","",,,bulk cell,"",,,"",,,rnaSeq,,"",,IlluminaNovaseq6000,7.1,,,9,polyAselection,TruSeq,True,reverse,pairedEnd,101,data contribution batch 2
R5972272,Sample_R5972272-DLPFC,"",brain,dorsolateral prefrontal cortex,"","",,,bulk cell,"",,,"",,,rnaSeq,,"",,IlluminaNovaseq6000,7,,,NYGC3,rRNAdepletion,Kapa,True,reverse,pairedEnd,100,data contribution batch 2
R1802235,Sample_R1802235-DLPFC,"",brain,dorsolateral prefrontal cortex,"","",,,bulk cell,"",,,"",,,rnaSeq,,"",,IlluminaNovaseq6000,5.9,,,NYGC3,rRNAdepletion,Kapa,True,reverse,pairedEnd,100,data contribution batch 2
R1435458,Sample_SM-2T717,"",brain,dorsolateral prefrontal cortex,"","",,,bulk cell,"",,,"",,,rnaSeq,,"",,IlluminaNovaseq6000,5,,,NYGC1,rRNAdepletion,Kapa,True,reverse,pairedEnd,125,data contribution batch 2
R3450006,Sample_R3450006-DLPFC,"",brain,dorsolateral prefrontal cortex,"","",,,bulk cell,"",,,"",,,rnaSeq,,"",,IlluminaNovaseq6000,8.8,,,NYGC3,rRNAdepletion,Kapa,True,reverse,pairedEnd,100,data contribution batch 2
R5505495,1009-DLPFC,"",brain,dorsolateral prefrontal cortex,"","",,,bulk cell,"",,,"",,,rnaSeq,,"",,IlluminaNovaseq6000,7.1,,,9,polyAselection,TruSeq,True,reverse,pairedEnd,101,data contribution batch 2
R2343042,Sample_R2343042-DLPFC,"",brain,dorsolateral prefrontal cortex,"","",,,bulk cell,"",,,"",,,rnaSeq,,"",,IlluminaNovaseq6000,5.8,,,NYGC3,rRNAdepletion,Kapa,True,reverse,pairedEnd,100,data contribution batch 2
R1827081,Sample_R1827081-DLPFC,"",brain,dorsolateral prefrontal cortex,"","",,,bulk cell,"",,,"",,,rnaSeq,,"",,IlluminaNovaseq6000,4.6,,,NYGC3,rRNAdepletion,Kapa,True,reverse,pairedEnd,100,data contribution batch 2
R8492506,Sample_R8492506-DLPFC,"",brain,dorsolateral prefrontal cortex,"","",,,bulk cell,"",,,"",,,rnaSeq,,"",,IlluminaNovaseq6000,4.5,,,NYGC3,rRNAdepletion,Kapa,True,reverse,pairedEnd,100,data contribution batch 2
R5533791,1034-DLPFC,"",brain,dorsolateral prefrontal cortex,"","",,,bulk cell,"",,,"",,,rnaSeq,,"",,IlluminaNovaseq6000,7.4,,,9,polyAselection,TruSeq,True,reverse,pairedEnd,101,data contribution batch 2
R9587366,Sample_R9587366-DLPFC,"",brain,dorsolateral prefrontal cortex,"","",,,bulk cell,"",,,"",,,rnaSeq,,"",,IlluminaNovaseq6000,4.4,,,NYGC3,rRNAdepletion,Kapa,True,reverse,pairedEnd,100,data contribution batch 2
R4583840,1000-DLPFC,"",brain,dorsolateral prefrontal cortex,"","",,,bulk cell,"",,,"",,,rnaSeq,,"",,IlluminaNovaseq6000,5.2,,,9,polyAselection,TruSeq,True,reverse,pairedEnd,101,data contribution batch 2
R6070702,Sample_1049-DLPFC,"",brain,dorsolateral prefrontal cortex,"","",,,bulk cell,"",,,"",,,rnaSeq,,"",,IlluminaNovaseq6000,6.6,,,NYGC2,rRNAdepletion,Kapa,True,reverse,pairedEnd,100,data contribution batch 2
R2903862,Sample_SM-AYOQN,"",brain,dorsolateral prefrontal cortex,"","",,,bulk cell,"",,,"",,,rnaSeq,,"",,IlluminaNovaseq6000,6.4,,,NYGC1,rRNAdepletion,Kapa,True,reverse,pairedEnd,125,data contribution batch 2
R3187497,Sample_R3187497-DLPFC,"",brain,dorsolateral prefrontal cortex,"","",,,bulk cell,"",,,"",,,rnaSeq,,"",,IlluminaNovaseq6000,6.7,,,NYGC3,rRNAdepletion,Kapa,True,reverse,pairedEnd,100,data contribution batch 2
R8046664,1017-DLPFC,"",brain,dorsolateral prefrontal cortex,"","",,,bulk cell,"",,,"",,,rnaSeq,,"",,IlluminaNovaseq6000,7.5,,,9,polyAselection,TruSeq,True,reverse,pairedEnd,101,data contribution batch 2
R9001803,Sample_R9001803-DLPFC,"",brain,dorsolateral prefrontal cortex,"","",,,bulk cell,"",,,"",,,rnaSeq,,"",,IlluminaNovaseq6000,4.2,,,NYGC3,rRNAdepletion,Kapa,True,reverse,pairedEnd,100,data contribution batch 2
R6157726,1038-DLPFC,"",brain,dorsolateral prefrontal cortex,"","",,,bulk cell,"",,,"",,,rnaSeq,,"",,IlluminaNovaseq6000,6.9,,,9,polyAselection,TruSeq,True,reverse,pairedEnd,101,data contribution batch 2
R8542703,Sample_R8542703-DLPFC,"",brain,dorsolateral prefrontal cortex,"","",,,bulk cell,"",,,"",,,rnaSeq,,"",,IlluminaNovaseq6000,4,,,NYGC3,rRNAdepletion,Kapa,True,reverse,pairedEnd,100,data contribution batch 2
R9798367,1012-DLPFC,"",brain,dorsolateral prefrontal cortex,"","",,,bulk cell,"",,,"",,,rnaSeq,,"",,IlluminaNovaseq6000,5.1,,,9,polyAselection,TruSeq,True,reverse,pairedEnd,101,data contribution batch 2
R5274446,Sample_R5274446-DLPFC,"",brain,dorsolateral prefrontal cortex,"","",,,bulk cell,"",,,"",,,rnaSeq,,"",,IlluminaNovaseq6000,9.5,,,NYGC3,rRNAdepletion,Kapa,True,reverse,pairedEnd,100,data contribution batch 2
R9410800,1027-DLPFC,"",brain,dorsolateral prefrontal cortex,"","",,,bulk cell,"",,,"",,,rnaSeq,,"",,IlluminaNovaseq6000,6,,,9,polyAselection,TruSeq,True,reverse,pairedEnd,101,data contribution batch 2
R8130934,Sample_R8130934-DLPFC,"",brain,dorsolateral prefrontal cortex,"","",,,bulk cell,"",,,"",,,rnaSeq,,"",,IlluminaNovaseq6000,6.5,,,NYGC3,rRNAdepletion,Kapa,True,reverse,pairedEnd,100,data contribution batch 2
R8256306,Sample_2064-DLPFC,"",brain,dorsolateral prefrontal cortex,"","",,,bulk cell,"",,,"",,,rnaSeq,,"",,IlluminaNovaseq6000,2.7,,,NYGC2,rRNAdepletion,Kapa,True,reverse,pairedEnd,100,data contribution batch 2
R6733106,1064-DLPFC,"",brain,dorsolateral prefrontal cortex,"","",,,bulk cell,"",,,"",,,rnaSeq,,"",,IlluminaNovaseq6000,6,,,9,polyAselection,TruSeq,True,reverse,pairedEnd,101,data contribution batch 2
R2809589,Sample_R2809589-DLPFC,"",brain,dorsolateral prefrontal cortex,"","",,,bulk cell,"",,,"",,,rnaSeq,,"",,IlluminaNovaseq6000,8.8,,,NYGC3,rRNAdepletion,Kapa,True,reverse,pairedEnd,100,data contribution batch 2
R5690684,1092-DLPFC,"",brain,dorsolateral prefrontal cortex,"","",,,bulk cell,"",,,"",,,rnaSeq,,"",,IlluminaNovaseq6000,5.1,,,9,polyAselection,TruSeq,True,reverse,pairedEnd,101,data contribution batch 2
R2732138,Sample_R2732138-DLPFC,"",brain,dorsolateral prefrontal cortex,"","",,,bulk cell,"",,,"",,,rnaSeq,,"",,IlluminaNovaseq6000,5.1,,,NYGC3,rRNAdepletion,Kapa,True,reverse,pairedEnd,100,data contribution batch 2
R4290655,1041-DLPFC,"",brain,dorsolateral prefrontal cortex,"","",,,bulk cell,"",,,"",,,rnaSeq,,"",,IlluminaNovaseq6000,7.4,,,9,polyAselection,TruSeq,True,reverse,pairedEnd,101,data contribution batch 2
R7604075,1048-DLPFC,"",brain,dorsolateral prefrontal cortex,"","",,,bulk cell,"",,,"",,,rnaSeq,,"",,IlluminaNovaseq6000,6.1,,,9,polyAselection,TruSeq,True,reverse,pairedEnd,101,data contribution batch 2
R8756461,Sample_R8756461-DLPFC,"",brain,dorsolateral prefrontal cortex,"","",,,bulk cell,"",,,"",,,rnaSeq,,"",,IlluminaNovaseq6000,6.9,,,NYGC3,rRNAdepletion,Kapa,True,reverse,pairedEnd,100,data contribution batch 2
R8328927,Sample_SM-49KVA,"",brain,dorsolateral prefrontal cortex,"","",,,bulk cell,"",,,"",,,rnaSeq,,"",,IlluminaNovaseq6000,3.5,,,NYGC1,rRNAdepletion,Kapa,True,reverse,pairedEnd,125,data contribution batch 2
R7446231,1037-DLPFC,"",brain,dorsolateral prefrontal cortex,"","",,,bulk cell,"",,,"",,,rnaSeq,,"",,IlluminaNovaseq6000,5.9,,,9,polyAselection,TruSeq,True,reverse,pairedEnd,101,data contribution batch 2
R4241294,Sample_R4241294-DLPFC,"",brain,dorsolateral prefrontal cortex,"","",,,bulk cell,"",,,"",,,rnaSeq,,"",,IlluminaNovaseq6000,7.3,,,NYGC3,rRNAdepletion,Kapa,True,reverse,pairedEnd,100,data contribution batch 2
R5956387,1074-DLPFC,"",brain,dorsolateral prefrontal cortex,"","",,,bulk cell,"",,,"",,,rnaSeq,,"",,IlluminaNovaseq6000,6.8,,,9,polyAselection,TruSeq,True,reverse,pairedEnd,101,data contribution batch 2
R4620717,Sample_R4620717-DLPFC,"",brain,dorsolateral prefrontal cortex,"","",,,bulk cell,"",,,"",,,rnaSeq,,"",,IlluminaNovaseq6000,6.6,,,NYGC3,rRNAdepletion,Kapa,True,reverse,pairedEnd,100,data contribution batch 2
R7418040,Sample_2002r-DLPFC,"",brain,dorsolateral prefrontal cortex,"","",,,bulk cell,"",,,"",,,rnaSeq,,"",,IlluminaNovaseq6000,3,,,NYGC2,rRNAdepletion,Kapa,True,reverse,pairedEnd,100,data contribution batch 2
R3151599,Sample_R3151599-DLPFC,"",brain,dorsolateral prefrontal cortex,"","",,,bulk cell,"",,,"",,,rnaSeq,,"",,IlluminaNovaseq6000,4,,,NYGC3,rRNAdepletion,Kapa,True,reverse,pairedEnd,100,data contribution batch 2
R7506996,2016-DLPFC,"",brain,dorsolateral prefrontal cortex,"","",,,bulk cell,"",,,"",,,rnaSeq,,"",,IlluminaNovaseq6000,6.9,,,9,polyAselection,TruSeq,True,reverse,pairedEnd,101,data contribution batch 2
R9677385,1089-DLPFC,"",brain,dorsolateral prefrontal cortex,"","",,,bulk cell,"",,,"",,,rnaSeq,,"",,IlluminaNovaseq6000,6.9,,,9,polyAselection,TruSeq,True,reverse,pairedEnd,101,data contribution batch 2
R7737688,1054-DLPFC,"",brain,dorsolateral prefrontal cortex,"","",,,bulk cell,"",,,"",,,rnaSeq,,"",,IlluminaNovaseq6000,6.4,,,9,polyAselection,TruSeq,True,reverse,pairedEnd,101,data contribution batch 2
R5691943,1051-DLPFC,"",brain,dorsolateral prefrontal cortex,"","",,,bulk cell,"",,,"",,,rnaSeq,,"",,IlluminaNovaseq6000,6.5,,,9,polyAselection,TruSeq,True,reverse,pairedEnd,101,data contribution batch 2
R7391979,Sample_R7391979-DLPFC,"",brain,dorsolateral prefrontal cortex,"","",,,bulk cell,"",,,"",,,rnaSeq,,"",,IlluminaNovaseq6000,5.6,,,NYGC3,rRNAdepletion,Kapa,True,reverse,pairedEnd,100,data contribution batch 2
R7029629,Sample_R7029629-DLPFC,"",brain,dorsolateral prefrontal cortex,"","",,,bulk cell,"",,,"",,,rnaSeq,,"",,IlluminaNovaseq6000,7.7,,,NYGC3,rRNAdepletion,Kapa,True,reverse,pairedEnd,100,data contribution batch 2
R4254299,1025-DLPFC,"",brain,dorsolateral prefrontal cortex,"","",,,bulk cell,"",,,"",,,rnaSeq,,"",,IlluminaNovaseq6000,5.7,,,9,polyAselection,TruSeq,True,reverse,pairedEnd,101,data contribution batch 2
R3381702,1015-DLPFC,"",brain,dorsolateral prefrontal cortex,"","",,,bulk cell,"",,,"",,,rnaSeq,,"",,IlluminaNovaseq6000,7.2,,,9,polyAselection,TruSeq,True,reverse,pairedEnd,101,data contribution batch 2
R6445076,1057-DLPFC,"",brain,dorsolateral prefrontal cortex,"","",,,bulk cell,"",,,"",,,rnaSeq,,"",,IlluminaNovaseq6000,7.3,,,9,polyAselection,TruSeq,True,reverse,pairedEnd,101,data contribution batch 2
R5936361,1011-DLPFC,"",brain,dorsolateral prefrontal cortex,"","",,,bulk cell,"",,,"",,,rnaSeq,,"",,IlluminaNovaseq6000,7.1,,,9,polyAselection,TruSeq,True,reverse,pairedEnd,101,data contribution batch 2
R8944014,1021-DLPFC,"",brain,dorsolateral prefrontal cortex,"","",,,bulk cell,"",,,"",,,rnaSeq,,"",,IlluminaNovaseq6000,6.8,,,9,polyAselection,TruSeq,True,reverse,pairedEnd,101,data contribution batch 2
R5098644,Sample_R5098644-DLPFC,"",brain,dorsolateral prefrontal cortex,"","",,,bulk cell,"",,,"",,,rnaSeq,,"",,IlluminaNovaseq6000,8.1,,,NYGC3,rRNAdepletion,Kapa,True,reverse,pairedEnd,100,data contribution batch 2
R3769071,1067-DLPFC,"",brain,dorsolateral prefrontal cortex,"","",,,bulk cell,"",,,"",,,rnaSeq,,"",,IlluminaNovaseq6000,6.6,,,9,polyAselection,TruSeq,True,reverse,pairedEnd,101,data contribution batch 2
R7650779,Sample_R7650779-DLPFC,"",brain,dorsolateral prefrontal cortex,"","",,,bulk cell,"",,,"",,,rnaSeq,,"",,IlluminaNovaseq6000,4.8,,,NYGC3,rRNAdepletion,Kapa,True,reverse,pairedEnd,100,data contribution batch 2
R7269950,Sample_R7269950-DLPFC,"",brain,dorsolateral prefrontal cortex,"","",,,bulk cell,"",,,"",,,rnaSeq,,"",,IlluminaNovaseq6000,7.8,,,NYGC3,rRNAdepletion,Kapa,True,reverse,pairedEnd,100,data contribution batch 2
R8541444,1053-DLPFC,"",brain,dorsolateral prefrontal cortex,"","",,,bulk cell,"",,,"",,,rnaSeq,,"",,IlluminaNovaseq6000,6.8,,,9,polyAselection,TruSeq,True,reverse,pairedEnd,101,data contribution batch 2
R1791486,Sample_R1791486-DLPFC,"",brain,dorsolateral prefrontal cortex,"","",,,bulk cell,"",,,"",,,rnaSeq,,"",,IlluminaNovaseq6000,5.5,,,NYGC3,rRNAdepletion,Kapa,True,reverse,pairedEnd,100,data contribution batch 2
R4927046,Sample_R4927046-DLPFC,"",brain,dorsolateral prefrontal cortex,"","",,,bulk cell,"",,,"",,,rnaSeq,,"",,IlluminaNovaseq6000,6.2,,,NYGC3,rRNAdepletion,Kapa,True,reverse,pairedEnd,100,data contribution batch 2
R2031310,Sample_R2031310-DLPFC,"",brain,dorsolateral prefrontal cortex,"","",,,bulk cell,"",,,"",,,rnaSeq,,"",,IlluminaNovaseq6000,4.6,,,NYGC3,rRNAdepletion,Kapa,True,reverse,pairedEnd,100,data contribution batch 2
R7287798,Sample_R7287798-DLPFC,"",brain,dorsolateral prefrontal cortex,"","",,,bulk cell,"",,,"",,,rnaSeq,,"",,IlluminaNovaseq6000,9,,,NYGC3,rRNAdepletion,Kapa,True,reverse,pairedEnd,100,data contribution batch 2
R1498848,1013-DLPFC,"",brain,dorsolateral prefrontal cortex,"","",,,bulk cell,"",,,"",,,rnaSeq,,"",,IlluminaNovaseq6000,7.8,,,9,polyAselection,TruSeq,True,reverse,pairedEnd,101,data contribution batch 2
R1498848,Sample_SM-AYOSS,"",brain,dorsolateral prefrontal cortex,"","",,,bulk cell,"",,,"",,,rnaSeq,,"",,IlluminaNovaseq6000,7.8,,,NYGC1,rRNAdepletion,Kapa,True,reverse,pairedEnd,125,data contribution batch 2
R3019567,1082-DLPFC,"",brain,dorsolateral prefrontal cortex,"","",,,bulk cell,"",,,"",,,rnaSeq,,"",,IlluminaNovaseq6000,5.7,,,9,polyAselection,TruSeq,True,reverse,pairedEnd,101,data contribution batch 2
R3010591,Sample_R3010591-DLPFC,"",brain,dorsolateral prefrontal cortex,"","",,,bulk cell,"",,,"",,,rnaSeq,,"",,IlluminaNovaseq6000,4.8,,,NYGC3,rRNAdepletion,Kapa,True,reverse,pairedEnd,100,data contribution batch 2
R9935606,1018-DLPFC,"",brain,dorsolateral prefrontal cortex,"","",,,bulk cell,"",,,"",,,rnaSeq,,"",,IlluminaNovaseq6000,6.7,,,9,polyAselection,TruSeq,True,reverse,pairedEnd,101,data contribution batch 2
R9462928,1005-DLPFC,"",brain,dorsolateral prefrontal cortex,"","",,,bulk cell,"",,,"",,,rnaSeq,,"",,IlluminaNovaseq6000,6.5,,,9,polyAselection,TruSeq,True,reverse,pairedEnd,101,data contribution batch 2
R3398498,Sample_R3398498-DLPFC,"",brain,dorsolateral prefrontal cortex,"","",,,bulk cell,"",,,"",,,rnaSeq,,"",,IlluminaNovaseq6000,6.7,,,NYGC3,rRNAdepletion,Kapa,True,reverse,pairedEnd,100,data contribution batch 2
R4744901,1042-DLPFC,"",brain,dorsolateral prefrontal cortex,"","",,,bulk cell,"",,,"",,,rnaSeq,,"",,IlluminaNovaseq6000,7.7,,,9,polyAselection,TruSeq,True,reverse,pairedEnd,101,data contribution batch 2
R9880904,1077-DLPFC,"",brain,dorsolateral prefrontal cortex,"","",,,bulk cell,"",,,"",,,rnaSeq,,"",,IlluminaNovaseq6000,6.5,,,9,polyAselection,TruSeq,True,reverse,pairedEnd,101,data contribution batch 2
R6284240,Sample_R6284240-PCC,"",brain,dorsolateral prefrontal cortex,"","",,,bulk cell,"",,,"",,,rnaSeq,,"",,IlluminaNovaseq6000,6.4,,,NYGC3,rRNAdepletion,Kapa,True,reverse,pairedEnd,100,data contribution batch 2
R9938478,1059-DLPFC,"",brain,dorsolateral prefrontal cortex,"","",,,bulk cell,"",,,"",,,rnaSeq,,"",,IlluminaNovaseq6000,7.1,,,9,polyAselection,TruSeq,True,reverse,pairedEnd,101,data contribution batch 2
R9507497,Sample_2010r-DLPFC,"",brain,dorsolateral prefrontal cortex,"","",,,bulk cell,"",,,"",,,rnaSeq,,"",,IlluminaNovaseq6000,6.3,,,NYGC2,rRNAdepletion,Kapa,True,reverse,pairedEnd,100,data contribution batch 2
R5795331,2013-DLPFC,"",brain,dorsolateral prefrontal cortex,"","",,,bulk cell,"",,,"",,,rnaSeq,,"",,IlluminaNovaseq6000,7.6,,,9,polyAselection,TruSeq,True,reverse,pairedEnd,101,data contribution batch 2
R2039807,Sample_R2039807-DLPFC,"",brain,dorsolateral prefrontal cortex,"","",,,bulk cell,"",,,"",,,rnaSeq,,"",,IlluminaNovaseq6000,4.4,,,NYGC3,rRNAdepletion,Kapa,True,reverse,pairedEnd,100,data contribution batch 2
R1761902,Sample_R1761902-DLPFC,"",brain,dorsolateral prefrontal cortex,"","",,,bulk cell,"",,,"",,,rnaSeq,,"",,IlluminaNovaseq6000,6.9,,,NYGC3,rRNAdepletion,Kapa,True,reverse,pairedEnd,100,data contribution batch 2
R2385937,Sample_R2385937-DLPFC,"",brain,dorsolateral prefrontal cortex,"","",,,bulk cell,"",,,"",,,rnaSeq,,"",,IlluminaNovaseq6000,5.8,,,NYGC3,rRNAdepletion,Kapa,True,reverse,pairedEnd,100,data contribution batch 2
R3438797,Sample_R3438797-DLPFC,"",brain,dorsolateral prefrontal cortex,"","",,,bulk cell,"",,,"",,,rnaSeq,,"",,IlluminaNovaseq6000,5.1,,,NYGC3,rRNAdepletion,Kapa,True,reverse,pairedEnd,100,data contribution batch 2
R2359479,1032-DLPFC,"",brain,dorsolateral prefrontal cortex,"","",,,bulk cell,"",,,"",,,rnaSeq,,"",,IlluminaNovaseq6000,7.9,,,9,polyAselection,TruSeq,True,reverse,pairedEnd,101,data contribution batch 2
R1177802,Sample_R1177802-DLPFC,"",brain,dorsolateral prefrontal cortex,"","",,,bulk cell,"",,,"",,,rnaSeq,,"",,IlluminaNovaseq6000,6.2,,,NYGC3,rRNAdepletion,Kapa,True,reverse,pairedEnd,100,data contribution batch 2
R4361022,433_120507,"",brain,dorsolateral prefrontal cortex,"","",,,bulk cell,"",,,"",,,rnaSeq,TRUE,sample swap,,,6.5,,5,5,polyAselection,,True,,pairedEnd,101,data contribution batch 1
R3841825,327_120501,"",brain,dorsolateral prefrontal cortex,"","",,,bulk cell,"",,,"",,,rnaSeq,TRUE,sample swap,,,6.7,,5,5,polyAselection,,True,,pairedEnd,101,data contribution batch 1
R8702490,178_120424,"",brain,dorsolateral prefrontal cortex,"","",,,bulk cell,"",,,"",,,rnaSeq,TRUE,sample swap,,IlluminaNovaseq6000,6.7,,,9,polyAselection,TruSeq,True,reverse,pairedEnd,101,data contribution batch 2
R4361022,Sample_R4361022-DLPFC,"",brain,dorsolateral prefrontal cortex,"","",,,bulk cell,"",,,"",,,rnaSeq,TRUE,sample swap,,IlluminaNovaseq6000,6,,,NYGC3,rRNAdepletion,Kapa,True,reverse,pairedEnd,100,data contribution batch 2
R2730285,Sample_R2730285-DLPFC,"",brain,dorsolateral prefrontal cortex,"","",,,bulk cell,"",,,"",,,rnaSeq,TRUE,sample swap,,IlluminaNovaseq6000,9.3,,,NYGC3,rRNAdepletion,Kapa,True,reverse,pairedEnd,100,data contribution batch 2
R2393217,Sample_R2393217-DLPFC,"",brain,dorsolateral prefrontal cortex,"","",,,bulk cell,"",,,"",,,rnaSeq,TRUE,sample swap,,IlluminaNovaseq6000,5.1,,,NYGC3,rRNAdepletion,Kapa,True,reverse,pairedEnd,100,data contribution batch 2
R8261694,Sample_R8261694-DLPFC,"",brain,dorsolateral prefrontal cortex,"","",,,bulk cell,"",,,"",,,rnaSeq,TRUE,sample swap,,IlluminaNovaseq6000,8.4,,,NYGC3,rRNAdepletion,Kapa,True,reverse,pairedEnd,100,data contribution batch 2
R2420066,Sample_R2420066-DLPFC,"",brain,dorsolateral prefrontal cortex,"","",,,bulk cell,"",,,"",,,rnaSeq,TRUE,sample swap,,IlluminaNovaseq6000,7.3,,,NYGC3,rRNAdepletion,Kapa,True,reverse,pairedEnd,100,data contribution batch 2
R6796261,Sample_R6796261-DLPFC,"",brain,dorsolateral prefrontal cortex,"","",,,bulk cell,"",,,"",,,rnaSeq,TRUE,sample swap,,IlluminaNovaseq6000,6.6,,,NYGC3,rRNAdepletion,Kapa,True,reverse,pairedEnd,100,data contribution batch 2
R7310856,Sample_200r1-DLPFC,"",brain,dorsolateral prefrontal cortex,"","",,,bulk cell,"",,,"",,,rnaSeq,TRUE,sample swap,,IlluminaNovaseq6000,5.3,,,NYGC2,rRNAdepletion,Kapa,True,reverse,pairedEnd,100,data contribution batch 2
R3824126,Sample_R3824126-DLPFC,"",brain,dorsolateral prefrontal cortex,"","",,,bulk cell,"",,,"",,,rnaSeq,TRUE,sample swap,,IlluminaNovaseq6000,6.6,,,NYGC3,rRNAdepletion,Kapa,True,reverse,pairedEnd,100,data contribution batch 2
R7559268,Sample_R7559268-DLPFC,"",brain,dorsolateral prefrontal cortex,"","",,,bulk cell,"",,,"",,,rnaSeq,TRUE,sample swap,,IlluminaNovaseq6000,6.8,,,NYGC3,rRNAdepletion,Kapa,True,reverse,pairedEnd,100,data contribution batch 2
R3505473,Sample_R3505473-DLPFC,"",brain,dorsolateral prefrontal cortex,"","",,,bulk cell,"",,,"",,,rnaSeq,TRUE,sample swap,,IlluminaNovaseq6000,7,,,NYGC3,rRNAdepletion,Kapa,True,reverse,pairedEnd,100,data contribution batch 2
