Individual_ID,SampleID,Study,Brain_Region,Brodmann_Area,Hemisphere,Operator,Date_Dissected,RNA_Isolation_Batch,RNA_Prep_Date,RIN,28S/18S,RNA_Prep_Operator,Total_RNA_Yield,260/280,Ribozero_Batch,Library_Batch,Library_Barcode,Flowcell_Batch,Flowcell_(Given_to_Core),Flowcell_2,Flowcell_Name,Flowcell_Name_2,Flowcell_Lane_A,Flowcell_Lane_B,Flowcell_ID,Total_Reads,Mapped_Reads,Genes_Detected,Transcripts_Detected,Percent_Aligned,Intragenic_Rate,Intronic_Rate,Intergenic_Rate,Expression_Profiling_Efficiency,rRNA_Rate
CMC_MSSM_136,MSSM_RNA_PFC_2,CMC,DLPFC,9,left,ML,8/1/12,1_18,5/6/13,8,1,JJ,14.1,1.94,1_7_1,1_7,CAGGCG,1_76,20,,Amee 84,,2,6,C36T3ACXX,77395820,76102093,28827,151459,0.983284278,0.93733144,0.47721556,0.061581787,0.45242476,0.000198383
CMC_MSSM_247,MSSM_RNA_PFC_3,CMC,DLPFC,9,left,ML,8/1/12,1_15,4/30/13,6.7,1.3,JJ,18.2,2.02,1_18_3,1_18,TCGGCA,1_41,11,,Amee 65,,6,7,C2D3KACXX,68419692,66663581,29253,153502,0.974333252,0.9390329,0.35744616,0.059533525,0.5666593,0.000364106
CMC_MSSM_358,MSSM_RNA_PFC_4,CMC,DLPFC,9,left,ML,8/1/12,1_27,5/17/13,8.5,1.3,JJ,13.1,1.86,1_20_1,1_20,CGGAAT,1_48,12,,Sid 24,,1,8,C2FCDACXX,105814270,103772500,29824,153688,0.980704209,0.9470051,0.41395903,0.051979825,0.5227605,0.000211021
CMC_MSSM_369,MSSM_RNA_PFC_5,CMC,DLPFC,9,left,ML,8/1/12,1_35,5/29/13,8.5,1.5,JJ,16.1,2.13,1_8/28/13,1_8/28/13,AGTTCC,1_76,20,,Amee 84,,2,6,C36T3ACXX,83426216,81350708,28934,152682,0.975121633,0.94679177,0.3920563,0.052170932,0.5409345,0.000205343
CMC_MSSM_380,MSSM_RNA_PFC_6,CMC,DLPFC,9,left,ML,8/1/12,1_37,5/30/13,8,1.3,JJ,18.9,1.94,1_15_3,1_15,GGTAGC,1_36,9,,Sid 22,,2,4,D2EM2ACXX,61276466,59793366,27743,148686,0.975796581,0.9477292,0.3887687,0.05121215,0.5454318,0.000240451
CMC_MSSM_391,MSSM_RNA_PFC_7,CMC,DLPFC,9,left,ML,8/1/12,1_14,4/29/13,8.3,1.6,JJ,15.8,2.05,1_7_1,1_7,CAACTA,1_15,4,,Corey 111,,1,6,C27VNACXX,119647422,116686797,31188,157056,0.975255422,0.9324311,0.42601988,0.06657824,0.49388027,0.000238442
CMC_MSSM_402,MSSM_RNA_PFC_8,CMC,DLPFC,9,left,ML,8/1/12,1_35,5/29/13,7.9,1.1,JJ,11.6,2.12,1_13_2,1_13,CCGTCC,1_31,8,,Sid 21,,4,8,C2DUPACXX,72880812,71425783,28815,152142,0.9800355,0.91939205,0.4236917,0.079584874,0.48580393,0.00027571
CMC_MSSM_413,MSSM_RNA_PFC_9,CMC,DLPFC,9,left,ML,8/1/12,1_10,4/23/13,8.7,1.4,JJ,18.6,2,1_20_1,1_20,CATGGC,1_47,12,,Sid 24,,3,7,C2FCDACXX,92350042,90801847,30364,156108,0.983235579,0.9508145,0.3408817,0.04779332,0.59970766,0.000267277
CMC_MSSM_026,MSSM_RNA_PFC_10,CMC,DLPFC,9,left,ML,8/1/12,1_13,4/29/13,8.8,2.7,JJ,16.2,1.88,1_6_1,1_6,TGACCA,1_13,4,,Corey 111,,4,5,C27VNACXX,79038866,77199735,29058,153568,0.976731308,0.95123404,0.2949439,0.04747318,0.6410191,0.000274182
CMC_MSSM_037,MSSM_RNA_PFC_11,CMC,DLPFC,9,left,ML,8/1/12,1_9,4/22/13,8.2,1.5,JJ,19.5,2.02,1_5_1,1_5,GATCAG,1_10,3,,Hal 54,,7,8,C1W33ACXX,71883104,70583434,28240,151000,0.981919673,0.9503946,0.2957842,0.048468627,0.6427748,0.000268352
CMC_MSSM_081,MSSM_RNA_PFC_15,CMC,DLPFC,9,left,ML,8/1/12,1_16,5/1/13,8.4,1.6,JJ,7.8,2.49,1_9_1,1_9,CGGAAT,1_20,5,,Corey 114,,4,6,D2FB8ACXX,62127090,60883602,26717,144980,0.97998477,0.94395894,0.40513143,0.055209335,0.5280428,0.000174513
CMC_MSSM_092,MSSM_RNA_PFC_16,CMC,DLPFC,9,left,ML,8/1/12,1_40,6/6/13,7.2,1,JJ,7.8,1.88,1_20_2,1_20,GACGAC,1_46,12,,Sid 24,,2,5,C2FCDACXX,106036594,104365530,31880,158457,0.984240686,0.9338708,0.50163156,0.065244764,0.4254274,0.00017444
CMC_MSSM_137,MSSM_RNA_PFC_20,CMC,DLPFC,9,left,ML,8/1/12,1_12,4/26/13,7.2,0.8,JJ,12.6,2.23,1_2_1,1_2,TGACCA,1_4,1,,Sid 14,,7,8,D29BUACXX,71954356,70829197,29622,152623,0.984362879,0.9236224,0.57515335,0.07526097,0.34302005,0.000602757
CMC_MSSM_159,MSSM_RNA_PFC_22,CMC,DLPFC,9,left,ML,8/1/12,1_29,5/20/13,7.7,1,JJ,12.1,2.2,1_11_2,1_11,CTTGTA,1_26,7,,Hal 61,,2,8,C27Y9ACXX,67959502,66487385,27876,148413,0.97833832,0.9401447,0.4554159,0.05900757,0.47422874,0.000175928
CMC_MSSM_203,MSSM_RNA_PFC_26,CMC,DLPFC,9,left,ML,8/1/12,1_49,8/23/13,7.5,1.1,SR,11.4,1.82,1_21_1,1_21,GGCTAC,1_50,13,,Sid 32,,6,7,C2FPAACXX,103729272,101975916,30933,156563,0.983096806,0.9334942,0.3953908,0.065366134,0.52900773,0.000255993
CMC_MSSM_225,MSSM_RNA_PFC_28,CMC,DLPFC,9,left,ML,8/1/12,1_17,5/2/13,8.3,1.4,JJ,18.4,1.93,1_8/28/13,1_8/28/13,ACTGAT,1_74,19,,Hal 90,,5,8,C3GNMACXX,58809350,57296899,26803,146464,0.974282134,0.9425754,0.40585002,0.056547947,0.5229219,0.000197061
CMC_MSSM_236,MSSM_RNA_PFC_29,CMC,DLPFC,9,left,ML,8/1/12,1_13,4/29/13,8.1,1,JJ,18.3,1.91,1_16_1,1_16,CCAACA,1_37,10,,Zoe 100,,4,5,C2CBAACXX,73517876,72308916,29648,153960,0.983555564,0.9346653,0.41667366,0.06420827,0.5094736,0.000221266
CMC_MSSM_259,MSSM_RNA_PFC_31,CMC,DLPFC,9,left,ML,8/1/12,1_22,5/10/13,7.7,1,JJ,14.8,2,1_8_2,1_8,GTAGAG,1_18,5,,Corey 114,,1,8,D2FB8ACXX,67631614,66306236,28412,149861,0.980402981,0.9399549,0.46640885,0.05903983,0.46426588,0.000193829
CMC_MSSM_270,MSSM_RNA_PFC_32,CMC,DLPFC,9,left,ML,8/1/12,1_39,6/5/13,7.6,1.2,JJ,11.9,2.02,1_7_3,1_7,CGATGT,1_17,5,,Corey 114,,2,3,D2FB8ACXX,77944372,76415415,29131,152369,0.980383997,0.94103223,0.4499058,0.05802477,0.48149243,0.000202234
CMC_MSSM_281,MSSM_RNA_PFC_33,CMC,DLPFC,9,left,ML,8/1/12,1_29,5/20/13,6.9,1,JJ,20.3,1.97,1_12_1,1_12,CACGAT,1_28,7,,Hal 61,,1,4,C27Y9ACXX,55653270,54599080,28045,149277,0.981057897,0.9355557,0.53279704,0.063734464,0.39512953,0.000151348
CMC_MSSM_292,MSSM_RNA_PFC_34,CMC,DLPFC,9,left,ML,8/1/12,1_6,4/18/13,7.6,0.6,JJ,18.3,1.91,1_4_1,1_4,CAAAAG,1_8,2,,Hal 54,,1,2,C1W33ACXX,77209498,75712583,29263,152535,0.980612295,0.9328703,0.5159714,0.066248946,0.40881625,0.000166301
CMC_MSSM_314,MSSM_RNA_PFC_36,CMC,DLPFC,9,left,ML,8/1/12,1_26,5/16/13,8.4,1.2,JJ,15.1,1.98,1_20_1,1_20,CATTTT,1_47,12,,Sid 24,,3,7,C2FCDACXX,77609618,76249952,28942,152070,0.982480702,0.9014161,0.36249602,0.09745892,0.52947855,0.000352186
CMC_MSSM_325,MSSM_RNA_PFC_37,CMC,DLPFC,9,left,ML,8/1/12,1_54,8/27/13,8,1.3,JJ,6.1,1.68,1_22_3,1_22,TATAAT,1_52,13,,Sid 32,,3,8,C2FPAACXX,120292108,118097343,30322,155961,0.981754705,0.95229524,0.29999888,0.046620674,0.640395,0.000283527
CMC_MSSM_365,MSSM_RNA_PFC_46,CMC,DLPFC,9,left,ML,8/1/12,1_11,4/24/13,7.6,1.3,JJ,12.5,1.99,1_2_3,1_2,AGTCAA,1_5,2,,Hal 54,,5,6,C1W33ACXX,78189224,76855517,29515,153174,0.982942573,0.9277972,0.5128042,0.07149402,0.40791428,0.000153832
CMC_MSSM_376,MSSM_RNA_PFC_56,CMC,DLPFC,9,left,ML,8/1/12,1_15,4/30/13,5.9,0.6,JJ,25.1,1.92,1_7_1,1_7,CACGAT,1_15,4,,Corey 111,,1,6,C27VNACXX,68474090,67021294,28372,148576,0.978783274,0.9211339,0.5175333,0.0780312,0.39503756,0.000288372
CMC_MSSM_383,MSSM_RNA_PFC_62,CMC,DLPFC,9,left,ML,8/1/12,1_43,7/23/13,7.7,1,JJ,10.3,2.03,1_21_3,1_21,ACAGTG,1_49,13,,Sid 32,,4,5,C2FPAACXX,88856552,87326814,30177,154667,0.982784185,0.9385766,0.42914066,0.060448226,0.50066555,0.000220558
CMC_MSSM_384,MSSM_RNA_PFC_63,CMC,DLPFC,9,left,ML,8/1/12,1_24,5/15/13,6,0.5,JJ,11.3,2.07,1_13_1,1_13,CGATGT,1_29,8,,Sid 21,,6,7,C2DUPACXX,90708254,88706746,31109,156524,0.977934665,0.9301515,0.50504804,0.068988375,0.41572338,0.000205086
CMC_MSSM_389,MSSM_RNA_PFC_68,CMC,DLPFC,9,left,ML,8/1/12,1_47,8/1/13,5.5,0.2,JJ,10.1,1.98,1_21_1,1_21,CGATGT,1_49,13,,Sid 32,,4,5,C2FPAACXX,100076036,98259615,31256,155232,0.981849591,0.91672885,0.5232748,0.082363136,0.38631275,0.000217055
CMC_MSSM_393,MSSM_RNA_PFC_71,CMC,DLPFC,9,left,ML,8/1/12,1_35,5/29/13,9,1.5,JJ,17,1.96,1_18_2,1_18,GACGAC,1_42,11,,Amee 65,,2,8,C2D3KACXX,58554890,57202377,27045,147695,0.976901792,0.9496667,0.3790888,0.04942085,0.55739856,0.000210111
CMC_MSSM_401,MSSM_RNA_PFC_79,CMC,DLPFC,9,left,ML,8/1/12,1_9,4/22/13,7.7,1.1,JJ,10.1,1.93,1_3_2,1_3,GTTTCG,1_7,2,,Hal 53,,7,8,C24HUACXX,73172424,72135624,28293,148507,0.985830728,0.93467593,0.5716581,0.064687066,0.35787418,0.000129803
CMC_MSSM_406,MSSM_RNA_PFC_83,CMC,DLPFC,9,left,ML,8/1/12,1_23,5/13/13,7.8,1,JJ,4.5,1.63,1_8_2,1_8,CGTACG,1_19,5,,Corey 114,,5,7,D2FB8ACXX,80576026,78851990,28566,150338,0.978603611,0.8271636,0.4016281,0.1721524,0.41643056,0.000232253
CMC_MSSM_407,MSSM_RNA_PFC_84,CMC,DLPFC,9,left,ML,8/1/12,1_41,6/10/13,7,0.6,JJ,12.3,1.92,1_23_2,1_23,TCCCGA,1_55,14,,Sid 33,,2,5,C2G1PACXX,86722944,85252463,30824,155443,0.983043922,0.9184181,0.5252895,0.080747366,0.38646278,0.000175997
CMC_MSSM_409,MSSM_RNA_PFC_86,CMC,DLPFC,9,left,ML,8/1/12,1_57,8/27/13,7.6,1,SR,3.2,1.83,1_22_2,1_22,GTAGAG,1_53,14,,Sid 33,,1,8,C2G1PACXX,92301070,90928954,30187,154827,0.985134344,0.94742894,0.3520843,0.05140522,0.58649445,0.000284883
CMC_MSSM_410,MSSM_RNA_PFC_87,CMC,DLPFC,9,left,ML,8/1/12,1_36,5/29/13,6.4,0.5,JJ,9.3,2,1_9_3,1_9,ATGTCA,1_22,6,,Hal 60,,6,8,C2DD3ACXX,109107872,107017978,31647,157319,0.980845617,0.92347896,0.5508038,0.07576341,0.36553675,0.00015777
CMC_MSSM_412,MSSM_RNA_PFC_89,CMC,DLPFC,9,left,ML,8/1/12,1_18,5/6/13,6,0.8,JJ,3.5,1.75,1_27_3,1_27,CACGAT,1_64,16,,Hal 73,,2,4,C2GV3ACXX,119466994,116973866,31737,157565,0.97913124,0.92909265,0.48691657,0.07022899,0.43294847,0.000228883
CMC_MSSM_419,MSSM_RNA_PFC_95,CMC,DLPFC,9,left,ML,8/1/12,1_2,4/16/13,7.7,1.3,JJ,10.6,1.71,1_4_3,1_4,TCCCGA,1_10,3,,Hal 54,,7,8,C1W33ACXX,79930434,78774818,30002,153685,0.985542228,0.9301192,0.52759135,0.06911282,0.39670816,0.000152483
CMC_MSSM_029,MSSM_RNA_PFC_102,CMC,DLPFC,9,left,ML,8/1/12,1_30,5/22/13,8.2,1.1,JJ,11.3,2.04,1_10_2,1_10,CACTCA,1_24,6,,Hal 60,,5,7,C2DD3ACXX,70207178,68615161,27917,148423,0.977324014,0.941949,0.46561173,0.05723448,0.4655358,0.000169726
CMC_MSSM_033,MSSM_RNA_PFC_106,CMC,DLPFC,9,left,ML,8/1/12,1_6,4/18/13,7.4,1,JJ,10.4,2.05,1_5_1,1_5,CAGATC,1_10,3,,Hal 54,,7,8,C1W33ACXX,70931990,69617551,28902,149964,0.981469024,0.9357682,0.55711204,0.063591346,0.37163934,0.000133128
CMC_MSSM_035,MSSM_RNA_PFC_108,CMC,DLPFC,9,left,ML,8/1/12,1_37,5/30/13,8.1,1.3,JJ,20.5,1.91,1_19_2,1_19,GTGGCC,1_45,12,,Sid 24,,4,6,C2FCDACXX,83356042,82147969,29035,153859,0.985507073,0.9601332,0.24605064,0.038402714,0.70373344,0.000280891
CMC_MSSM_036,MSSM_RNA_PFC_109,CMC,DLPFC,9,left,ML,8/1/12,1_1,4/15/13,6.9,0.6,JJ,18.6,2,1_3_1,1_3,ATGTCA,1_5,2,,Hal 54,,5,6,C1W33ACXX,80329822,78956478,29233,150914,0.982903684,0.9266333,0.56444883,0.07276312,0.35599247,0.000136923
CMC_MSSM_038,MSSM_RNA_PFC_110,CMC,DLPFC,9,left,ML,8/1/12,1_28,5/20/13,6.9,1.1,JJ,14.9,1.99,1_10/9/13,1_10/9/13,CAGATC,1_74,19,,Hal 90,,5,8,C3GNMACXX,122017012,120269625,32016,159193,0.985679153,0.9390145,0.43735674,0.059918057,0.49447358,0.000201898
CMC_MSSM_039,MSSM_RNA_PFC_111,CMC,DLPFC,9,left,ML,8/1/12,1_32,5/23/13,7.3,1,JJ,14.3,2.07,1_18_2,1_18,TCGAAG,1_44,11,,Amee 65,,1,4,C2D3KACXX,76521000,74898715,29809,153796,0.97879948,0.93417764,0.42548373,0.06465707,0.49790928,0.00024575
CMC_MSSM_040,MSSM_RNA_PFC_112,CMC,DLPFC,9,left,ML,8/1/12,1_36,5/29/13,7.5,1.3,JJ,15.7,1.95,1_12_2,1_12,CTATAC,1_28,7,,Hal 61,,1,4,C27Y9ACXX,78375512,76649742,28233,148684,0.97798075,0.9392215,0.43348262,0.05982847,0.49460292,0.000193823
CMC_MSSM_041,MSSM_RNA_PFC_113,CMC,DLPFC,9,left,ML,8/1/12,1_56,8/30/13,7.5,0.9,JJ,19,2.16,1_23_3,1_23,GGTAGC,1_53,14,,Sid 33,,1,8,C2G1PACXX,92558144,91130500,30196,155322,0.984575706,0.92574286,0.40516,0.073224634,0.5125533,0.000225545
CMC_MSSM_044,MSSM_RNA_PFC_116,CMC,DLPFC,9,left,ML,8/1/12,1_44,7/24/13,6.5,0.5,JJ,10.6,1.83,1_20_3,1_20,CAGATC,1_48,12,,Sid 24,,1,8,C2FCDACXX,65118392,63864130,28834,150453,0.980738744,0.92341095,0.5770464,0.07591476,0.33969316,0.000138072
CMC_MSSM_045,MSSM_RNA_PFC_117,CMC,DLPFC,9,left,ML,8/1/12,1_36,5/29/13,7.9,1.4,JJ,6,2.01,1_7_3,1_7,TCATTC,1_17,5,,Corey 114,,2,3,D2FB8ACXX,53103524,52019596,27298,147887,0.979588398,0.93819046,0.3956183,0.06074511,0.5314974,0.000230343
CMC_MSSM_046,MSSM_RNA_PFC_118,CMC,DLPFC,9,left,ML,8/1/12,1_4,4/17/13,8.4,1.1,JJ,13.6,1.99,1_5_1,1_5,GCCAAT,1_10,3,,Hal 54,,7,8,C1W33ACXX,77443910,75826182,28574,151100,0.979110972,0.94661146,0.41236764,0.052537803,0.523084,0.000189983
CMC_MSSM_047,MSSM_RNA_PFC_119,CMC,DLPFC,9,left,ML,8/1/12,1_52,8/26/13,7.2,1.4,SR,18.7,1.97,1_26_3,1_26,GTCCGC,1_63,16,,Hal 73,,3,6,C2GV3ACXX,87365666,85615079,29717,154634,0.979962529,0.94924676,0.34839442,0.049361303,0.58881277,0.00024774
CMC_MSSM_049,MSSM_RNA_PFC_120,CMC,DLPFC,9,left,ML,8/1/12,1_55,8/27/13,7.5,1.2,JJ,17.3,1.91,1_25_1,1_25,CGTACG,1_59,15,,Hal 74,,3,5,C2GT8ACXX,88339554,86361702,29276,153889,0.977610799,0.9570801,0.29333913,0.041526765,0.64888036,0.000276705
CMC_MSSM_050,MSSM_RNA_PFC_121,CMC,DLPFC,9,left,ML,8/1/12,1_28,5/20/13,6.8,1.4,JJ,23.5,2,1_13_2,1_13,TAGCTT,1_30,8,,Sid 21,,1,5,C2DUPACXX,61812426,60242590,28108,150402,0.974603229,0.92432815,0.40572152,0.07459903,0.50543576,0.000348862
CMC_MSSM_051,MSSM_RNA_PFC_122,CMC,DLPFC,9,left,ML,8/1/12,1_6,4/18/13,7.4,0.3,JJ,20.6,1.92,1_5_1,1_5,ACTTGA,1_10,3,,Hal 54,,7,8,C1W33ACXX,74267578,73036852,29669,152638,0.983428489,0.9278669,0.54301924,0.07143065,0.37847012,0.000137961
CMC_MSSM_052,MSSM_RNA_PFC_123,CMC,DLPFC,9,left,ML,8/1/12,1_34,5/28/13,8.3,1.4,JJ,19.7,2.02,1_15_3,1_15,ACTGAT,1_36,9,,Sid 22,,2,4,D2EM2ACXX,60080498,58719831,27444,150591,0.977352601,0.957683,0.22592488,0.040999368,0.71518576,0.000303926
CMC_MSSM_053,MSSM_RNA_PFC_124,CMC,DLPFC,9,left,ML,8/1/12,1_56,8/30/13,5.9,0.4,JJ,17.5,2.12,1_24_2,1_24,ATGTCA,1_58,15,,Hal 74,,6,7,C2GT8ACXX,102731518,100590184,31322,156227,0.979156017,0.93257767,0.5238713,0.066578284,0.40018725,0.000199423
CMC_MSSM_054,MSSM_RNA_PFC_125,CMC,DLPFC,9,left,ML,8/1/12,1_15,4/30/13,7.4,1.7,JJ,16.2,2.01,1_10_1,1_10,GTGGCC,1_22,6,,Hal 60,,6,8,C2DD3ACXX,114726024,112251789,30988,156722,0.978433533,0.9404532,0.46179304,0.058564384,0.4683371,0.000191282
CMC_MSSM_055,MSSM_RNA_PFC_126,CMC,DLPFC,9,left,ML,8/1/12,1_38,5/31/13,7.5,1.3,JJ,15,2.09,1_13_2,1_13,AGTTCC,1_31,8,,Sid 21,,4,8,C2DUPACXX,55380968,54040348,27142,147685,0.975792767,0.9086076,0.36128324,0.090209246,0.5340752,0.000369856
CMC_MSSM_056,MSSM_RNA_PFC_127,CMC,DLPFC,9,left,ML,8/1/12,1_19,5/7/13,8.7,1.5,JJ,17.6,1.92,1_8_2,1_8,GTCCGC,1_18,5,,Corey 114,,1,8,D2FB8ACXX,64504804,63099279,28039,151440,0.978210538,0.9573298,0.27319688,0.04121971,0.669226,0.000292118
CMC_MSSM_057,MSSM_RNA_PFC_128,CMC,DLPFC,9,left,ML,8/1/12,1_1,4/15/13,8,1.1,JJ,15.9,2.04,1_1_1,1_1,ATCACG,1_1,1,,Hal 53,,1,2,C24HUACXX,72626828,71149186,28663,149752,0.979654323,0.92991734,0.5142512,0.0693886,0.40720916,0.000149986
CMC_MSSM_058,MSSM_RNA_PFC_129,CMC,DLPFC,9,left,ML,8/1/12,1_29,5/20/13,8.3,1.6,JJ,16.5,1.93,1_12_3,1_12,TATAAT,1_29,8,,Sid 21,,6,7,C2DUPACXX,76914090,75307893,28560,151033,0.979116999,0.9442337,0.41102198,0.05475163,0.5220767,0.000209025
CMC_MSSM_060,MSSM_RNA_PFC_130,CMC,DLPFC,9,left,ML,8/1/12,1_20,5/9/13,7,1.6,JJ,16.9,1.87,1_9_2,1_9,TCATTC,1_21,6,,Hal 60,,1,2,C2DD3ACXX,55042810,54028340,26849,145534,0.981569437,0.94579464,0.46518484,0.05350268,0.47175196,0.000144469
CMC_MSSM_061,MSSM_RNA_PFC_131,CMC,DLPFC,9,left,ML,8/1/12,1_30,5/22/13,7.9,1.3,JJ,13.3,2.1,1_7_2,1_7,CGGAAT,1_16,4,,Corey 111,,2,8,C27VNACXX,50432794,49109431,26326,145316,0.973759871,0.84334576,0.3448903,0.15577032,0.48537603,0.000266473
CMC_MSSM_063,MSSM_RNA_PFC_133,CMC,DLPFC,9,left,ML,8/1/12,1_3,4/16/13,5.6,0.4,JJ,10.1,2.12,1_3_1,1_3,CCGTCC,1_5,2,,Hal 54,,5,6,C1W33ACXX,72234688,70938555,29152,151467,0.98205664,0.9248383,0.5297917,0.07460031,0.38795814,0.000155867
CMC_MSSM_064,MSSM_RNA_PFC_134,CMC,DLPFC,9,left,ML,8/1/12,1_46,7/30/13,8.2,1.4,JJ,8.9,2.15,1_24_3,1_24,CAGATC,1_57,15,,Hal 74,,2,8,C2GT8ACXX,90309792,88215380,30367,156088,0.976808584,0.9491013,0.32295156,0.04965956,0.6116284,0.000254646
CMC_MSSM_065,MSSM_RNA_PFC_135,CMC,DLPFC,9,left,ML,8/1/12,1_30,5/22/13,7.5,1,JJ,16.9,2.08,1_6_2,1_6,GTAGAG,1_14,4,,Corey 111,,3,7,C27VNACXX,60499018,59162263,27875,147458,0.977904517,0.9379664,0.4979786,0.06123072,0.4302661,0.000155275
CMC_MSSM_066,MSSM_RNA_PFC_136,CMC,DLPFC,9,left,ML,8/1/12,1_25,5/15/13,8.9,1.8,JJ,12,2.14,1_12_3,1_12,TCATTC,1_29,8,,Sid 21,,6,7,C2DUPACXX,63794428,62266302,27281,147160,0.97604609,0.94170916,0.4096013,0.057306502,0.5193618,0.000206554
CMC_MSSM_067,MSSM_RNA_PFC_137,CMC,DLPFC,9,left,ML,8/1/12,1_14,4/29/13,8.2,1.5,JJ,16.8,2.1,1_22_1,1_22,CACGAT,1_52,13,,Sid 32,,3,8,C2FPAACXX,94605912,93076849,30442,154950,0.983837553,0.9311278,0.46857396,0.067895725,0.45507783,0.000210885
CMC_MSSM_069,MSSM_RNA_PFC_139,CMC,DLPFC,9,left,ML,8/1/12,1_35,5/29/13,5.8,1.2,JJ,8.2,2.05,1_11_1,1_11,CGATGT,1_25,7,,Hal 61,,5,7,C27Y9ACXX,65818020,64186492,29073,152744,0.97521153,0.9414266,0.47237602,0.057745047,0.4574235,0.000189781
CMC_MSSM_071,MSSM_RNA_PFC_140,CMC,DLPFC,9,left,ML,8/1/12,1_38,5/31/13,7,1.1,JJ,11.8,2.13,1_16_1,1_16,CTAGCT,1_38,10,,Zoe 100,,6,7,C2CBAACXX,63947986,62626172,28727,151739,0.979329857,0.9344887,0.4148176,0.06441695,0.5089295,0.000255989
CMC_MSSM_072,MSSM_RNA_PFC_141,CMC,DLPFC,9,left,ML,8/1/12,1_5,4/17/13,8.2,1.4,JJ,15,2.01,1_3_1,1_3,CAACTA,1_6,2,,Hal 53,,5,6,C24HUACXX,77280464,75688037,28068,148217,0.979394184,0.9396341,0.41213247,0.059395514,0.516632,0.000191407
CMC_MSSM_073,MSSM_RNA_PFC_142,CMC,DLPFC,9,left,ML,8/1/12,1_23,5/13/13,8.6,2,JJ,12.9,1.89,1_6_2,1_6,ATGTCA,1_14,4,,Corey 111,,3,7,C27VNACXX,51519546,50446474,27494,148855,0.979171556,0.93982345,0.3464003,0.058944676,0.5810631,0.000261435
CMC_MSSM_074,MSSM_RNA_PFC_143,CMC,DLPFC,9,left,ML,8/1/12,1_7,4/18/13,8.8,1.1,JJ,11.3,1.98,1_1_1,1_1,TGACCA,1_1,1,,Hal 53,,1,2,C24HUACXX,88913422,87210268,29377,152190,0.980844804,0.9393335,0.45096412,0.059839647,0.47901455,0.000170447
CMC_MSSM_075,MSSM_RNA_PFC_144,CMC,DLPFC,9,left,ML,8/1/12,1_6,4/18/13,7.7,1.1,JJ,19.4,1.89,1_5_1,1_5,AGTCAA,1_11,3,,Sid 14,,1,2,D29BUACXX,81101774,79366590,29016,151368,0.978604858,0.93426543,0.43711555,0.064844236,0.48651326,0.000196679
CMC_MSSM_076,MSSM_RNA_PFC_145,CMC,DLPFC,9,left,ML,8/1/12,1_54,8/27/13,7.2,0.7,JJ,13.7,2.06,1_21_1,1_21,GAGTGG,1_51,13,,Sid 32,,1,2,C2FPAACXX,93343346,90911724,29413,151869,0.973949702,0.8487047,0.41912454,0.15038197,0.4183895,0.000462186
CMC_MSSM_077,MSSM_RNA_PFC_146,CMC,DLPFC,9,left,ML,8/1/12,1_11,4/24/13,7.3,0.4,JJ,16.9,1.81,1_3_1,1_3,GTGAAA,1_6,2,,Hal 53,,5,6,C24HUACXX,63555898,62581757,27856,148133,0.984672689,0.93250936,0.526929,0.06677356,0.39936388,0.000147146
CMC_MSSM_078,MSSM_RNA_PFC_147,CMC,DLPFC,9,left,ML,8/1/12,1_7,4/18/13,8.5,0.9,JJ,17.5,2.11,1_2_1,1_2,CGATGT,1_3,1,,Hal 53,,3,4,C24HUACXX,67518260,66369898,27938,148538,0.982991831,0.93586355,0.48811308,0.063174635,0.44013506,0.000181506
CMC_MSSM_079,MSSM_RNA_PFC_148,CMC,DLPFC,9,left,ML,8/1/12,1_6,4/18/13,8.5,1.6,JJ,20.4,1.86,1_2_1,1_2,GTCCGC,1_3,1,,Hal 53,,3,4,C24HUACXX,82103258,80327357,29398,153809,0.978369908,0.9027896,0.35648406,0.09625397,0.53448886,0.000266725
CMC_MSSM_080,MSSM_RNA_PFC_149,CMC,DLPFC,9,left,ML,8/1/12,1_21,5/9/13,6.9,1,JJ,18.5,2,1_15_1,1_15,ATGTCA,1_35,9,,Sid 22,,3,6,D2EM2ACXX,72134532,70546517,29434,152324,0.97798537,0.9322982,0.46264642,0.06679961,0.4593126,0.000211951
CMC_MSSM_083,MSSM_RNA_PFC_151,CMC,DLPFC,9,left,ML,8/1/12,1_26,5/16/13,8.8,1.5,JJ,17.5,1.89,1_13_3,1_13,GGTAGC,1_32,8,,Sid 21,,2,3,C2DUPACXX,71721438,70077709,27875,150577,0.977081762,0.9414772,0.29962102,0.057209644,0.62714595,0.000386732
CMC_MSSM_084,MSSM_RNA_PFC_152,CMC,DLPFC,9,left,ML,8/1/12,1_20,5/9/13,7.5,1.4,JJ,12.2,1.87,1_13_2,1_13,AGTCAA,1_31,8,,Sid 21,,4,8,C2DUPACXX,63623438,62234762,27751,149609,0.978173515,0.93043965,0.34299996,0.068245225,0.5746179,0.000318986
CMC_MSSM_085,MSSM_RNA_PFC_153,CMC,DLPFC,9,left,ML,8/1/12,1_5,4/17/13,8.1,1,JJ,18.2,1.83,1_5_1,1_5,GGCTAC,1_11,3,,Sid 14,,1,2,D29BUACXX,69165886,68070445,27899,148489,0.98416212,0.9374608,0.44001943,0.061633382,0.48956296,0.000187347
CMC_MSSM_086,MSSM_RNA_PFC_154,CMC,DLPFC,9,left,ML,8/1/12,1_20,5/9/13,5.9,0.5,JJ,13.5,1.85,1_16_2,1_16,TCGAAG,1_39,10,,Zoe 100,,1,2,C2CBAACXX,61934722,60198891,29824,154331,0.971973217,0.9257855,0.48942244,0.073353045,0.4241332,0.000224607
CMC_MSSM_087,MSSM_RNA_PFC_155,CMC,DLPFC,9,left,ML,8/1/12,1_2,4/16/13,8.4,1.4,JJ,15.3,1.93,1_1_1,1_1,CGATGT,1_1,1,,Hal 53,,1,2,C24HUACXX,77994512,76426161,28270,151693,0.979891521,0.9566205,0.32223955,0.04217625,0.6216245,0.000250992
CMC_MSSM_088,MSSM_RNA_PFC_156,CMC,DLPFC,9,left,ML,8/1/12,1_29,5/20/13,7.3,0.8,JJ,20.7,2,1_15_2,1_15,GTTTCG,1_35,9,,Sid 22,,3,6,D2EM2ACXX,65329466,63664448,29224,151369,0.974513522,0.9236235,0.50149775,0.07554458,0.41136724,0.000201992
CMC_MSSM_089,MSSM_RNA_PFC_157,CMC,DLPFC,9,left,ML,8/1/12,1_32,5/23/13,7.8,0.9,JJ,16.5,2.05,1_8/28/13,1_8/28/13,AGTCAA,1_72,19,,Hal 90,,3,6,C3GNMACXX,55759626,54537097,27320,147689,0.978075014,0.9171108,0.475742,0.08211222,0.43169186,0.000170805
CMC_MSSM_090,MSSM_RNA_PFC_158,CMC,DLPFC,9,left,ML,8/1/12,1_48,8/26/13,5.7,0.6,JJ,9.9,1.96,1_24_3,1_24,CCGTCC,1_58,15,,Hal 74,,6,7,C2GT8ACXX,82362312,80386017,30447,154257,0.976004863,0.9195829,0.49417442,0.07942725,0.41520077,0.000216058
CMC_MSSM_093,MSSM_RNA_PFC_160,CMC,DLPFC,9,left,ML,8/1/12,1_18,5/6/13,7.5,0.8,JJ,21.5,1.96,1_26_1,1_26,GCCAAT,1_62,16,,Hal 73,,5,8,C2GV3ACXX,99313092,96831132,30089,153501,0.975008733,0.9386195,0.4915482,0.060474258,0.43589848,0.000190056
CMC_MSSM_094,MSSM_RNA_PFC_161,CMC,DLPFC,9,left,ML,8/1/12,1_4,4/17/13,8.8,1.1,JJ,17.8,2.05,1_2_1,1_2,GTAGAG,1_3,1,,Hal 53,,3,4,C24HUACXX,116350424,113776792,30640,155135,0.977880338,0.93463016,0.44405794,0.06457166,0.47972095,0.000186196
CMC_MSSM_095,MSSM_RNA_PFC_162,CMC,DLPFC,9,left,ML,8/1/12,1_13,4/29/13,8.5,1.2,JJ,20.8,1.88,1_8/28/13,1_8/28/13,GTCCGC,1_76,20,,Amee 84,,2,6,C36T3ACXX,65016884,63471290,27584,149416,0.976227806,0.9407156,0.3919094,0.05829981,0.53575987,0.000203578
CMC_MSSM_096,MSSM_RNA_PFC_163,CMC,DLPFC,9,left,ML,8/1/12,1_12,4/26/13,6.4,0.6,JJ,21.2,2.16,1_2_1,1_2,TTAGGC,1_3,1,,Hal 53,,3,4,C24HUACXX,86031834,84872265,29535,150742,0.986521629,0.9153057,0.60668296,0.084119834,0.30446303,0.000104392
CMC_MSSM_098,MSSM_RNA_PFC_165,CMC,DLPFC,9,left,ML,8/1/12,1_4,4/17/13,8.7,1.8,JJ,15.4,2.05,1_1_1,1_1,TTAGGC,1_1,1,,Hal 53,,1,2,C24HUACXX,84910978,83133486,28134,150823,0.979066405,0.9534447,0.26673767,0.04535176,0.6723318,0.000255091
CMC_MSSM_099,MSSM_RNA_PFC_166,CMC,DLPFC,9,left,ML,8/1/12,1_10,4/23/13,8.7,0.4,JJ,11.9,2.12,1_1_1,1_1,ACAGTG,1_1,1,,Hal 53,,1,2,C24HUACXX,96354110,94379146,29254,152625,0.979503064,0.94964266,0.34679255,0.04921902,0.5904935,0.000229456
CMC_MSSM_100,MSSM_RNA_PFC_167,CMC,DLPFC,9,left,ML,8/1/12,1_54,8/27/13,8,1.3,JJ,10,2.02,1_11/11/13,1_11/11/13,AGTTCC,1_72,19,,Hal 90,,3,6,C3GNMACXX,104584280,102942650,30551,156491,0.984303282,0.9391199,0.27834585,0.05961459,0.65040207,0.000307446
CMC_MSSM_101,MSSM_RNA_PFC_168,CMC,DLPFC,9,left,ML,8/1/12,1_3,4/16/13,6.2,0.3,JJ,15.1,2.11,1_1_1,1_1,GTAGAG,1_1,1,,Hal 53,,1,2,C24HUACXX,66254550,65093598,28847,149625,0.9824774,0.9176453,0.5472422,0.08013708,0.3639126,0.001731232
CMC_MSSM_104,MSSM_RNA_PFC_170,CMC,DLPFC,9,left,ML,8/1/12,1_26,5/16/13,8.7,1.5,JJ,20.3,1.98,1_14_3,1_14,TCGAAG,1_34,9,,Sid 22,,5,8,D2EM2ACXX,68881390,67244195,28191,151483,0.976231679,0.9464659,0.30674866,0.05225211,0.62451226,0.000311056
CMC_MSSM_105,MSSM_RNA_PFC_171,CMC,DLPFC,9,left,ML,8/1/12,1_22,5/10/13,6.6,0.6,JJ,18.3,2.01,1_6_2,1_6,AGTCAA,1_14,4,,Corey 111,,3,7,C27VNACXX,77819922,75936350,29096,150441,0.975795761,0.91565263,0.5446352,0.08372443,0.3620373,0.00020248
CMC_MSSM_106,MSSM_RNA_PFC_172,CMC,DLPFC,9,left,ML,8/1/12,1_21,5/9/13,7.6,1.2,JJ,14.1,2.11,1_6_2,1_6,CTTGTA,1_13,4,,Corey 111,,4,5,C27VNACXX,94298104,92384633,30201,154263,0.979708277,0.9342657,0.47563118,0.06488506,0.449328,0.000164956
CMC_MSSM_107,MSSM_RNA_PFC_173,CMC,DLPFC,9,left,ML,8/1/12,1_3,4/16/13,7.4,0.5,JJ,16,2.01,1_5_1,1_5,TAGCTT,1_11,3,,Sid 14,,1,2,D29BUACXX,70858686,69614026,29542,152323,0.982434616,0.9178796,0.52408415,0.08145714,0.38687822,0.000180317
CMC_MSSM_108,MSSM_RNA_PFC_174,CMC,DLPFC,9,left,ML,8/1/12,1_34,5/28/13,6.7,0.7,JJ,14.6,1.97,1_19_2,1_19,GTGAAA,1_45,12,,Sid 24,,4,6,C2FCDACXX,82921066,81254403,30836,156297,0.979900608,0.9263655,0.48763922,0.0727908,0.42990813,0.000181245
CMC_MSSM_109,MSSM_RNA_PFC_175,CMC,DLPFC,9,left,ML,8/1/12,1_50,8/26/13,7.6,1.1,SR,18.5,2,1_25_3,1_25,CAACTA,1_59,15,,Hal 74,,3,5,C2GT8ACXX,92955794,91049680,29811,153808,0.979494404,0.94612056,0.39137417,0.05267734,0.543371,0.000218577
CMC_MSSM_110,MSSM_RNA_PFC_176,CMC,DLPFC,9,left,ML,8/1/12,1_7,4/18/13,6.8,0.3,JJ,7.9,2.13,1_3_1,1_3,GTCCGC,1_6,2,,Hal 53,,5,6,C24HUACXX,81107548,79759416,29599,151739,0.983378464,0.92317337,0.5836265,0.07619425,0.3339031,0.00013492
CMC_MSSM_117,MSSM_RNA_PFC_182,CMC,DLPFC,9,left,ML,8/1/12,1_13,4/29/13,7.4,0.5,JJ,16.3,2.03,1_8_1,1_8,GATCAG,1_18,5,,Corey 114,,1,8,D2FB8ACXX,77637824,76098751,29894,153271,0.980176248,0.9316379,0.53873956,0.06769086,0.38510954,0.000139417
CMC_MSSM_120,MSSM_RNA_PFC_185,CMC,DLPFC,9,left,ML,8/1/12,1_55,8/27/13,8.1,1.3,JJ,11.6,1.96,1_25_2,1_25,CCAACA,1_60,15,,Hal 74,,1,4,C2GT8ACXX,89705838,87931719,28741,152286,0.980222926,0.95807284,0.30700776,0.04056427,0.63818896,0.000258233
CMC_MSSM_121,MSSM_RNA_PFC_186,CMC,DLPFC,9,left,ML,8/1/12,1_13,4/29/13,8.9,1.9,JJ,13.5,2.11,1_7_1,1_7,CAAAAG,1_15,4,,Corey 111,,1,6,C27VNACXX,67449068,65768488,28038,151353,0.975083718,0.9573413,0.2712097,0.041358013,0.66903573,0.000286705
CMC_MSSM_122,MSSM_RNA_PFC_187,CMC,DLPFC,9,left,ML,8/1/12,1_33,5/23/13,7.8,1.1,JJ,9.8,2.24,1_20_1,1_20,CCAACA,1_47,12,,Sid 24,,3,7,C2FCDACXX,83076702,81541958,30626,156215,0.98152618,0.93332237,0.43336427,0.06566439,0.4907219,0.000186478
CMC_MSSM_123,MSSM_RNA_PFC_188,CMC,DLPFC,9,left,ML,8/1/12,1_9,4/22/13,8.6,1.7,JJ,15.7,2.03,1_2_1,1_2,GTGAAA,1_3,1,,Hal 53,,3,4,C24HUACXX,89869336,88115637,28883,151122,0.980486125,0.939335,0.41644984,0.059662566,0.5126816,0.000207323
CMC_MSSM_124,MSSM_RNA_PFC_189,CMC,DLPFC,9,left,ML,8/1/12,1_54,8/27/13,6.2,0.4,JJ,11.3,1.87,1_24_1,1_24,TTAGGC,1_57,15,,Hal 74,,2,8,C2GT8ACXX,105742702,103755775,30894,155529,0.981209795,0.9369033,0.5464056,0.06232774,0.38316017,0.000146932
CMC_MSSM_128,MSSM_RNA_PFC_192,CMC,DLPFC,9,left,ML,8/1/12,1_15,4/30/13,7.5,1.9,JJ,17.3,1.9,1_9_1,1_9,CATGGC,1_20,5,,Corey 114,,4,6,D2FB8ACXX,78104752,76304207,28981,152412,0.976947049,0.95814365,0.305808,0.04065828,0.6372974,0.000221459
CMC_MSSM_130,MSSM_RNA_PFC_194,CMC,DLPFC,9,left,ML,8/1/12,1_46,7/30/13,8.7,1.4,JJ,19,2.07,1_28_2,1_28,TATAAT,1_68,18,,Sid 42,,3,8,C3H50ACXX,100083098,97637411,29121,153650,0.975563436,0.9640047,0.23010612,0.03475931,0.71596456,0.000290209
CMC_MSSM_131,MSSM_RNA_PFC_195,CMC,DLPFC,9,left,ML,8/1/12,1_40,6/6/13,7.6,0.12,JJ,11.4,1.84,1_20_3,1_20,ACAGTG,1_48,12,,Sid 24,,1,8,C2FCDACXX,67978490,66855742,28039,149169,0.983483776,0.93891484,0.46884862,0.06006027,0.46230248,0.000193341
CMC_MSSM_138,MSSM_RNA_PFC_200,CMC,DLPFC,9,left,ML,8/1/12,1_31,5/22/13,7.3,0.7,JJ,18.6,2.03,1_16_1,1_16,CAGGCG,1_37,10,,Zoe 100,,4,5,C2CBAACXX,76433120,75083000,29012,151038,0.98233593,0.93580395,0.512749,0.06308097,0.41558206,0.000185391
CMC_MSSM_140,MSSM_RNA_PFC_202,CMC,DLPFC,9,left,ML,8/1/12,1_25,5/15/13,8.3,1.2,JJ,10.4,2.21,1_10/9/13,1_10/9/13,ACTTGA,1_77,20,,Amee 84,,1,4,C36T3ACXX,125855066,124103240,31503,158706,0.986080608,0.94805366,0.34344822,0.050577004,0.59618974,0.0002514
CMC_MSSM_146,MSSM_RNA_PFC_208,CMC,DLPFC,9,left,ML,8/1/12,1_32,5/23/13,6.4,0.8,JJ,15.4,1.94,1_15_1,1_15,TAGCTT,1_34,9,,Sid 22,,5,8,D2EM2ACXX,70285542,68727572,29439,152167,0.977833706,0.9273846,0.50843465,0.07180228,0.40966335,0.000185287
CMC_MSSM_147,MSSM_RNA_PFC_209,CMC,DLPFC,9,left,ML,8/1/12,1_22,5/10/13,6.3,0.6,JJ,13.1,1.95,1_19_2,1_19,GTAGAG,1_45,12,,Sid 24,,4,6,C2FCDACXX,89447860,87965227,31531,157609,0.983424612,0.9303078,0.5108365,0.06890771,0.41251847,0.000154682
CMC_MSSM_149,MSSM_RNA_PFC_210,CMC,DLPFC,9,left,ML,8/1/12,1_26,5/16/13,7.1,0.6,JJ,8.7,2.1,1_17_1,1_17,ACTTGA,1_39,10,,Zoe 100,,1,2,C2CBAACXX,65296954,63645921,28990,151477,0.974715007,0.881529,0.50222576,0.11770508,0.36971256,0.000319601
CMC_MSSM_150,MSSM_RNA_PFC_211,CMC,DLPFC,9,left,ML,8/1/12,1_39,6/5/13,6.4,0.7,JJ,12.3,1.99,1_7_3,1_7,ATCACG,1_17,5,,Corey 114,,2,3,D2FB8ACXX,70896662,69385741,29755,153402,0.978688404,0.9203007,0.5066069,0.078898616,0.40487733,0.000167808
CMC_MSSM_151,MSSM_RNA_PFC_212,CMC,DLPFC,9,left,ML,8/1/12,1_39,6/5/13,7.3,0.7,JJ,7.8,1.99,1_6_3,1_6,CGTACG,1_14,4,,Corey 111,,3,7,C27VNACXX,61078118,59412686,27838,148009,0.972732755,0.83065325,0.4923316,0.16876993,0.3290966,0.000308785
CMC_MSSM_160,MSSM_RNA_PFC_220,CMC,DLPFC,9,left,ML,8/1/12,1_28,5/20/13,5.9,0.6,JJ,18.1,1.93,1_17_1,1_17,GATCAG,1_40,10,,Zoe 100,,3,8,C2CBAACXX,53797540,52710134,28227,149543,0.979787068,0.9278317,0.51860625,0.07142311,0.4009538,0.000181663
CMC_MSSM_172,MSSM_RNA_PFC_231,CMC,DLPFC,9,left,ML,8/1/12,1_22,5/10/13,8.3,1.2,JJ,10.6,2.03,1_11_2,1_11,CCGTCC,1_26,7,,Hal 61,,2,8,C27Y9ACXX,69712524,68147882,28080,150463,0.977555798,0.9542471,0.32427076,0.044568416,0.6158371,0.000255392
CMC_MSSM_173,MSSM_RNA_PFC_232,CMC,DLPFC,9,left,ML,8/1/12,1_60,8/27/13,7.4,1.2,JJ,10.5,2.35,1_22_2,1_22,GTGGCC,1_53,14,,Sid 33,,1,8,C2G1PACXX,53111324,52194023,26624,146537,0.982728711,0.95222664,0.28632405,0.046450414,0.6544016,0.000330909
CMC_MSSM_174,MSSM_RNA_PFC_233,CMC,DLPFC,9,left,ML,8/1/12,1_22,5/10/13,7.6,0.8,JJ,18.2,1.99,1_12_2,1_12,CTCAGA,1_28,7,,Hal 61,,1,4,C27Y9ACXX,73370080,71899453,28204,148979,0.979956039,0.93904954,0.4917486,0.06012755,0.4383353,0.000161878
CMC_MSSM_175,MSSM_RNA_PFC_234,CMC,DLPFC,9,left,ML,8/1/12,1_39,6/5/13,6.8,0.7,JJ,8.3,2.36,1_15_1,1_15,AGTTCC,1_35,9,,Sid 22,,3,6,D2EM2ACXX,58433436,56652626,30661,155305,0.969524127,0.9180317,0.44613013,0.08125649,0.45751998,0.000206628
CMC_MSSM_177,MSSM_RNA_PFC_236,CMC,DLPFC,9,left,ML,8/1/12,1_8,4/19/13,7.6,1.6,JJ,20.4,2,1_1_2,1_1,GATCAG,1_2,1,,Sid 14,,5,6,D29BUACXX,68541806,66817485,28018,149707,0.974842784,0.94480366,0.33603737,0.053739812,0.5934514,0.000283856
CMC_MSSM_178,MSSM_RNA_PFC_237,CMC,DLPFC,9,left,ML,8/1/12,1_31,5/22/13,7.9,1.5,JJ,18.2,1.95,1_15_2,1_15,GAGTGG,1_36,9,,Sid 22,,2,4,D2EM2ACXX,64427886,62785366,27960,149694,0.97450607,0.9508255,0.3412183,0.047988474,0.59406596,0.000268874
CMC_MSSM_179,MSSM_RNA_PFC_238,CMC,DLPFC,9,left,ML,8/1/12,1_45,7/24/13,6.5,0.7,JJ,20.7,2.08,1_16_3,1_16,ACAGTG,1_38,10,,Zoe 100,,6,7,C2CBAACXX,75597160,73823943,29103,151416,0.976543868,0.9285693,0.51514447,0.07055822,0.40372744,0.000165086
CMC_MSSM_182,MSSM_RNA_PFC_240,CMC,DLPFC,9,left,ML,8/1/12,1_42,7/22/13,8.1,1.5,JJ,16.9,1.83,1_17_3,1_17,GGTAGC,1_39,10,,Zoe 100,,1,2,C2CBAACXX,60341830,58398066,27740,149670,0.967787454,0.95186716,0.31727046,0.0467815,0.6141547,0.000295566
CMC_MSSM_183,MSSM_RNA_PFC_241,CMC,DLPFC,9,left,ML,8/1/12,1_37,5/30/13,7.3,0.6,JJ,24.5,2.01,1_14_2,1_14,CTAGCT,1_33,9,,Sid 22,,1,7,D2EM2ACXX,62035650,60543630,27971,148719,0.975948991,0.9252657,0.49519277,0.073863015,0.41972932,0.000219793
CMC_MSSM_184,MSSM_RNA_PFC_242,CMC,DLPFC,9,left,ML,8/1/12,1_35,5/29/13,7.9,0.9,JJ,22.5,2.02,1_7_2,1_7,TAATCG,1_16,4,,Corey 111,,2,8,C27VNACXX,53951082,52648799,27478,146974,0.975861782,0.92988473,0.48368463,0.06932224,0.43542966,0.000165854
CMC_MSSM_185,MSSM_RNA_PFC_243,CMC,DLPFC,9,left,ML,8/1/12,1_35,5/29/13,6.2,0.8,JJ,15.8,2.06,1_11_1,1_11,TGACCA,1_25,7,,Hal 61,,5,7,C27Y9ACXX,67058208,65427633,29739,153098,0.975684185,0.92485756,0.5117172,0.07437119,0.40309453,0.000173864
CMC_MSSM_186,MSSM_RNA_PFC_244,CMC,DLPFC,9,left,ML,8/1/12,1_1,4/15/13,8.3,1.3,JJ,20.1,1.97,1_2_1,1_2,GTGGCC,1_4,1,,Sid 14,,7,8,D29BUACXX,77414428,75780707,28539,151522,0.978896427,0.9399502,0.35560668,0.058947552,0.57201177,0.000248287
CMC_MSSM_187,MSSM_RNA_PFC_245,CMC,DLPFC,9,left,ML,8/1/12,1_52,8/26/13,7.9,1.5,SR,20.4,2.05,1_24_1,1_24,ATCACG,1_57,15,,Hal 74,,2,8,C2GT8ACXX,83033182,81479173,29427,154161,0.981284482,0.9486792,0.2852111,0.049829297,0.651051,0.000285886
CMC_MSSM_188,MSSM_RNA_PFC_246,CMC,DLPFC,9,left,ML,8/1/12,1_41,6/10/13,9,1.6,JJ,17.3,1.93,1_15_3,1_15,CACCGG,1_36,9,,Sid 22,,2,4,D2EM2ACXX,51930510,50525067,26735,147585,0.972936083,0.95616037,0.2785821,0.04265239,0.6592403,0.000301075
CMC_MSSM_190,MSSM_RNA_PFC_248,CMC,DLPFC,9,left,ML,8/1/12,1_54,8/27/13,7.2,1.3,JJ,15,1.92,1_23_2,1_23,ATCACG,1_55,14,,Sid 33,,2,5,C2G1PACXX,81363466,79927705,29862,153556,0.982353738,0.94108903,0.3904582,0.057727206,0.54091436,0.000262747
CMC_MSSM_214,MSSM_RNA_PFC_260,CMC,DLPFC,9,left,ML,8/1/12,1_1,4/15/13,6.8,0.4,JJ,15.5,2.01,1_2_2,1_2,ACAGTG,1_4,1,,Sid 14,,7,8,D29BUACXX,91292606,90143501,28390,144859,0.987412946,0.91955227,0.6203292,0.0797621,0.29545674,0.000123351
CMC_MSSM_206,MSSM_RNA_PFC_262,CMC,DLPFC,9,left,ML,8/1/12,1_53,8/26/13,5.9,0.5,JJ,15.8,2.09,1_22_1,1_22,CACTCA,1_52,13,,Sid 32,,3,8,C2FPAACXX,87162360,85713414,30715,155151,0.983376471,0.9302807,0.51611984,0.06886495,0.40727603,0.000206878
CMC_MSSM_208,MSSM_RNA_PFC_264,CMC,DLPFC,9,left,ML,8/1/12,1_34,5/28/13,7.3,0.9,JJ,10.6,2.15,1_18_2,1_18,TCATTC,1_43,11,,Amee 65,,3,5,C2D3KACXX,101095166,99120602,30602,154986,0.980468265,0.92699504,0.5455692,0.07232876,0.37397593,0.000153974
CMC_MSSM_215,MSSM_RNA_PFC_270,CMC,DLPFC,9,left,ML,8/1/12,1_41,6/10/13,6.1,0.5,JJ,4.4,1.94,1_10/15/13,1_10/15/13,CTTGTA,1_77,20,,Amee 84,,1,4,C36T3ACXX,131209090,128915129,33198,161241,0.982516752,0.9162406,0.55137146,0.083065234,0.35849005,0.000165766
CMC_MSSM_217,MSSM_RNA_PFC_272,CMC,DLPFC,9,left,ML,8/1/12,1_30,5/22/13,6.7,0.6,JJ,12.7,2.08,1_14_1,1_14,CACTCA,1_32,8,,Sid 21,,2,3,C2DUPACXX,65797876,64324863,29469,153265,0.977613062,0.9165048,0.47901285,0.082542405,0.4276979,0.000267501
CMC_MSSM_219,MSSM_RNA_PFC_274,CMC,DLPFC,9,left,ML,8/1/12,1_25,5/15/13,9,0.9,JJ,6.1,2.04,1_12_3,1_12,TCGGCA,1_29,8,,Sid 21,,6,7,C2DUPACXX,78213582,76759221,29765,153449,0.981405263,0.9338551,0.51018745,0.065293014,0.4157896,0.000171824
CMC_MSSM_221,MSSM_RNA_PFC_276,CMC,DLPFC,9,left,ML,8/1/12,1_55,8/27/13,6.7,0.6,JJ,4.5,1.85,1_22_3,1_22,TCATTC,1_52,13,,Sid 32,,3,8,C2FPAACXX,74220720,73008856,29168,150723,0.983672161,0.93680304,0.5436149,0.0625384,0.38676822,0.000201453
CMC_MSSM_223,MSSM_RNA_PFC_278,CMC,DLPFC,9,left,ML,8/1/12,1_26,5/16/13,6.2,0.8,JJ,26.8,1.97,1_19_2,1_19,GTCCGC,1_45,12,,Sid 24,,4,6,C2FCDACXX,88605364,86718386,31278,156631,0.978703569,0.9292935,0.49818245,0.06977533,0.42192996,0.000176287
CMC_MSSM_226,MSSM_RNA_PFC_280,CMC,DLPFC,9,left,ML,8/1/12,1_37,5/30/13,8.4,1.3,JJ,11.9,2,1_24_2,1_24,AGTTCC,1_58,15,,Hal 74,,6,7,C2GT8ACXX,78144904,75707917,27309,148757,0.968814512,0.83759576,0.29347372,0.16156603,0.5271534,0.000373524
CMC_MSSM_227,MSSM_RNA_PFC_281,CMC,DLPFC,9,left,ML,8/1/12,1_30,5/22/13,7.6,1.4,JJ,20.2,1.99,1_24_2,1_24,AGTCAA,1_58,15,,Hal 74,,6,7,C2GT8ACXX,68063910,66356694,28041,149452,0.974917456,0.9454688,0.36800486,0.053450957,0.5629797,0.000227992
CMC_MSSM_230,MSSM_RNA_PFC_284,CMC,DLPFC,9,left,ML,8/1/12,1_8,4/19/13,7.7,1.5,JJ,18.3,1.94,1_2_2,1_2,GTTTCG,1_4,1,,Sid 14,,7,8,D29BUACXX,97389806,95090497,30337,155584,0.97639066,0.9300189,0.39203182,0.06901792,0.52528554,0.000236092
CMC_MSSM_232,MSSM_RNA_PFC_286,CMC,DLPFC,9,left,ML,8/1/12,1_1,4/15/13,7.7,1.7,JJ,14.8,2.06,1_3_1,1_3,ATTCCT,1_6,2,,Hal 53,,5,6,C24HUACXX,56025632,54618984,27395,148062,0.974892778,0.94238865,0.35611275,0.05650539,0.57155615,0.000228324
CMC_MSSM_233,MSSM_RNA_PFC_287,CMC,DLPFC,9,left,ML,8/1/12,1_41,6/10/13,8.3,1.6,JJ,11.4,1.96,1_11_3,1_11,GTCCGC,1_26,7,,Hal 61,,2,8,C27Y9ACXX,68325768,66812224,28033,150162,0.977848123,0.95201963,0.3213701,0.046731193,0.61667943,0.000266151
CMC_MSSM_234,MSSM_RNA_PFC_288,CMC,DLPFC,9,left,ML,8/1/12,1_46,7/30/13,8.2,1,JJ,15.8,2.01,1_27_1,1_27,GTGGCC,1_63,16,,Hal 73,,3,6,C2GV3ACXX,95013004,92871102,30603,155256,0.977456749,0.9285932,0.49775198,0.07052573,0.4211287,0.000171324
CMC_MSSM_235,MSSM_RNA_PFC_289,CMC,DLPFC,9,left,ML,8/1/12,1_39,6/5/13,6.6,1,JJ,13.2,2.13,1_17_2,1_17,CGTACG,1_41,11,,Amee 65,,6,7,C2D3KACXX,77127258,75800720,29511,150862,0.982800659,0.9182627,0.56027246,0.08099572,0.35183302,0.000170886
CMC_MSSM_237,MSSM_RNA_PFC_290,CMC,DLPFC,9,left,ML,8/1/12,1_32,5/23/13,6.7,1.2,JJ,10.2,1.8,1_13_1,1_13,ACTTGA,1_30,8,,Sid 21,,1,5,C2DUPACXX,69641106,68127061,28383,149403,0.97825932,0.93850124,0.45573863,0.06054381,0.472267,0.00019579
CMC_MSSM_238,MSSM_RNA_PFC_291,CMC,DLPFC,9,left,ML,8/1/12,1_26,5/16/13,6.6,0.7,JJ,10.2,1.98,1_14_1,1_14,CACGAT,1_32,8,,Sid 21,,2,3,C2DUPACXX,76963178,75475741,29884,153049,0.980673394,0.9156663,0.5748853,0.08361698,0.3341949,0.000224068
CMC_MSSM_242,MSSM_RNA_PFC_295,CMC,DLPFC,9,left,ML,8/1/12,1_3,4/16/13,8.7,1.3,JJ,18.1,1.97,1_1_2,1_1,ACTTGA,1_2,1,,Sid 14,,5,6,D29BUACXX,109532752,107520808,30193,154697,0.981631576,0.94804543,0.37162414,0.050829798,0.56583333,0.00021305
CMC_MSSM_243,MSSM_RNA_PFC_296,CMC,DLPFC,9,left,ML,8/1/12,1_6,4/18/13,8,1,JJ,16.9,2.02,1_1_2,1_1,CGTACG,1_2,1,,Sid 14,,5,6,D29BUACXX,95357748,94065902,30025,154661,0.986452637,0.9419623,0.4575268,0.057242103,0.47787273,0.000181705
CMC_MSSM_244,MSSM_RNA_PFC_297,CMC,DLPFC,9,left,ML,8/1/12,1_27,5/17/13,8.4,1.4,JJ,11.4,2.04,1_11_3,1_11,GTTTCG,1_27,7,,Hal 61,,3,6,C27Y9ACXX,67313552,66082581,27883,149656,0.98171288,0.9514366,0.36929303,0.04746623,0.57149786,0.000224026
CMC_MSSM_245,MSSM_RNA_PFC_298,CMC,DLPFC,9,left,ML,8/1/12,1_15,4/30/13,7.4,1.3,JJ,14.6,2.03,1_18_3,1_18,CGATGT,1_42,11,,Amee 65,,2,8,C2D3KACXX,61272510,60222911,28287,149353,0.982869985,0.9394183,0.46935785,0.059637286,0.46200836,0.000188421
CMC_MSSM_246,MSSM_RNA_PFC_299,CMC,DLPFC,9,left,ML,8/1/12,1_4,4/17/13,5.9,0.1,JJ,20.2,1.94,1_3_1,1_3,GTAGAG,1_6,2,,Hal 53,,5,6,C24HUACXX,58807556,57673706,29060,151582,0.980719314,0.91744995,0.49458387,0.08188779,0.4147129,0.000162717
CMC_MSSM_249,MSSM_RNA_PFC_300,CMC,DLPFC,9,left,ML,8/1/12,1_54,8/27/13,7.8,1.2,JJ,11.1,1.89,1_11/11/13,1_11/11/13,CTATAC,1_75,19,,Hal 90,,1,2,C3GNMACXX,100132502,98462565,30668,155644,0.983322728,0.9388094,0.42221665,0.060254797,0.5079774,0.000214745
CMC_MSSM_251,MSSM_RNA_PFC_302,CMC,DLPFC,9,left,ML,8/1/12,1_35,5/29/13,8.2,1.5,JJ,15.5,2,1_7_3,1_7,TACAGC,1_17,5,,Corey 114,,2,3,D2FB8ACXX,98275908,96166306,29446,153284,0.978533884,0.8554809,0.37915975,0.14349711,0.4660964,0.000275591
CMC_MSSM_252,MSSM_RNA_PFC_303,CMC,DLPFC,9,left,ML,8/1/12,1_9,4/22/13,6.3,0.5,JJ,19.8,1.92,1_3_2,1_3,CGTACG,1_7,2,,Hal 53,,7,8,C24HUACXX,69664282,68580669,29050,150244,0.984445214,0.9242947,0.5956215,0.075136356,0.3235607,0.00012144
CMC_MSSM_261,MSSM_RNA_PFC_311,CMC,DLPFC,9,left,ML,8/1/12,1_12,4/26/13,7.4,0.6,JJ,11.8,2.1,1_1_2,1_1,GAGTGG,1_2,1,,Sid 14,,5,6,D29BUACXX,71489266,70390012,28910,149579,0.98462351,0.92797303,0.5499172,0.0713779,0.3722427,0.000148022
CMC_MSSM_263,MSSM_RNA_PFC_313,CMC,DLPFC,9,left,ML,8/1/12,1_17,5/2/13,9.2,1.6,JJ,19.9,1.89,1_8_2,1_8,ATGTCA,1_18,5,,Corey 114,,1,8,D2FB8ACXX,62239940,60840045,27483,149915,0.977508092,0.9614039,0.24579507,0.037270207,0.6995134,0.000251735
CMC_MSSM_264,MSSM_RNA_PFC_314,CMC,DLPFC,9,left,ML,8/1/12,1_26,5/16/13,8.6,1.6,JJ,13.9,1.95,1_12_3,1_12,TCCCGA,1_29,8,,Sid 21,,6,7,C2DUPACXX,80964616,79367735,28689,151169,0.980276804,0.94423145,0.42115176,0.05473596,0.5127629,0.00020751
CMC_MSSM_272,MSSM_RNA_PFC_321,CMC,DLPFC,9,left,ML,8/1/12,1_36,5/29/13,8.3,1.6,JJ,17.8,1.92,1_8_3,1_8,CAAAAG,1_19,5,,Corey 114,,5,7,D2FB8ACXX,97270056,95194848,29727,153697,0.9786655,0.94865316,0.3628576,0.05015364,0.5732979,0.000220171
CMC_MSSM_274,MSSM_RNA_PFC_323,CMC,DLPFC,9,left,ML,8/1/12,1_1,4/15/13,6.7,0.8,JJ,21.4,2.08,1_5_2,1_5,AGTTCC,1_11,3,,Sid 14,,1,2,D29BUACXX,73791014,72359795,28902,149727,0.980604427,0.87378776,0.5109927,0.12551026,0.35575837,0.000208305
CMC_MSSM_278,MSSM_RNA_PFC_327,CMC,DLPFC,9,left,ML,8/1/12,1_29,5/20/13,7.2,1.4,JJ,19.5,2,1_11_2,1_11,GATCAG,1_25,7,,Hal 61,,5,7,C27Y9ACXX,86513562,84744021,29627,152461,0.979546086,0.94046116,0.48153296,0.0586515,0.44954136,0.000177718
CMC_MSSM_280,MSSM_RNA_PFC_329,CMC,DLPFC,9,left,ML,8/1/12,1_2,4/16/13,7,0.5,JJ,17.4,1.93,1_3_2,1_3,GTGGCC,1_7,2,,Hal 53,,7,8,C24HUACXX,93071004,91857017,29670,151143,0.986956335,0.9295158,0.6253222,0.06996126,0.30022573,0.000109852
CMC_MSSM_282,MSSM_RNA_PFC_330,CMC,DLPFC,9,left,ML,8/1/12,1_51,8/26/13,6.1,0.5,JJ,16.9,2,1_26_1,1_26,ACTTGA,1_62,16,,Hal 73,,5,8,C2GV3ACXX,116094112,113588075,30989,155398,0.978413746,0.92506933,0.54089624,0.07424782,0.37588024,0.000205954
CMC_PENN_001,PENN_RNA_PFC_1,CMC,DLPFC,9,left,,10/16/12,1_9,4/22/13,6.3,0.5,JJ,6.2,1.83,1_3_3,1_3,ACTGAT,1_7,2,,Hal 53,,7,8,C24HUACXX,80786356,79450582,29469,150973,0.983465352,0.9196257,0.5217688,0.07968535,0.39127854,0.00015135
CMC_PENN_002,PENN_RNA_PFC_2,CMC,DLPFC,9,left,,9/3/12,1_52,8/26/13,7.8,1,SR,6.6,2.01,1_24_1,1_24,CGATGT,1_57,15,,Hal 74,,2,8,C2GT8ACXX,81647550,79831989,29267,153019,0.977763436,0.9511426,0.3237386,0.047730714,0.61345273,0.000230405
CMC_PENN_003,PENN_RNA_PFC_3,CMC,DLPFC,9,left,,10/23/12,1_54,8/27/13,8,1.3,JJ,2.5,2,1_23_2,1_23,TTAGGC,1_55,14,,Sid 33,,2,5,C2G1PACXX,95825462,94094104,29190,151971,0.981932172,0.9445492,0.38755172,0.05450331,0.54693377,0.000277588
CMC_PENN_004,PENN_RNA_PFC_4,CMC,DLPFC,9,left,,9/11/12,1_58,8/30/13,7.2,0.7,JJ,17.5,2.17,1_26_3,1_26,GTGAAA,1_63,16,,Hal 73,,3,6,C2GV3ACXX,87399342,85618675,28927,150857,0.979626082,0.9353248,0.45732847,0.06378809,0.4682576,0.000180917
CMC_PENN_005,PENN_RNA_PFC_5,CMC,DLPFC,9,right,,10/16/12,1_12,4/26/13,7.5,0.6,JJ,7.5,2.57,1_2_3,1_2,AGTTCC,1_5,2,,Hal 54,,5,6,C1W33ACXX,85040708,83290844,29694,152352,0.979423219,0.9227972,0.5415017,0.07663921,0.37344968,0.000146271
CMC_PENN_006,PENN_RNA_PFC_6,CMC,DLPFC,9,left,,10/23/12,1_14,4/29/13,6.8,0.6,JJ,6.8,2.32,1_25_1,1_25,CACGAT,1_60,15,,Hal 74,,1,4,C2GT8ACXX,110057286,107563762,31398,157214,0.977343399,0.93777305,0.46573228,0.061387386,0.46134588,0.000187511
CMC_PENN_007,PENN_RNA_PFC_7,CMC,DLPFC,9,left,,8/21/12,1_20,5/9/13,6.5,0.9,JJ,12.2,1.8,1_17_1,1_17,AGTCAA,1_41,11,,Amee 65,,6,7,C2D3KACXX,109696596,107472790,30557,154417,0.979727666,0.92339253,0.50168014,0.075860515,0.41316336,0.000175475
CMC_PENN_008,PENN_RNA_PFC_8,CMC,DLPFC,9,left,,8/8/12,1_50,8/26/13,7.3,0.9,SR,11.8,2,1_24_1,1_24,ACTTGA,1_56,14,,Sid 33,,4,6,C2G1PACXX,106130990,104433050,30177,155135,0.984001468,0.9312425,0.36680666,0.067836925,0.55540574,0.00031952
CMC_PENN_009,PENN_RNA_PFC_9,CMC,DLPFC,9,left,,9/3/12,1_29,5/20/13,7.8,1.1,JJ,17.4,1.89,1_28_3,1_28,AGTTCC,1_67,17,,Sid 34,,3,4,D2GH8ACXX,101248594,98838306,29069,153228,0.976194356,0.8469591,0.32421017,0.1519606,0.5103046,0.000343787
CMC_PENN_010,PENN_RNA_PFC_10,CMC,DLPFC,9,right,,9/20/12,1_8,4/19/13,8.8,1,JJ,12.9,2,1_3_3,1_3,TACAGC,1_7,2,,Hal 53,,7,8,C24HUACXX,100785498,98582380,29386,153987,0.978140526,0.94987017,0.27570271,0.04884882,0.6594305,0.0003068
CMC_PENN_011,PENN_RNA_PFC_11,CMC,DLPFC,9,left,,10/23/12,1_36,5/29/13,8,1.1,JJ,5.3,2.17,1_20_1,1_20,CTAGCT,1_48,12,,Sid 24,,1,8,C2FCDACXX,80538254,78806986,29117,153840,0.97850378,0.9564806,0.28034788,0.04224962,0.6615984,0.000281593
CMC_PENN_012,PENN_RNA_PFC_12,CMC,DLPFC,9,right,,8/21/12,1_34,5/28/13,8.1,1.1,JJ,9.9,2.07,1_19_1,1_19,GGCTAC,1_45,12,,Sid 24,,4,6,C2FCDACXX,97164450,95615955,30098,154061,0.984063153,0.9424161,0.4308841,0.056526132,0.50337976,0.000192859
CMC_PENN_013,PENN_RNA_PFC_14,CMC,DLPFC,9,left,,9/20/12,1_40,6/6/13,6.5,0.6,JJ,7.5,1.72,1_13_1,1_13,TTAGGC,1_30,8,,Sid 21,,1,5,C2DUPACXX,96083244,93794307,31201,156752,0.976177563,0.93165946,0.45451963,0.06750939,0.46577322,0.000264677
CMC_PENN_014,PENN_RNA_PFC_16,CMC,DLPFC,9,right,,10/5/12,1_7,4/18/13,8,0.9,JJ,6.5,2.09,1_26_3,1_26,GTAGAG,1_63,16,,Hal 73,,3,6,C2GV3ACXX,89065006,87613999,29138,152035,0.98370845,0.93834686,0.43028602,0.060654964,0.49978375,0.000193757
CMC_PENN_015,PENN_RNA_PFC_17,CMC,DLPFC,9,right,,10/5/12,1_26,5/16/13,8.1,1.2,JJ,8.4,1.92,1_13_3,1_13,GTAGAG,1_31,8,,Sid 21,,4,8,C2DUPACXX,75472342,73610518,28306,152239,0.975331042,0.9578746,0.2658877,0.040959336,0.6749164,0.000316858
CMC_PENN_016,PENN_RNA_PFC_18,CMC,DLPFC,9,left,,9/11/12,1_23,5/13/13,8.2,1.7,JJ,0.5,1.3,1_10/9/13,1_10/9/13,TGACCA,1_70,18,,Sid 42,,1,6,C3H50ACXX,82150532,80914908,29940,153928,0.984959026,0.9370697,0.46304107,0.061885033,0.46689877,0.000189968
CMC_PENN_017,PENN_RNA_PFC_19,CMC,DLPFC,9,right,,8/8/12,1_5,4/17/13,7,0,JJ,12.4,1.88,1_5_3,1_5,GGTAGC,1_12,3,,Sid 14,,3,4,D29BUACXX,108244950,106368687,30567,154456,0.982666508,0.9361061,0.48728105,0.063155055,0.44104525,0.00015416
CMC_PENN_018,PENN_RNA_PFC_20,CMC,DLPFC,9,right,,8/13/12,1_29,5/20/13,7.4,0.9,JJ,10.4,1.82,1_14_2,1_14,CTATAC,1_33,9,,Sid 22,,1,7,D2EM2ACXX,61532862,60088452,27215,145857,0.976526202,0.9412857,0.45582533,0.05795761,0.47406486,0.000174265
CMC_PENN_019,PENN_RNA_PFC_21,CMC,DLPFC,9,left,,8/21/12,1_6,4/18/13,6.4,1,JJ,12.4,1.79,1_3_3,1_3,TAATCG,1_7,2,,Hal 53,,7,8,C24HUACXX,70100016,68690576,28590,150003,0.97989387,0.93339044,0.4444551,0.06573588,0.47910482,0.000199615
CMC_PENN_020,PENN_RNA_PFC_22,CMC,DLPFC,9,left,,8/13/12,1_20,5/9/13,7.9,1.3,JJ,6.8,2.08,1_6_1,1_6,GATCAG,1_13,4,,Corey 111,,4,5,C27VNACXX,74638408,72425632,28075,149340,0.970353387,0.9469706,0.36442387,0.05217621,0.56527627,0.000207186
CMC_PENN_021,PENN_RNA_PFC_23,CMC,DLPFC,9,left,,8/8/12,1_12,4/26/13,7.5,0.3,JJ,6.2,2.64,1_4_3,1_4,ACAGTG,1_10,3,,Hal 54,,7,8,C1W33ACXX,84488730,83084973,28698,149730,0.983385275,0.9453404,0.44871953,0.053786524,0.4883697,0.000175893
CMC_PENN_022,PENN_RNA_PFC_24,CMC,DLPFC,9,unknown,,7/24/12,1_33,5/23/13,8.6,1.4,JJ,12.6,2.19,1_14_3,1_14,TCCCGA,1_34,9,,Sid 22,,5,8,D2EM2ACXX,61745420,60134451,27049,148647,0.973909498,0.95004904,0.24043442,0.048477568,0.6911005,0.000374376
CMC_PENN_023,PENN_RNA_PFC_25,CMC,DLPFC,9,right,,10/16/12,1_32,5/23/13,6.8,0.5,JJ,16.7,1.78,1_12_1,1_12,CACCGG,1_27,7,,Hal 61,,3,6,C27Y9ACXX,74416732,73215904,28734,149310,0.983863468,0.92618763,0.5857149,0.073156826,0.3349787,0.000131234
CMC_PENN_024,PENN_RNA_PFC_26,CMC,DLPFC,9,right,,9/12/12,1_45,7/24/13,8.1,1.4,JJ,11.6,2.21,1_17_3,1_17,CACGAT,1_40,10,,Zoe 100,,3,8,C2CBAACXX,138984038,135155311,30380,155646,0.972452038,0.9501607,0.3453831,0.048497442,0.58811724,0.00026798
CMC_PENN_025,PENN_RNA_PFC_27,CMC,DLPFC,9,left,,8/8/12,1_51,8/26/13,6.8,0.4,JJ,7,1.99,1_23_1,1_23,ATTCCT,1_54,14,,Sid 33,,3,7,C2G1PACXX,104800812,103150773,29993,152943,0.984255475,0.93603605,0.47977212,0.06318187,0.44908026,0.00021225
CMC_PENN_026,PENN_RNA_PFC_28,CMC,DLPFC,9,unknown,,7/24/12,1_17,5/2/13,7.1,0.5,JJ,11.7,1.83,1_18_3,1_18,TGACCA,1_43,11,,Amee 65,,3,5,C2D3KACXX,92574702,91216889,30447,154432,0.985332786,0.93290347,0.48547933,0.0662068,0.44086167,0.000174411
CMC_PENN_028,PENN_RNA_PFC_31,CMC,DLPFC,9,right,,10/5/12,1_41,6/10/13,6.5,0.5,JJ,15,1.85,1_17_2,1_17,GAGTGG,1_41,11,,Amee 65,,6,7,C2D3KACXX,87878422,86316300,30018,152064,0.982224055,0.8725041,0.5289067,0.12686552,0.3374896,0.000268348
CMC_PENN_029,PENN_RNA_PFC_32,CMC,DLPFC,9,left,,9/3/12,1_21,5/9/13,8.4,1.2,JJ,9.2,2.01,1_10/9/13,1_10/9/13,GCCAAT,1_68,18,,Sid 42,,3,8,C3H50ACXX,97407498,95764280,30284,156793,0.983130477,0.9498398,0.31870782,0.048929967,0.6204851,0.000250227
CMC_PENN_077,PENN_RNA_PFC_83,CMC,DLPFC,9,left,,1/4/13,1_37,5/30/13,7.5,0.9,JJ,8.4,1.76,1_17_1,1_17,CTTGTA,1_40,10,,Zoe 100,,3,8,C2CBAACXX,62889762,61479406,27857,148659,0.977574156,0.9397905,0.4230554,0.059281215,0.5051469,0.000218589
CMC_PENN_079,PENN_RNA_PFC_85,CMC,DLPFC,9,left,,1/4/13,1_19,5/7/13,7.2,1.1,JJ,16.8,2.07,1_12_1,1_12,CACTCA,1_28,7,,Hal 61,,1,4,C27Y9ACXX,58342432,57053760,26487,143771,0.977911925,0.93681544,0.44918647,0.062333226,0.47685814,0.000185234
CMC_PENN_080,PENN_RNA_PFC_86,CMC,DLPFC,9,left,,10/23/12,1_1,4/15/13,6.9,0.6,JJ,7.8,2.15,1_5_3,1_5,CGTACG,1_12,3,,Sid 14,,3,4,D29BUACXX,81616118,80452134,29573,152201,0.985738307,0.9311172,0.49484047,0.0680453,0.43005466,0.000176166
CMC_PENN_081,PENN_RNA_PFC_87,CMC,DLPFC,9,right,,1/4/13,1_17,5/2/13,8.2,1.3,JJ,17.9,1.94,1_18_1,1_18,CATTTT,1_43,11,,Amee 65,,3,5,C2D3KACXX,89024700,87168207,29035,152890,0.979146316,0.9465744,0.33853862,0.052197985,0.595356,0.000270914
CMC_PENN_084,PENN_RNA_PFC_90,CMC,DLPFC,9,unknown,,7/30/12,1_24,5/15/13,6.7,0.8,JJ,8.8,1.98,1_17_1,1_17,ATGTCA,1_41,11,,Amee 65,,6,7,C2D3KACXX,88482916,86709456,28748,149985,0.979957035,0.88615674,0.48367333,0.113166794,0.39441645,0.000294769
CMC_PENN_085,PENN_RNA_PFC_91,CMC,DLPFC,9,right,,7/26/12,1_18,5/6/13,6.7,0.5,JJ,10.6,1.86,1_10/9/13,1_10/9/13,TTAGGC,1_74,19,,Hal 90,,5,8,C3GNMACXX,78410352,77223062,29840,153298,0.984857994,0.9302079,0.49404827,0.06892244,0.4295554,0.000180882
CMC_PENN_086,PENN_RNA_PFC_92,CMC,DLPFC,9,right,,7/24/12,1_42,7/22/13,8.2,1.3,JJ,18.3,1.97,1_18_1,1_18,CCAACA,1_43,11,,Amee 65,,3,5,C2D3KACXX,82646136,80966534,27937,149445,0.979677187,0.94364774,0.37640584,0.055437952,0.55571395,0.000243798
CMC_PENN_087,PENN_RNA_PFC_94,CMC,DLPFC,9,right,,7/26/12,1_20,5/9/13,7,0.8,JJ,9.8,1.9,1_9_2,1_9,TCCCGA,1_21,6,,Hal 60,,1,2,C2DD3ACXX,63779664,62659071,27261,146630,0.982430246,0.94713664,0.4301624,0.052117433,0.5078911,0.000172531
CMC_PENN_088,PENN_RNA_PFC_95,CMC,DLPFC,9,right,,7/30/12,1_3,4/16/13,8.4,0.9,JJ,19,2.02,1_3_3,1_3,TCCCGA,1_8,2,,Hal 54,,1,2,C1W33ACXX,82282620,80761174,29462,152785,0.98150951,0.9346153,0.36890545,0.06421984,0.55524963,0.000293051
CMC_PITT_099,PITT_RNA_BP_PFC_686,CMC,DLPFC,9,right,KR,4/26/13,1_60,8/27/13,8,1.4,JJ,18.9,2.08,1_25_2,1_25,GTCCGC,1_58,15,,Hal 74,,6,7,C2GT8ACXX,78685236,77023662,28800,151548,0.978883281,0.9434024,0.34676948,0.05534512,0.58403414,0.000235584
CMC_PITT_173,PITT_RNA_BP_PFC_789,CMC,DLPFC,9,right,KR,4/26/13,1_53,8/26/13,8.2,1.3,JJ,21.7,1.98,1_28_2,1_28,GCCAAT,1_74,19,,Hal 90,,5,8,C3GNMACXX,65878156,64685041,27466,149568,0.981889065,0.9590266,0.25788605,0.039368622,0.68844223,0.000301101
CMC_PITT_174,PITT_RNA_BP_PFC_795,CMC,DLPFC,9,right,KR,4/22/13,1_48,8/26/13,7,0.9,JJ,24.6,1.92,1_26_3,1_26,TTAGGC,1_61,16,,Hal 73,,1,7,C2GV3ACXX,76175316,74619273,28422,149469,0.979572871,0.9423695,0.4918042,0.056719944,0.44136158,0.00016701
CMC_PITT_175,PITT_RNA_BP_PFC_838,CMC,DLPFC,9,right,KR,7/15/13,1_43,7/23/13,8.8,1.7,JJ,18.1,2.06,1_17_2,1_17,GTAGAG,1_39,10,,Zoe 100,,1,2,C2CBAACXX,64539014,62785340,27798,151011,0.972827691,0.9557943,0.2633329,0.04279687,0.6736456,0.00029861
CMC_PITT_176,PITT_RNA_BP_PFC_840,CMC,DLPFC,9,right,KR,4/29/13,1_56,8/30/13,8.3,1.4,JJ,21.5,2.14,1_21_2,1_21,CCGTCC,1_50,13,,Sid 32,,6,7,C2FPAACXX,88997866,87527214,28568,153524,0.983475424,0.96538985,0.17520256,0.032983262,0.7771298,0.000319614
CMC_PITT_177,PITT_RNA_BP_PFC_841,CMC,DLPFC,9,right,KR,6/25/13,1_45,7/24/13,8.1,1.5,JJ,17.3,1.89,1_26_2,1_26,CTTGTA,1_62,16,,Hal 73,,5,8,C2GV3ACXX,60276374,58801396,27760,149241,0.975529749,0.95056504,0.3582677,0.04823037,0.5778037,0.000244905
CMC_PITT_129,PITT_RNA_BP_PFC_1031,CMC,DLPFC,9,right,KR,6/25/13,1_43,7/23/13,8.5,1.5,JJ,16.6,1.98,1_20_3,1_20,ATCACG,1_47,12,,Sid 24,,3,7,C2FCDACXX,77612050,76112384,28986,152872,0.980677408,0.9557046,0.32075584,0.042934444,0.62268,0.000264328
CMC_PITT_009,PITT_RNA_BP_PFC_1047,CMC,DLPFC,9,right,KR,4/22/13,1_55,8/27/13,8.2,1.4,JJ,22.7,1.93,1_28_1,1_28,TCGAAG,1_72,19,,Hal 90,,3,6,C3GNMACXX,60074674,58814498,26412,147813,0.979023174,0.9669011,0.17537335,0.031742956,0.77492404,0.000287076
CMC_PITT_133,PITT_RNA_BP_PFC_1081,CMC,DLPFC,9,right,KR,7/9/13,1_49,8/23/13,8.5,1.6,SR,19,1.88,1_23_3,1_23,CACCGG,1_54,14,,Sid 33,,3,7,C2G1PACXX,87647052,85715361,28404,150914,0.977960571,0.9306191,0.29139534,0.06813213,0.6251356,0.000310301
CMC_PITT_010,PITT_RNA_BP_PFC_1086,CMC,DLPFC,9,right,KR,4/23/13,1_47,8/1/13,9.2,1.7,JJ,23.1,1.95,1_22_1,1_22,CAAAAG,1_51,13,,Sid 32,,1,2,C2FPAACXX,59439050,58454958,26406,147135,0.983443679,0.9547928,0.21700487,0.043850478,0.725573,0.000333417
CMC_PITT_012,PITT_RNA_BP_PFC_1092,CMC,DLPFC,9,right,KR,4/29/13,1_49,8/23/13,8.4,1.9,SR,14.7,1.91,1_22_2,1_22,ATGTCA,1_53,14,,Sid 33,,1,8,C2G1PACXX,83695148,82203546,28765,153045,0.982178154,0.96044105,0.23061624,0.038052995,0.7168179,0.000304988
CMC_PITT_137,PITT_RNA_BP_PFC_1153,CMC,DLPFC,9,right,KR,4/26/13,1_53,8/26/13,8.5,1.5,JJ,18,2.08,1_22_3,1_22,CGTACG,1_53,14,,Sid 33,,1,8,C2G1PACXX,74128456,72995299,28649,152301,0.984713603,0.95608395,0.27832147,0.042412076,0.6674019,0.000322076
CMC_PITT_140,PITT_RNA_BP_PFC_1196,CMC,DLPFC,9,right,KR,4/25/13,1_50,8/26/13,8.4,1.6,SR,19.5,1.83,1_27_1,1_27,CTATAC,1_73,19,,Hal 90,,4,7,C3GNMACXX,64540214,63348406,27030,147564,0.98153387,0.95331395,0.3056101,0.045379184,0.63574326,0.000245134
CMC_PITT_028,PITT_RNA_BP_PFC_1247,CMC,DLPFC,9,right,KR,4/29/13,1_58,8/30/13,7.7,1.2,JJ,22.1,2.08,1_28_1,1_28,TGACCA,1_73,19,,Hal 90,,4,7,C3GNMACXX,80941584,79788167,29135,151973,0.985750007,0.94639474,0.4286759,0.05234969,0.5103414,0.000215155
CMC_PITT_033,PITT_RNA_BP_PFC_1282,CMC,DLPFC,9,right,KR,4/22/13,1_44,7/24/13,8.4,1.7,JJ,26.1,1.88,1_18_1,1_18,CAGGCG,1_42,11,,Amee 65,,2,8,C2D3KACXX,62063784,60948689,27386,149027,0.982033081,0.9034471,0.28344616,0.09520545,0.60886145,0.000374921
CMC_PITT_143,PITT_RNA_BP_PFC_1293,CMC,DLPFC,9,right,KR,4/26/13,1_49,8/23/13,8.4,1.4,SR,20.2,1.85,1_27_2,1_27,GAGTGG,1_63,16,,Hal 73,,3,6,C2GV3ACXX,65945652,64685192,27537,150244,0.980886382,0.9578542,0.24615076,0.040581807,0.69810027,0.000291937
CMC_PITT_144,PITT_RNA_BP_PFC_1298,CMC,DLPFC,9,right,KR,4/22/13,1_51,8/26/13,8,1.6,JJ,16.3,2.08,1_24_3,1_24,GATCAG,1_57,15,,Hal 74,,2,8,C2GT8ACXX,83520448,81645026,29307,153065,0.977545355,0.9550752,0.3030608,0.043586537,0.63737357,0.000269994
CMC_PITT_038,PITT_RNA_BP_PFC_1324,CMC,DLPFC,9,right,KR,4/23/13,1_45,7/24/13,9,1.7,JJ,17.5,2.01,1_18_2,1_18,TACAGC,1_42,11,,Amee 65,,2,8,C2D3KACXX,75092872,73480876,28104,152144,0.978533302,0.95838743,0.22017406,0.04007022,0.72236633,0.000328287
CMC_PITT_046,PITT_RNA_BP_PFC_1374,CMC,DLPFC,9,right,KR,4/19/13,1_46,7/30/13,8.7,1.4,JJ,22.7,1.87,1_23_2,1_23,TCGGCA,1_55,14,,Sid 33,,2,5,C2G1PACXX,66891972,65954939,27714,150578,0.985991847,0.95760643,0.2273542,0.04080607,0.7200228,0.000308213
CMC_PITT_048,PITT_RNA_BP_PFC_1391,CMC,DLPFC,9,right,KR,4/25/13,1_57,8/27/13,8.2,1.6,SR,17.8,2.01,1_11/11/13,1_11/11/13,GTGGCC,1_71,18,,Sid 42,,2,4,C3H50ACXX,68394910,67374192,28121,150771,0.985076112,0.95303136,0.28654885,0.045388684,0.656536,0.000371577
CMC_PITT_146,PITT_RNA_BP_PFC_1394,CMC,DLPFC,9,right,KR,6/25/13,1_53,8/26/13,8.6,1.4,JJ,18,2.01,1_11/11/13,1_11/11/13,GTCCGC,1_69,18,,Sid 42,,5,7,C3H50ACXX,54378726,53144600,26849,148028,0.977304985,0.9590298,0.24425264,0.03940675,0.69855523,0.000412735
CMC_PITT_147,PITT_RNA_BP_PFC_1403,CMC,DLPFC,9,right,KR,7/9/13,1_51,8/26/13,8.2,1.4,JJ,21.4,1.98,1_26_1,1_26,TATAAT,1_61,16,,Hal 73,,1,7,C2GV3ACXX,109063898,107004408,30732,156909,0.981116666,0.9549903,0.31666437,0.04365821,0.6262722,0.000253549
CMC_PITT_148,PITT_RNA_BP_PFC_1429,CMC,DLPFC,9,right,KR,7/15/13,1_47,8/1/13,9.2,1.5,JJ,18.3,1.97,1_11/11/13,1_11/11/13,CTAGCT,1_76,20,,Amee 84,,2,6,C36T3ACXX,106717756,105117922,30218,157290,0.985008737,0.96096534,0.17454231,0.037142992,0.7746336,0.000386252
CMC_PITT_149,PITT_RNA_BP_PFC_1444,CMC,DLPFC,9,right,KR,4/23/13,1_53,8/26/13,8.1,1.6,JJ,19.1,2.03,1_23_1,1_23,TATAAT,1_55,14,,Sid 33,,2,5,C2G1PACXX,89611482,88359803,29133,152566,0.986032158,0.92238694,0.33352843,0.076335154,0.58063346,0.000422468
CMC_PITT_153,PITT_RNA_BP_PFC_1482,CMC,DLPFC,9,right,KR,7/11/13,1_46,7/30/13,9.1,1.8,JJ,18.4,1.98,1_11/11/13,1_11/11/13,CCAACA,1_74,19,,Hal 90,,5,8,C3GNMACXX,115692282,114049756,31489,158554,0.985802631,0.9525563,0.29108208,0.045918457,0.65208304,0.000266941
CMC_PITT_155,PITT_RNA_BP_PFC_1489,CMC,DLPFC,9,right,KR,7/11/13,1_43,7/23/13,8.3,2.3,JJ,24.3,2.05,1_21_2,1_21,CTTGTA,1_50,13,,Sid 32,,6,7,C2FPAACXX,74440136,72934806,28756,153125,0.979777979,0.94815636,0.26075277,0.050341778,0.6735029,0.000386069
CMC_PITT_161,PITT_RNA_BP_PFC_1598,CMC,DLPFC,9,right,KR,7/9/13,1_48,8/26/13,8.2,1.3,JJ,23.3,2.01,1_26_2,1_26,TCGAAG,1_61,16,,Hal 73,,1,7,C2GV3ACXX,71159166,69875700,28150,151783,0.981963448,0.9634102,0.23849897,0.03504562,0.71183634,0.00028314
CMC_PITT_163,PITT_RNA_BP_PFC_1605,CMC,DLPFC,9,right,KR,7/11/13,1_59,8/27/13,8.5,2.4,SR,20.1,1.93,1_22_3,1_22,TCGGCA,1_52,13,,Sid 32,,3,8,C2FPAACXX,68533704,67421670,28220,151810,0.983773911,0.9597724,0.23218754,0.038644962,0.715779,0.000316706
CMC_PITT_165,PITT_RNA_BP_PFC_1637,CMC,DLPFC,9,right,KR,7/15/13,1_56,8/30/13,8.4,1.7,JJ,16.9,2,1_21_2,1_21,ATGTCA,1_50,13,,Sid 32,,6,7,C2FPAACXX,92921990,91061859,29246,154555,0.9799818,0.9496156,0.23111622,0.048870485,0.70411634,0.000398872
CMC_PITT_168,PITT_RNA_BP_PFC_1770,CMC,DLPFC,9,right,KR,7/11/13,1_50,8/26/13,8.2,1.4,SR,17.2,1.87,1_11/11/13,1_11/11/13,GACGAC,1_77,20,,Amee 84,,1,4,C36T3ACXX,101923826,99350497,28781,153881,0.974752429,0.8635349,0.19400044,0.13517283,0.6526304,0.000582268
CMC_PITT_169,PITT_RNA_BP_PFC_1783,CMC,DLPFC,9,right,KR,7/15/13,1_51,8/26/13,8.4,1.4,JJ,20.7,2.01,1_11/11/13,1_11/11/13,CCGTCC,1_70,18,,Sid 42,,1,6,C3H50ACXX,74963642,73787767,28166,152122,0.984314063,0.9486198,0.20065135,0.04987259,0.73623586,0.000375756
CMC_PITT_170,PITT_RNA_BP_PFC_1789,CMC,DLPFC,9,right,KR,4/23/13,1_58,8/30/13,8.6,1.6,JJ,24.1,2.08,1_27_3,1_27,CATTTT,1_64,16,,Hal 73,,2,4,C2GV3ACXX,81560964,79620449,28169,151341,0.976207797,0.95539457,0.23844917,0.043317467,0.69988775,0.000345741
CMC_PITT_001,PITT_RNA_BP_PFC_10003,CMC,DLPFC,9,right,KR,4/19/13,1_59,8/27/13,8.2,1.4,SR,19.6,1.85,1_21_2,1_21,GTCCGC,1_50,13,,Sid 32,,6,7,C2FPAACXX,92716888,91177014,29196,153715,0.983391656,0.9551139,0.25160885,0.04339802,0.69182104,0.000303839
CMC_PITT_127,PITT_RNA_BP_PFC_10019,CMC,DLPFC,9,right,KR,7/11/13,1_50,8/26/13,8.8,1.7,SR,15.5,1.9,1_27_2,1_27,GGTAGC,1_63,16,,Hal 73,,3,6,C2GV3ACXX,78021556,76431315,28459,152270,0.979617928,0.95875984,0.26509407,0.039757814,0.67952734,0.000296392
CMC_PITT_076,PITT_RNA_PFC_516,CMC,DLPFC,9,right,KR,12/3/12,1_5,4/17/13,9,1.8,JJ,15.3,1.77,1_4_3,1_4,TATAAT,1_9,3,,Hal 54,,3,4,C1W33ACXX,104385716,102100092,29783,155056,0.978104054,0.9587131,0.25886548,0.03981298,0.6845239,0.00027773
CMC_PITT_080,PITT_RNA_PFC_546,CMC,DLPFC,9,right,KR,11/8/12,1_46,7/30/13,9.2,1.5,JJ,22.9,1.95,1_11/11/13,1_11/11/13,GTTTCG,1_68,18,,Sid 42,,3,8,C3H50ACXX,59925330,58927710,27033,148933,0.983352282,0.9586429,0.20443816,0.039732527,0.74164903,0.000410644
CMC_PITT_082,PITT_RNA_PFC_551,CMC,DLPFC,9,right,KR,12/3/12,1_44,7/24/13,8.9,1.7,JJ,22.5,1.95,1_18_1,1_18,CGGAAT,1_43,11,,Amee 65,,3,5,C2D3KACXX,83011082,81042141,28075,150514,0.976280986,0.95671755,0.26387063,0.042039398,0.6764133,0.00028124
CMC_PITT_087,PITT_RNA_PFC_592,CMC,DLPFC,9,right,KR,11/6/12,1_33,5/23/13,9.1,1.6,JJ,17.1,2.1,1_10/9/13,1_10/9/13,AGTTCC,1_75,19,,Hal 90,,1,2,C3GNMACXX,94812294,93248621,29636,155516,0.983507698,0.95944166,0.21437058,0.03897945,0.7327832,0.000321815
CMC_PITT_088,PITT_RNA_PFC_604,CMC,DLPFC,9,right,KR,11/8/12,1_43,7/23/13,8.9,1.7,JJ,21.6,2.05,1_20_1,1_20,CAGGCG,1_46,12,,Sid 24,,2,5,C2FCDACXX,62726652,61485946,27035,149228,0.980220433,0.9640256,0.20905605,0.034460787,0.7400365,0.000298055
CMC_PITT_092,PITT_RNA_PFC_630,CMC,DLPFC,9,right,KR,11/6/12,1_21,5/9/13,8.4,1.5,JJ,22,1.99,1_8/28/13,1_8/28/13,CAACTA,1_70,18,,Sid 42,,1,6,C3H50ACXX,58565898,57315685,26892,147161,0.978652884,0.95090896,0.35282984,0.047954693,0.58531183,0.000230988
CMC_PITT_093,PITT_RNA_PFC_634,CMC,DLPFC,9,right,KR,11/16/12,1_38,5/31/13,8.5,1.5,JJ,18.9,1.95,1_14_3,1_14,TCATTC,1_34,9,,Sid 22,,5,8,D2EM2ACXX,55798638,54649970,26969,148587,0.979414049,0.94900453,0.29038024,0.04958217,0.6450659,0.000330599
CMC_PITT_097,PITT_RNA_PFC_681,CMC,DLPFC,9,right,KR,11/8/12,1_31,5/22/13,8.7,1.4,JJ,19.3,1.94,1_17_1,1_17,TAGCTT,1_69,18,,Sid 42,,5,7,C3H50ACXX,62282254,60660012,27188,148883,0.973953383,0.9363991,0.24220927,0.062273942,0.6761085,0.000337191
CMC_PITT_098,PITT_RNA_PFC_685,CMC,DLPFC,9,right,KR,11/16/12,1_16,5/1/13,8.7,1.9,JJ,26.7,1.94,1_19_3,1_19,GGTAGC,1_44,11,,Amee 65,,1,4,C2D3KACXX,86715986,85059668,28875,154491,0.980899508,0.96555114,0.18726198,0.03290515,0.7634234,0.000320137
CMC_PITT_099,PITT_RNA_PFC_686,CMC,DLPFC,9,right,KR,11/9/12,1_33,5/23/13,8.4,1.4,JJ,11.8,2.13,1_7_2,1_7,CTCAGA,1_16,4,,Corey 111,,2,8,C27VNACXX,207753002,203020907,33796,162896,0.977222495,0.94057643,0.38023496,0.058120087,0.54757833,0.000239039
CMC_PITT_100,PITT_RNA_PFC_694,CMC,DLPFC,9,right,KR,12/10/12,1_14,4/29/13,8.3,1.5,JJ,23.3,2.09,1_11/26/13,1_11/26/13,CACTCA,1_69,18,,Sid 42,,5,7,C3H50ACXX,139273314,136694724,31866,158657,0.981485398,0.94672465,0.39747494,0.051647972,0.53908056,0.000239938
CMC_PITT_101,PITT_RNA_PFC_700,CMC,DLPFC,9,right,KR,11/9/12,1_8,4/19/13,8.5,1.4,JJ,19,1.9,1_4_3,1_4,TTAGGC,1_10,3,,Hal 54,,7,8,C1W33ACXX,78594554,77043712,28518,152452,0.980267819,0.95966226,0.279959,0.039019927,0.6662913,0.000259636
CMC_PITT_103,PITT_RNA_PFC_727,CMC,DLPFC,9,right,KR,11/9/12,1_49,8/23/13,9,1.7,SR,17,2.02,1_11/11/13,1_11/11/13,CTTGTA,1_68,18,,Sid 42,,3,8,C3H50ACXX,101287526,99954598,28617,154363,0.986840156,0.970442,0.11954209,0.027518714,0.8397022,0.00039066
CMC_PITT_104,PITT_RNA_PFC_739,CMC,DLPFC,9,right,KR,12/18/12,1_59,8/27/13,8.5,1.6,SR,24.1,1.9,1_23_3,1_23,GACGAC,1_54,14,,Sid 33,,3,7,C2G1PACXX,102449212,100745571,29587,155357,0.983370873,0.95701677,0.20151232,0.041437864,0.742941,0.000340949
CMC_PITT_108,PITT_RNA_PFC_806,CMC,DLPFC,9,right,KR,12/4/12,1_30,5/22/13,8.6,1.4,JJ,17.8,1.89,1_6_3,1_6,GTGAAA,1_14,4,,Corey 111,,3,7,C27VNACXX,65772626,64241219,27872,149751,0.976716651,0.9543884,0.29195106,0.0444606,0.64701355,0.000252871
CMC_PITT_109,PITT_RNA_PFC_818,CMC,DLPFC,9,right,KR,12/4/12,1_34,5/28/13,8.7,1.6,JJ,20.2,2.07,1_12_3,1_12,TAATCG,1_29,8,,Sid 21,,6,7,C2DUPACXX,79234830,75648907,27818,149680,0.954743097,0.8042584,0.34313464,0.19479863,0.44025472,0.000499086
CMC_PITT_110,PITT_RNA_PFC_822,CMC,DLPFC,9,right,KR,11/8/12,1_21,5/9/13,7.7,1.3,JJ,26.8,1.97,1_8_2,1_8,GTGGCC,1_19,5,,Corey 114,,5,7,D2FB8ACXX,83556580,82164966,28666,149903,0.983345249,0.94108254,0.47597897,0.057799306,0.4573574,0.000197603
CMC_PITT_112,PITT_RNA_PFC_852,CMC,DLPFC,9,right,KR,11/9/12,1_37,5/30/13,8.6,1.4,JJ,25.9,1.95,1_12_2,1_12,CATGGC,1_28,7,,Hal 61,,1,4,C27Y9ACXX,65175892,63816307,26819,148426,0.979139756,0.9621895,0.20209663,0.03635309,0.7442371,0.000310498
CMC_PITT_113,PITT_RNA_PFC_857,CMC,DLPFC,9,right,KR,12/4/12,1_48,8/26/13,8,1.3,JJ,19.4,1.83,1_27_1,1_27,CCAACA,1_75,19,,Hal 90,,1,2,C3GNMACXX,88192118,86046936,29018,152825,0.975676035,0.9594488,0.31126997,0.03921425,0.6324126,0.000366371
CMC_PITT_116,PITT_RNA_PFC_902,CMC,DLPFC,9,right,KR,11/27/12,1_50,8/26/13,8.7,1.7,SR,12,1.7,1_11/11/13,1_11/11/13,GGCTAC,1_74,19,,Hal 90,,5,8,C3GNMACXX,115035848,113520796,30855,158100,0.98682974,0.96203893,0.22579029,0.036187623,0.72655207,0.000313494
CMC_PITT_121,PITT_RNA_PFC_970,CMC,DLPFC,9,right,KR,11/27/12,1_19,5/7/13,7.8,1.6,JJ,16.6,2.05,1_16_3,1_16,GCCAAT,1_39,10,,Zoe 100,,1,2,C2CBAACXX,60952120,59582081,28319,150777,0.977522701,0.94694465,0.36531502,0.05177416,0.5685562,0.000252067
CMC_PITT_122,PITT_RNA_PFC_987,CMC,DLPFC,9,right,KR,12/4/12,1_27,5/17/13,8.7,1.4,JJ,18.4,2.01,1_13_3,1_13,CGTACG,1_31,8,,Sid 21,,4,8,C2DUPACXX,107064086,104914102,30674,156191,0.979918719,0.937501,0.3851806,0.061284173,0.5412291,0.000270679
CMC_PITT_123,PITT_RNA_PFC_988,CMC,DLPFC,9,right,KR,12/4/12,1_32,5/23/13,8.4,1.3,JJ,21,1.84,1_11_3,1_11,GTGGCC,1_26,7,,Hal 61,,2,8,C27Y9ACXX,60165248,59136567,27336,148614,0.982902406,0.9539582,0.3292914,0.044767443,0.6139865,0.000253219
CMC_PITT_008,PITT_RNA_PFC_1026,CMC,DLPFC,9,right,KR,12/10/12,1_1,4/15/13,8.2,1,JJ,25,1.96,1_3_2,1_3,CACCGG,1_6,2,,Hal 53,,5,6,C24HUACXX,90612174,88961493,29036,149045,0.981783011,0.92698747,0.54320073,0.07232455,0.3767953,0.000135821
CMC_PITT_009,PITT_RNA_PFC_1047,CMC,DLPFC,9,right,KR,11/26/12,1_7,4/18/13,9,1.9,JJ,28.1,1.93,1_5_2,1_5,GTCCGC,1_11,3,,Sid 14,,1,2,D29BUACXX,72867860,71499635,27023,149521,0.981223203,0.9653773,0.17938685,0.033329543,0.77123207,0.000293902
CMC_PITT_010,PITT_RNA_PFC_1086,CMC,DLPFC,9,right,KR,11/9/12,1_8,4/19/13,8.9,1.4,JJ,17,2,1_3_2,1_3,CACTCA,1_6,2,,Hal 53,,5,6,C24HUACXX,100937990,99189735,29042,152970,0.982679911,0.95690095,0.27109778,0.041895896,0.67392504,0.000247934
CMC_PITT_012,PITT_RNA_PFC_1092,CMC,DLPFC,9,right,KR,11/26/12,1_33,5/23/13,8.7,1.5,JJ,19.8,2.02,1_6_3,1_6,GAGTGG,1_15,4,,Corey 111,,1,6,C27VNACXX,71212498,69643274,28090,151152,0.977964205,0.9470853,0.25789937,0.05155098,0.6739992,0.000318722
CMC_PITT_013,PITT_RNA_PFC_1099,CMC,DLPFC,9,right,KR,11/27/12,1_25,5/15/13,9.3,1.4,JJ,20.1,2.05,1_20_2,1_20,TACAGC,1_47,12,,Sid 24,,3,7,C2FCDACXX,78771892,77397001,28268,152643,0.982545919,0.9621269,0.18819077,0.035998177,0.7604278,0.000405678
CMC_PITT_015,PITT_RNA_PFC_1122,CMC,DLPFC,9,right,KR,11/26/12,1_4,4/17/13,9,1.8,JJ,19.5,1.9,1_11/11/13,1_11/11/13,CACGAT,1_73,19,,Hal 90,,4,7,C3GNMACXX,84654668,82441767,29314,154313,0.973859669,0.9583552,0.21988583,0.03974023,0.7191655,0.000415642
CMC_PITT_021,PITT_RNA_PFC_1191,CMC,DLPFC,9,right,KR,11/26/12,1_31,5/22/13,8.4,1.5,JJ,17.8,1.97,1_10/9/13,1_10/9/13,ATGTCA,1_69,18,,Sid 42,,5,7,C3H50ACXX,70703926,69755623,28697,151272,0.98658769,0.9481386,0.35494658,0.05048476,0.58523595,0.000239605
CMC_PITT_022,PITT_RNA_PFC_1201,CMC,DLPFC,9,right,KR,12/10/12,1_9,4/22/13,7.5,1.1,JJ,23.6,1.89,1_2_3,1_2,ACTGAT,1_5,2,,Hal 54,,5,6,C1W33ACXX,89545406,87817887,29705,151858,0.980707899,0.9342675,0.51712364,0.064865395,0.40909636,0.000159126
CMC_PITT_028,PITT_RNA_PFC_1247,CMC,DLPFC,9,right,KR,11/13/12,1_59,8/27/13,7.9,1.3,SR,18.2,1.85,1_22_2,1_22,GTGAAA,1_53,14,,Sid 33,,1,8,C2G1PACXX,78561722,77413348,28731,151318,0.985382525,0.9491738,0.4012565,0.049658015,0.5399082,0.00023598
CMC_PITT_031,PITT_RNA_PFC_1268,CMC,DLPFC,9,right,KR,12/7/12,1_17,5/2/13,8.9,1.4,JJ,21.2,2,1_9_2,1_9,TAATCG,1_21,6,,Hal 60,,1,2,C2DD3ACXX,99835910,97319265,29366,154898,0.974792186,0.9652616,0.21051244,0.033354003,0.7357235,0.00029243
CMC_PITT_032,PITT_RNA_PFC_1270,CMC,DLPFC,9,right,KR,12/11/12,1_36,5/29/13,8.4,1.5,JJ,22.6,1.99,1_7_3,1_7,TCGAAG,1_17,5,,Corey 114,,2,3,D2FB8ACXX,62362310,60925041,27725,149877,0.976952922,0.913477,0.29882643,0.0853069,0.60048467,0.000315415
CMC_PITT_033,PITT_RNA_PFC_1282,CMC,DLPFC,9,right,KR,11/13/12,1_46,7/30/13,8.8,1.4,JJ,23,1.88,1_25_1,1_25,CAGGCG,1_60,15,,Hal 74,,1,4,C2GT8ACXX,69476858,68303655,28139,150933,0.983113759,0.9570128,0.28404367,0.041352075,0.66160524,0.000285923
CMC_PITT_034,PITT_RNA_PFC_1284,CMC,DLPFC,9,right,KR,11/26/12,1_2,4/16/13,9.2,1.7,JJ,19.4,2.01,1_4_2,1_4,ATCACG,1_9,3,,Hal 54,,3,4,C1W33ACXX,63530946,62268200,26502,148053,0.980123923,0.9633819,0.17189674,0.035122886,0.7757535,0.000317703
CMC_PITT_036,PITT_RNA_PFC_1307,CMC,DLPFC,9,right,KR,11/27/12,1_27,5/17/13,7.1,0.1,JJ,17.5,1.92,1_15_2,1_15,GTCCGC,1_35,9,,Sid 22,,3,6,D2EM2ACXX,50826230,49593408,26526,147210,0.975744375,0.9569422,0.2371381,0.041644808,0.7023447,0.000298507
CMC_PITT_038,PITT_RNA_PFC_1324,CMC,DLPFC,9,right,KR,11/27/12,1_2,4/16/13,9,1.6,JJ,19.4,1.92,1_4_2,1_4,TTAGGC,1_9,3,,Hal 54,,3,4,C1W33ACXX,68140914,66781110,27472,149646,0.980044236,0.9510593,0.23617215,0.047497444,0.700621,0.000296415
CMC_PITT_039,PITT_RNA_PFC_1326,CMC,DLPFC,9,right,KR,11/27/12,1_40,6/6/13,8.7,1.7,JJ,14.7,2.01,1_10_3,1_10,CTCAGA,1_24,6,,Hal 60,,5,7,C2DD3ACXX,114585326,111645899,30501,156695,0.974347265,0.9526635,0.30186012,0.04604345,0.6341085,0.000246262
CMC_PITT_040,PITT_RNA_PFC_1336,CMC,DLPFC,9,right,KR,11/26/12,1_40,6/6/13,8,1.3,JJ,17.2,2,1_16_3,1_16,CGATGT,1_38,10,,Zoe 100,,6,7,C2CBAACXX,70124148,68743880,29028,152210,0.980316795,0.94517237,0.39178705,0.05354318,0.542493,0.000238406
CMC_PITT_042,PITT_RNA_PFC_1350,CMC,DLPFC,9,right,KR,12/10/12,1_42,7/22/13,8.6,1.6,JJ,25.2,1.86,1_10/15/13,1_10/15/13,CAGATC,1_75,19,,Hal 90,,1,2,C3GNMACXX,88031440,86493285,29063,152860,0.982527208,0.92051834,0.31945387,0.07808293,0.5905622,0.00032009
CMC_PITT_045,PITT_RNA_PFC_1372,CMC,DLPFC,9,right,KR,12/11/12,1_40,6/6/13,8.6,1.8,JJ,27.5,1.96,1_11/11/13,1_11/11/13,ATTCCT,1_68,18,,Sid 42,,3,8,C3H50ACXX,80486448,79320067,29136,153746,0.985508355,0.9465467,0.25025496,0.05187806,0.6862013,0.000314363
CMC_PITT_046,PITT_RNA_PFC_1374,CMC,DLPFC,9,right,KR,12/7/12,1_28,5/20/13,8.2,1.7,JJ,19.4,2.01,1_12_1,1_12,CAACTA,1_27,7,,Hal 61,,3,6,C27Y9ACXX,67224552,65833318,28291,150920,0.979304674,0.9499278,0.33870074,0.048835773,0.5985775,0.000253419
CMC_PITT_047,PITT_RNA_PFC_1386,CMC,DLPFC,9,right,KR,12/7/12,1_16,5/1/13,8.4,2,JJ,19.4,1.86,1_10/9/13,1_10/9/13,CGATGT,1_71,18,,Sid 42,,2,4,C3H50ACXX,66598736,65529826,28186,152251,0.983949996,0.96069765,0.22428581,0.03764849,0.72459245,0.000369917
CMC_PITT_048,PITT_RNA_PFC_1391,CMC,DLPFC,9,right,KR,11/13/12,1_48,8/26/13,8,1.6,JJ,22.2,1.91,1_28_1,1_28,TAGCTT,1_67,17,,Sid 34,,3,4,D2GH8ACXX,126773006,124785604,31115,158072,0.984323145,0.95331556,0.28331056,0.04493532,0.6595014,0.000303046
CMC_PITT_050,PITT_RNA_PFC_1433,CMC,DLPFC,9,right,KR,12/18/12,1_25,5/15/13,8.6,1.9,JJ,18.9,2.1,1_11/11/13,1_11/11/13,CAGGCG,1_71,18,,Sid 42,,2,4,C3H50ACXX,81006706,79770943,29544,154456,0.98474493,0.95119536,0.25983316,0.047278218,0.6808154,0.000299086
CMC_PITT_054,PITT_RNA_PFC_1466,CMC,DLPFC,9,right,KR,12/7/12,1_13,4/29/13,8.8,1.8,JJ,20.5,1.92,1_8_1,1_8,GGCTAC,1_18,5,,Corey 114,,1,8,D2FB8ACXX,85385104,84038567,29402,154493,0.984229837,0.9609148,0.23347999,0.03758904,0.71596307,0.000257762
CMC_PITT_055,PITT_RNA_PFC_1472,CMC,DLPFC,9,right,KR,12/10/12,1_16,5/1/13,8.8,1.5,JJ,21.8,2.08,1_9_2,1_9,CTCAGA,1_21,6,,Hal 60,,1,2,C2DD3ACXX,70871414,68486242,27714,149914,0.966345077,0.9622579,0.25554127,0.036297306,0.68293214,0.000294011
CMC_PITT_058,PITT_RNA_PFC_1518,CMC,DLPFC,9,right,KR,12/7/12,1_18,5/6/13,8,1.4,JJ,25.9,1.89,1_14_3,1_14,TAATCG,1_33,9,,Sid 22,,1,7,D2EM2ACXX,68709100,67444746,28172,149378,0.981598449,0.939825,0.45844042,0.059019394,0.4725263,0.000209157
CMC_PITT_059,PITT_RNA_PFC_1524,CMC,DLPFC,9,right,KR,12/10/12,1_12,4/26/13,9.3,1.6,JJ,15.8,2.31,1_3_3,1_3,TATAAT,1_7,2,,Hal 53,,7,8,C24HUACXX,82108140,80665129,28206,150724,0.982425482,0.94945663,0.28195933,0.04932182,0.6557663,0.000303478
CMC_PITT_061,PITT_RNA_PFC_1543,CMC,DLPFC,9,right,KR,12/11/12,1_23,5/13/13,8.9,1.7,JJ,19.2,1.9,1_11_3,1_11,GGTAGC,1_27,7,,Hal 61,,3,6,C27Y9ACXX,84644670,83012620,28950,152999,0.98071881,0.95666623,0.29058605,0.04201361,0.65323734,0.000270744
CMC_PITT_062,PITT_RNA_PFC_1554,CMC,DLPFC,9,right,KR,12/18/12,1_58,8/30/13,8.2,1.6,JJ,19.6,1.93,1_25_1,1_25,GAGTGG,1_59,15,,Hal 74,,3,5,C2GT8ACXX,82023464,80311988,28809,152937,0.979134312,0.96018326,0.2834918,0.03842256,0.6625718,0.000263217
CMC_PITT_064,PITT_RNA_PFC_1558,CMC,DLPFC,9,right,KR,12/18/12,1_5,4/17/13,8.7,1.5,JJ,18,1.98,1_4_3,1_4,ATCACG,1_10,3,,Hal 54,,7,8,C1W33ACXX,61692606,60380032,27340,149098,0.978723966,0.959634,0.268722,0.039104633,0.6762121,0.000313895
CMC_PITT_067,PITT_RNA_PFC_1583,CMC,DLPFC,9,right,KR,12/18/12,1_34,5/28/13,9,1.5,JJ,18.7,2.06,1_17_2,1_17,GTGAAA,1_41,11,,Amee 65,,6,7,C2D3KACXX,67556662,66005201,27295,149731,0.977034671,0.9583571,0.21980608,0.040254418,0.7215899,0.000302946
CMC_PITT_068,PITT_RNA_PFC_1635,CMC,DLPFC,9,right,KR,12/18/12,1_16,5/1/13,7.9,1.4,JJ,15.5,2.07,1_17_3,1_17,ATTCCT,1_71,18,,Sid 42,,2,4,C3H50ACXX,54469548,53295167,27808,148921,0.978439678,0.9400255,0.42785335,0.058904964,0.50112957,0.000214285
CMC_PITT_075,PITT_RNA_PFC_1792,CMC,DLPFC,9,right,KR,3/28/13,1_42,7/22/13,8.7,1.6,JJ,25.9,1.87,1_16_2,1_16,TACAGC,1_37,10,,Zoe 100,,4,5,C2CBAACXX,70934486,69527107,28404,152199,0.980159453,0.954852,0.26304418,0.043520063,0.67808187,0.000330319
CMC_PITT_001,PITT_RNA_PFC_10003,CMC,DLPFC,9,right,KR,11/9/12,1_15,4/30/13,8.4,1.5,JJ,17.8,1.95,1_9_1,1_9,CCAACA,1_20,5,,Corey 114,,4,6,D2FB8ACXX,69352568,67892682,27605,149516,0.978949792,0.96224606,0.24640782,0.036370635,0.70076966,0.000249609
CMC_PITT_002,PITT_RNA_PFC_10005,CMC,DLPFC,9,right,KR,11/26/12,1_24,5/15/13,9,1.7,JJ,24.7,1.94,1_8_3,1_8,GGTAGC,1_72,19,,Hal 90,,3,6,C3GNMACXX,87385988,85634183,29524,155197,0.979953251,0.9182497,0.22579567,0.080142505,0.6785727,0.000450496
CMC_HBCC_010,CMC_HBCC_010,CMC_HBCC,DLPFC,,,QV,1/28/15,3_17,5/6/15,7.6,,JJ,22,1.98,3_2,3_2,TAATGCGC,3_2,1,2,BC8L66ANXX,BC8T15ANXX,2,2,BC8L66ANXX::BC8T15ANXX,117968702,109396562,29460,154334,0.927335472,0.9507465,0.28638786,0.047483604,0.6529498,0.00035462
CMC_HBCC_014,CMC_HBCC_014,CMC_HBCC,DLPFC,,,QV,1/28/15,3_24,5/13/15,8.5,,JJ,18.7,1.98,3_2,3_2,TCTCGCGC,3_4,1,2,BC8L66ANXX,BC8T15ANXX,4,4,BC8L66ANXX::BC8T15ANXX,106150750,99022196,28045,151649,0.932844996,0.95946896,0.21546027,0.0383501,0.73309934,0.000371658
CMC_HBCC_023,CMC_HBCC_023,CMC_HBCC,DLPFC,,,QV,1/28/15,3_21,5/8/15,8.8,,JJ,19.4,1.98,3_2,3_2,TCCGGAGA,3_4,1,2,BC8L66ANXX,BC8T15ANXX,4,4,BC8L66ANXX::BC8T15ANXX,96075466,89928008,27963,149990,0.936014279,0.94853055,0.2945421,0.049517866,0.6454211,0.000341148
CMC_HBCC_025,CMC_HBCC_025,CMC_HBCC,DLPFC,,,QV,1/28/15,3_38,5/28/15,7.6,,JJ,21.6,1.98,3_2,3_2,ATTCAGAA,3_1,1,2,BC8L66ANXX,BC8615ANXX,1,1,BC8L66ANXX::BC8T15ANXX,113703646,105130534,28290,152589,0.924601257,0.95938724,0.20040648,0.03846846,0.74589694,0.000388083
CMC_HBCC_028,CMC_HBCC_028,CMC_HBCC,DLPFC,,,QV,1/28/15,3_16,5/6/15,6.8,,JJ,6.5,2.03,3_2,3_2,GAATTCGT,3_2,1,2,BC8L66ANXX,BC8615ANXX,2,2,BC8L66ANXX::BC8T15ANXX,115909484,107829385,29945,154372,0.930289578,0.94650346,0.38669774,0.052085016,0.5509293,0.000258683
CMC_HBCC_035,CMC_HBCC_035,CMC_HBCC,DLPFC,,,QV,2/2/15,3_1,4/21/15,8.9,,JJ,19.3,2.02,3_2,3_2,CGCTCATT,3_2,1,2,BC8L66ANXX,BC8615ANXX,2,2,BC8T15ANXX::BC8L66ANXX,108637062,101427211,28896,153235,0.933633597,0.9536024,0.2604681,0.04438576,0.68335605,0.00035574
CMC_HBCC_044,CMC_HBCC_044,CMC_HBCC,DLPFC,,,QV,1/28/15,3_10,4/30/15,5.7,,JJ,11.6,2.02,3_2,3_2,TCCGCGAA,3_5,1,2,BC8L66ANXX,BC8615ANXX,5,5,BC8T15ANXX::BC8L66ANXX,109929228,102528355,27998,152014,0.932676021,0.9634076,0.18911012,0.034137756,0.7609792,0.000370638
CMC_HBCC_049,CMC_HBCC_049,CMC_HBCC,DLPFC,,,QV,1/28/15,3_26,5/13/15,7.2,,JJ,17.66,2,3_3,3_3,AGCGATAG,3_7,1,2,BC8L66ANXX,BC8615ANXX,7,7,BC8T15ANXX::BC8L66ANXX,122891388,114096669,29557,153855,0.928435026,0.9506373,0.30882877,0.047553737,0.63135934,0.000338285
CMC_HBCC_052,CMC_HBCC_052,CMC_HBCC,DLPFC,,,QV,1/28/15,3_22,5/8/15,6.4,,JJ,33.8,2.05,3_2,3_2,GAATTCGT,3_4,1,2,BC8L66ANXX,BC8615ANXX,4,4,BC8T15ANXX::BC8L66ANXX,115709142,105106322,30432,154747,0.908366618,0.93466204,0.40808,0.06374029,0.519039,0.000276404
CMC_HBCC_059,CMC_HBCC_059,CMC_HBCC,DLPFC,,,QV,1/28/15,3_20,5/7/15,9.1,,JJ,45.4,2.04,3_3,3_3,AGCGATAG,3_8,1,2,BC8L66ANXX,BC8615ANXX,8,8,BC8T15ANXX::BC8L66ANXX,116611546,108948214,29508,154246,0.934283248,0.95052403,0.29822552,0.047588572,0.64343363,0.000356806
CMC_HBCC_062,CMC_HBCC_062,CMC_HBCC,DLPFC,,,QV,1/28/15,3_32,5/21/15,8.5,,JJ,34,2.03,3_2,3_2,CTGAAGCT,3_3,1,2,BC8L66ANXX,BC8615ANXX,3,3,BC8T15ANXX::BC8L66ANXX,105498434,97305237,28395,152661,0.922338212,0.9608997,0.18997805,0.036848396,0.7591467,0.000443366
CMC_HBCC_066,CMC_HBCC_066,CMC_HBCC,DLPFC,,,QV,1/28/15,3_38,5/28/15,7.5,,JJ,20.3,1.97,3_2,3_2,CTGAAGCT,3_1,1,2,BC8L66ANXX,BC8615ANXX,1,1,BC8T15ANXX::BC8L66ANXX,113364548,105256582,29377,154658,0.928478822,0.957702,0.2489993,0.040417757,0.69694626,0.000344915
CMC_HBCC_071,CMC_HBCC_071,CMC_HBCC,DLPFC,,,QV,1/28/15,3_3,4/22/15,8.2,,JJ,21.81,1.97,3_3,3_3,TCCGCGAA,3_8,1,2,BC8L66ANXX,BC8615ANXX,8,8,BC8T15ANXX::BC8L66ANXX,109172928,101670685,29231,152981,0.931281105,0.9508763,0.32343405,0.04734684,0.6173178,0.000332801
CMC_HBCC_088,CMC_HBCC_088,CMC_HBCC,DLPFC,,,QV,2/2/15,3_18,5/6/15,8.1,,JJ,32.2,2.01,3_2,3_2,ATTCAGAA,3_3,1,2,BC8L66ANXX,BC8615ANXX,3,3,BC8T15ANXX::BC8L66ANXX,109600322,103141916,28634,152903,0.941073111,0.9572367,0.2349405,0.04071775,0.7114931,0.0003955
CMC_HBCC_097,CMC_HBCC_097,CMC_HBCC,DLPFC,,,QV,2/2/15,3_8,4/29/15,7.6,,JJ,16.2,1.99,3_2,3_2,ATTACTCG,3_5,1,2,BC8L66ANXX,BC8615ANXX,5,5,BC8L66ANXX::BC8T15ANXX,116814504,109168167,29561,154123,0.934542914,0.95219874,0.29848304,0.0458964,0.6434785,0.000337009
CMC_HBCC_105,CMC_HBCC_105,CMC_HBCC,DLPFC,,,QV,1/27/15,3_31,5/21/15,7.6,,JJ,18.4,1.98,3_3,3_3,ATTACTCG,3_8,1,2,BC8L66ANXX,BC8615ANXX,8,8,BC8L66ANXX::BC8T15ANXX,120305870,112285634,29225,153619,0.933334624,0.9497123,0.28875163,0.048428483,0.6514587,0.00036105
CMC_HBCC_176,CMC_HBCC_176,CMC_HBCC,DLPFC,,,QV,1/28/15,3_33,5/21/15,8.4,,JJ,16.3,1.99,3_2,3_2,TCCGCGAA,3_1,1,2,BC8L66ANXX,BC8615ANXX,1,1,BC8T15ANXX::BC8L66ANXX,111007142,102896272,27853,151308,0.9269338,0.9630615,0.20319936,0.03474259,0.7484856,0.000375176
CMC_HBCC_190,CMC_HBCC_190,CMC_HBCC,DLPFC,,,QV,2/2/15,3_19,5/7/15,8,,JJ,26.9,2.06,3_3,3_3,TAATGCGC,3_8,1,2,BC8L66ANXX,BC8615ANXX,8,8,BC8L66ANXX::BC8T15ANXX,107002402,99711525,29060,152725,0.931862492,0.9459976,0.33580837,0.05226545,0.60197777,0.000326412
CMC_HBCC_192,CMC_HBCC_192,CMC_HBCC,DLPFC,,,QV,1/28/15,3_25,5/13/15,7.4,,JJ,34.505,2.03,3_2,3_2,TCCGGAGA,3_3,1,2,BC8L66ANXX,BC8615ANXX,3,3,BC8T15ANXX::BC8L66ANXX,102699018,96877555,28576,152719,0.9433153,0.95714575,0.24869674,0.04085057,0.69865143,0.000358717
CMC_HBCC_208,CMC_HBCC_208,CMC_HBCC,DLPFC,,,QV,1/28/15,3_31,5/21/15,7.2,,JJ,17.9,1.99,3_3,3_3,CTGAAGCT,3_8,1,2,BC8L66ANXX,BC8615ANXX,8,8,BC8T15ANXX::BC8L66ANXX,108294858,100885801,29217,153781,0.931584406,0.95645326,0.2561953,0.04166636,0.6881438,0.000362744
CMC_HBCC_226,CMC_HBCC_226,CMC_HBCC,DLPFC,,,QV,2/2/15,3_5,4/23/15,7.7,,JJ,19.57,2.03,3_3,3_3,CGCTCATT,3_8,1,2,BC8L66ANXX,BC8615ANXX,8,8,BC8L66ANXX::BC8T15ANXX,108702152,100172544,29675,153746,0.921532299,0.94619787,0.3827711,0.052297544,0.5556161,0.00029924
CMC_HBCC_269,CMC_HBCC_269,CMC_HBCC,DLPFC,,,QV,2/2/15,3_35,5/27/15,7.4,,JJ,18.5,1.97,3_3,3_3,TCCGCGAA,3_7,1,2,BC8L66ANXX,BC8615ANXX,7,7,BC8T15ANXX::BC8L66ANXX,118868966,110032382,28728,151933,0.925661135,0.9561476,0.26336128,0.04204085,0.6810336,0.000329801
CMC_HBCC_285,CMC_HBCC_285,CMC_HBCC,DLPFC,,,QV,2/2/15,3_31,5/21/15,7.2,,JJ,40.5,2.02,3_2,3_2,AGCGATAG,3_5,1,2,BC8L66ANXX,BC8615ANXX,5,5,BC8L66ANXX::BC8T15ANXX,118068614,110353459,29733,154372,0.934655327,0.9495876,0.32294154,0.048227616,0.61648816,0.000317495
CMC_HBCC_300,CMC_HBCC_300,CMC_HBCC,DLPFC,,,QV,1/28/15,3_17,5/6/15,7.4,,JJ,30.9,2.01,3_2,3_2,TAATGCGC,3_4,1,2,BC8L66ANXX,BC8615ANXX,4,4,BC8T15ANXX::BC8L66ANXX,103800884,96743723,27534,151292,0.932012515,0.9606904,0.1732258,0.037226405,0.775609,0.00041239
CMC_HBCC_318,CMC_HBCC_318,CMC_HBCC,DLPFC,,,QV,2/2/15,3_23,5/13/15,8,,JJ,19,1.98,3_2,3_2,AGCGATAG,3_2,1,2,BC8L66ANXX,BC8615ANXX,2,2,BC8L66ANXX::BC8T15ANXX,110932752,103560337,29437,153760,0.933541584,0.9521679,0.32157528,0.046075393,0.62131774,0.000320247
CMC_HBCC_320,CMC_HBCC_320,CMC_HBCC,DLPFC,,,QV,2/2/15,3_22,5/8/15,7.8,,JJ,32.5,2.07,3_3,3_3,TCTCGCGC,3_6,1,2,BC8L66ANXX,BC8615ANXX,6,6,BC8L66ANXX::BC8T15ANXX,119878710,111169222,29233,153242,0.9273475,0.94906044,0.3027961,0.04901154,0.63706887,0.000349434
CMC_HBCC_324,CMC_HBCC_324,CMC_HBCC,DLPFC,,,QV,2/2/15,3_37,5/28/15,6.6,,JJ,17,2,3_3,3_3,TCCGCGAA,3_6,1,2,BC8L66ANXX,BC8615ANXX,6,6,BC8L66ANXX::BC8T15ANXX,128904782,119414073,30191,154913,0.926374267,0.946297,0.37036672,0.05215934,0.5672415,0.000329445
CMC_HBCC_326,CMC_HBCC_326,CMC_HBCC,DLPFC,,,QV,2/2/15,3_39,5/29/15,8.8,,JJ,20.1,1.96,3_3,3_3,CGGCTATG,3_6,1,2,BC8L66ANXX,BC8615ANXX,6,6,BC8T15ANXX::BC8L66ANXX,114429112,106129963,28682,153213,0.927473447,0.96163225,0.20016013,0.036274374,0.74896944,0.000393599
CMC_HBCC_362,CMC_HBCC_362,CMC_HBCC,DLPFC,,,QV,1/28/15,3_30,5/15/15,8.4,,JJ,39.9,2.03,3_3,3_3,GAGATTCC,3_8,1,2,BC8L66ANXX,BC8615ANXX,8,8,BC8T15ANXX::BC8L66ANXX,113798970,104923441,29056,153640,0.922006948,0.95573354,0.27263495,0.042407323,0.6733151,0.000357019
CMC_HBCC_363,CMC_HBCC_363,CMC_HBCC,DLPFC,,,QV,1/28/15,3_30,5/15/15,8.2,,JJ,33.8,2.03,3_2,3_2,CTGAAGCT,3_5,1,2,BC8L66ANXX,BC8615ANXX,5,5,BC8T15ANXX::BC8L66ANXX,103190706,96613235,27966,151761,0.936259076,0.9619896,0.1875227,0.035825353,0.76240367,0.000388906
CMC_HBCC_390,CMC_HBCC_390,CMC_HBCC,DLPFC,2,left,QV,2/5/15,3_8,4/29/15,8.1,,JJ,23.3,1.96,3_2,3_2,GAGATTCC,3_2,1,2,BC8L66ANXX,BC8615ANXX,2,2,BC8L66ANXX::BC8T15ANXX,115540814,107856910,28741,153648,0.933496193,0.9598753,0.2157616,0.03800205,0.7326661,0.000383825
CMC_HBCC_400,CMC_HBCC_400,CMC_HBCC,DLPFC,4,right,QV,2/5/15,3_5,4/23/15,4.5,,JJ,36.35,2.06,3_2,3_2,AGCGATAG,3_4,1,2,BC8L66ANXX,BC8615ANXX,4,4,BC8T15ANXX::BC8L66ANXX,148907402,139006633,31670,158050,0.933510565,0.9329538,0.44568998,0.06591166,0.47879767,0.000297502
CMC_HBCC_412,CMC_HBCC_412,CMC_HBCC,DLPFC,4,right,QV,2/6/15,3_28,5/14/15,7.4,,JJ,14.5,2,3_2,3_2,TCCGCGAA,3_4,1,2,BC8L66ANXX,BC8615ANXX,4,4,BC8L66ANXX::BC8T15ANXX,97524026,90711113,28270,151534,0.930141184,0.9553335,0.27342424,0.042838532,0.66993725,0.000331315
CMC_HBCC_418,CMC_HBCC_418,CMC_HBCC,DLPFC,4,left,QV,2/6/15,3_14,4/30/15,7.7,,JJ,38.1,2.03,3_2,3_2,CGGCTATG,3_4,1,2,BC8L66ANXX,BC8615ANXX,4,4,BC8L66ANXX::BC8T15ANXX,110516242,103017721,29201,153596,0.932150054,0.95349383,0.2749987,0.044598706,0.6676689,0.000358608
CMC_HBCC_421,CMC_HBCC_421,CMC_HBCC,DLPFC,4,right,QV,2/5/15,3_17,5/6/15,6.6,,JJ,21.2,1.96,3_3,3_3,CGCTCATT,3_6,1,2,BC8L66ANXX,BC8615ANXX,6,6,BC8T15ANXX::BC8L66ANXX,121465956,112907957,29772,154151,0.929544053,0.9499918,0.36958316,0.048487786,0.5716773,0.000294943
CMC_HBCC_457,CMC_HBCC_457,CMC_HBCC,DLPFC,4,right,QV,2/5/15,3_17,5/6/15,7.4,,JJ,29.2,1.99,3_3,3_3,CGGCTATG,3_8,1,2,BC8L66ANXX,BC8615ANXX,8,8,BC8T15ANXX::BC8L66ANXX,113572970,105889238,29374,153740,0.932345416,0.9495557,0.3380984,0.048848648,0.6016024,0.000311576
CMC_HBCC_160,CMC_HBCC_RNA_PFC_3054,CMC_HBCC,DLPFC,,,QV,1/27/15,3_29,5/15/15,6.5,,JJ,17.2,1.99,3_1,3_1,TCCGCGAA,3_4,7,8,AC8AJEANXX,BC8AN2ANXX,4,4,BC8AN2ANXX::AC8AJEANXX,97311410,87830783,28572,151117,0.902574354,0.9443093,0.34399748,0.053872705,0.5911466,0.000354761
CMC_HBCC_265,CMC_HBCC_RNA_PFC_3058,CMC_HBCC,DLPFC,,,QV,1/27/15,3_14,4/30/15,8,,JJ,18.2,2,3_3,3_3,ATTCAGAA,3_6,3,4,AC8HFGANXX,BC8HF2ANXX,6,6,AC8HFGANXX::BC8HF2ANXX,98621822,91972313,28766,152272,0.932575683,0.9503295,0.30462164,0.04787318,0.63650066,0.000353259
CMC_HBCC_202,CMC_HBCC_RNA_PFC_3059,CMC_HBCC,DLPFC,,,QV,1/27/15,3_19,5/7/15,7.4,,JJ,28.6,2.04,3_1,3_1,TCCGGAGA,3_3,7,8,AC8AJEANXX,BC8AN2ANXX,3,3,BC8AN2ANXX::AC8AJEANXX,108934244,100591885,29124,152881,0.923418397,0.9480999,0.3212657,0.050027683,0.618265,0.000353509
CMC_HBCC_200,CMC_HBCC_RNA_PFC_3064,CMC_HBCC,DLPFC,,,QV,1/27/15,3_36,5/27/15,7,,JJ,11.9,2.03,3_1,3_1,TAATGCGC,3_6,7,8,AC8AJEANXX,BC8AN2ANXX,6,6,BC8AN2ANXX::AC8AJEANXX,135257636,123011429,30232,155706,0.909460143,0.9489824,0.3024659,0.049053285,0.63549507,0.00037829
CMC_HBCC_348,CMC_HBCC_RNA_PFC_3065,CMC_HBCC,DLPFC,,,QV,1/27/15,3_18,5/6/15,9,,JJ,29.3,2,3_1,3_1,TCCGCGAA,3_1,7,8,AC8AJEANXX,BC8AN2ANXX,1,1,AC8AJEANXX::BC8AN2ANXX,111067788,101249476,28020,151706,0.911600724,0.9600829,0.19163628,0.037639555,0.75721645,0.000402458
CMC_HBCC_112,CMC_HBCC_RNA_PFC_3066,CMC_HBCC,DLPFC,,,QV,1/27/15,3_2,4/22/15,7.6,,JJ,29.13,2.07,3_3,3_3,ATTCAGAA,3_5,3,4,AC8HFGANXX,BC8HF2ANXX,5,5,AC8HFGANXX::BC8HF2ANXX,105139550,96777551,29252,153794,0.920467617,0.94897956,0.3180503,0.049213074,0.6211927,0.000343132
CMC_HBCC_125,CMC_HBCC_RNA_PFC_3067,CMC_HBCC,DLPFC,,,QV,1/27/15,3_9,4/30/15,8.6,,JJ,28.2,2.05,3_4,3_4,AGCGATAG,3_3,14,11,AC8H5NANXX,BC8RUAANXX,3,3,BC8RUAANXX::AC8H5NANXX,113809534,105962003,29375,153745,0.931046805,0.9527679,0.30804342,0.04552682,0.6348249,0.000370313
CMC_HBCC_101,CMC_HBCC_RNA_PFC_3068,CMC_HBCC,DLPFC,,,QV,1/27/15,3_9,4/30/15,7.3,,JJ,18,1.97,3_3,3_3,TCCGGAGA,3_7,3,4,AC8HFGANXX,BC8HF2ANXX,7,7,BC8HF2ANXX::AC8HFGANXX,95286940,85489150,27525,151420,0.89717594,0.9594377,0.18827651,0.03851733,0.75827175,0.000399828
CMC_HBCC_110,CMC_HBCC_RNA_PFC_3069,CMC_HBCC,DLPFC,,,QV,1/27/15,3_26,5/13/15,9.1,,JJ,20.87,1.96,3_1,3_1,TCTCGCGC,3_4,13,,AC8L7PANXX,,4,,AC8L7PANXX,68336134,62184653,26189,146748,0.909982016,0.95582104,0.21353054,0.042176083,0.72841674,0.000575707
CMC_HBCC_155,CMC_HBCC_RNA_PFC_3071,CMC_HBCC,DLPFC,,,QV,1/27/15,3_17,5/6/15,5.9,,JJ,18.6,2,3_4,3_4,TCCGGAGA,3_4,14,11,AC8H5NANXX,BC8RUAANXX,4,4,AC8H5NANXX::BC8RUAANXX,108429204,100786989,28330,151361,0.92951885,0.957229,0.2496658,0.040706463,0.69737613,0.000341006
CMC_HBCC_114,CMC_HBCC_RNA_PFC_3072,CMC_HBCC,DLPFC,,,QV,1/27/15,3_5,4/23/15,8.8,,JJ,29.29,2.08,3_3,3_3,AGCGATAG,3_6,3,4,AC8HFGANXX,BC8HF2ANXX,6,6,BC8HF2ANXX::AC8HFGANXX,106264936,99350882,27610,151472,0.934935697,0.96258014,0.16289182,0.035148937,0.7878277,0.00041813
CMC_HBCC_364,CMC_HBCC_RNA_PFC_3075,CMC_HBCC,DLPFC,,,QV,1/27/15,3_33,5/21/15,6.2,,JJ,20.8,1.98,3_4,3_4,CGCTCATT,3_3,14,11,AC8H5NANXX,BC8RUAANXX,3,3,BC8RUAANXX::AC8H5NANXX,118273680,108798275,29731,154017,0.919885768,0.9469257,0.34658355,0.051369272,0.5904469,0.000329393
CMC_HBCC_243,CMC_HBCC_RNA_PFC_3076,CMC_HBCC,DLPFC,,,QV,1/27/15,3_12,4/30/15,9.1,,JJ,41.2,2.01,3_4,3_4,CGGCTATG,3_1,14,11,AC8H5NANXX,BC8RUAANXX,1,1,BC8RUAANXX::AC8H5NANXX,112002666,105063547,28805,153347,0.938045055,0.9576044,0.21895897,0.040233843,0.7279287,0.000410926
CMC_HBCC_167,CMC_HBCC_RNA_PFC_3077,CMC_HBCC,DLPFC,,,QV,1/27/15,3_23,5/13/15,8.5,,JJ,33.9,2,3_1,3_1,CGGCTATG,3_4,7,8,AC8AJEANXX,BC8AN2ANXX,4,4,BC8AN2ANXX::AC8AJEANXX,109964678,99411013,29132,153763,0.904026773,0.94606173,0.30881986,0.05221695,0.6271278,0.000376709
CMC_HBCC_111,CMC_HBCC_RNA_PFC_3080,CMC_HBCC,DLPFC,,,QV,1/28/15,3_6,4/24/15,8.2,,JJ,15.37,2.06,3_2,3_2,GAGATTCC,3_5,5,15,AC8AUEANXX,AC8TK6ANXX,5,3,AC8TK6ANXX::AC8AUEANXX,111089096,102405247,29508,154205,0.921829871,0.94900167,0.3340782,0.049385644,0.6051781,0.000315749
CMC_HBCC_144,CMC_HBCC_RNA_PFC_3081,CMC_HBCC,DLPFC,,,QV,1/28/15,3_33,5/21/15,6.3,,JJ,20.6,1.98,3_1,3_1,AGCGATAG,3_6,7,8,AC8AJEANXX,BC8AN2ANXX,6,6,AC8AJEANXX::BC8AN2ANXX,126011988,115365814,29610,154385,0.915514594,0.9490165,0.30036777,0.04908413,0.63855535,0.000359009
CMC_HBCC_042,CMC_HBCC_RNA_PFC_3085,CMC_HBCC,DLPFC,,,QV,1/28/15,3_36,5/27/15,8.3,,JJ,11.2,2.01,3_4,3_4,CGGCTATG,3_5,14,11,AC8H5NANXX,BC8RUAANXX,5,5,AC8H5NANXX::BC8RUAANXX,113650892,104808232,27484,151590,0.922194539,0.96693933,0.13016963,0.030692771,0.82376814,0.000464793
CMC_HBCC_139,CMC_HBCC_RNA_PFC_3087,CMC_HBCC,DLPFC,,,QV,1/28/15,3_29,5/15/15,7.7,,JJ,23.2,1.98,3_1,3_1,ATTCAGAA,3_2,7,8,AC8AJEANXX,BC8AN2ANXX,2,2,BC8AN2ANXX::AC8AJEANXX,118442544,102839606,28821,152430,0.868265764,0.94782174,0.29458714,0.049829684,0.63821906,0.000329682
CMC_HBCC_184,CMC_HBCC_RNA_PFC_3088,CMC_HBCC,DLPFC,,,QV,1/28/15,3_24,5/13/15,7.6,,JJ,21.2,1.98,3_3,3_3,TAATGCGC,3_3,3,4,AC8HFGANXX,BC8HF2ANXX,3,3,BC8HF2ANXX::AC8HFGANXX,103871094,97124271,28932,153117,0.935046193,0.95233107,0.29923218,0.04599489,0.6427465,0.000377379
CMC_HBCC_100,CMC_HBCC_RNA_PFC_3089,CMC_HBCC,DLPFC,,,QV,1/28/15,3_10,4/30/15,7.4,,JJ,25.7,2.07,3_1,3_1,CGCTCATT,3_1,7,8,AC8AJEANXX,BC8AN2ANXX,1,1,BC8AN2ANXX::AC8AJEANXX,113814004,103938506,28857,153380,0.913231258,0.9567236,0.23901345,0.04131191,0.7061315,0.000375908
CMC_HBCC_138,CMC_HBCC_RNA_PFC_3091,CMC_HBCC,DLPFC,,,QV,1/28/15,3_32,5/21/15,7.5,,JJ,26.5,2.01,3_1,3_1,TAATGCGC,3_5,7,8,AC8AJEANXX,BC8AN2ANXX,5,5,BC8AN2ANXX::AC8AJEANXX,129976090,115136173,29545,153881,0.885825793,0.944434,0.34969547,0.05388183,0.58427995,0.000341988
CMC_HBCC_206,CMC_HBCC_RNA_PFC_3093,CMC_HBCC,DLPFC,,,QV,1/28/15,3_6,4/24/15,8.7,,JJ,19.02,2.04,3_4,3_4,TCCGGAGA,3_3,14,11,AC8H5NANXX,BC8RUAANXX,3,3,AC8H5NANXX::BC8RUAANXX,107021210,98547975,28414,152478,0.920826582,0.95957875,0.21593252,0.038454,0.7323454,0.000375822
CMC_HBCC_166,CMC_HBCC_RNA_PFC_3095,CMC_HBCC,DLPFC,,,QV,1/28/15,3_33,5/21/15,7.6,,JJ,31.6,2.01,3_4,3_4,GAGATTCC,3_1,14,11,AC8H5NANXX,BC8RUAANXX,1,1,BC8RUAANXX::AC8H5NANXX,94891214,89044724,27657,150900,0.938387446,0.9571597,0.21044634,0.040761508,0.73569643,0.000397884
CMC_HBCC_098,CMC_HBCC_RNA_PFC_3096,CMC_HBCC,DLPFC,,,QV,1/28/15,3_2,4/22/15,9,,JJ,23.105,2.03,3_1,3_1,TCCGGAGA,3_8,7,8,AC8AJEANXX,BC8AN2ANXX,8,8,AC8AJEANXX::BC8AN2ANXX,112918190,98370045,29206,153329,0.871162078,0.9458995,0.30655906,0.052339338,0.6243256,0.000361351
CMC_HBCC_129,CMC_HBCC_RNA_PFC_3098,CMC_HBCC,DLPFC,,,QV,1/28/15,3_16,5/6/15,8.8,,JJ,23.3,1.97,3_3,3_3,ATTACTCG,3_4,3,4,AC8HFGANXX,BC8HF2ANXX,4,4,AC8HFGANXX::BC8HF2ANXX,112762728,105041931,29045,153517,0.931530594,0.9556485,0.27761757,0.042480286,0.66809565,0.000338749
CMC_HBCC_351,CMC_HBCC_RNA_PFC_3099,CMC_HBCC,DLPFC,,,QV,1/28/15,3_36,5/27/15,8.3,,JJ,13.7,2.01,3_2,3_2,TCCGCGAA,3_5,5,15,AC8AUEANXX,AC8TK6ANXX,5,3,AC8TK6ANXX::AC8AUEANXX,119917882,110153135,29203,153890,0.918571385,0.9533579,0.25807872,0.044742703,0.68304616,0.000427956
CMC_HBCC_128,CMC_HBCC_RNA_PFC_3105,CMC_HBCC,DLPFC,,,QV,1/28/15,3_32,5/21/15,8.9,,JJ,46.1,2.01,3_2,3_2,CGGCTATG,3_6,5,15,AC8AUEANXX,AC8TK6ANXX,6,4,AC8AUEANXX::AC8TK6ANXX,117551114,106850018,29035,153513,0.908966443,0.9529486,0.25438747,0.045020875,0.6873598,0.00038178
CMC_HBCC_131,CMC_HBCC_RNA_PFC_3106,CMC_HBCC,DLPFC,,,QV,1/28/15,3_26,5/13/15,8.7,,JJ,33.115,2.04,3_2,3_2,GAGATTCC,3_2,5,6,AC8AUEANXX,BC8AG8ANXX,2,2,BC8AG8ANXX::AC8AUEANXX,111798326,101225026,28755,152669,0.905425239,0.9524249,0.27613774,0.045663305,0.66546965,0.000332262
CMC_HBCC_367,CMC_HBCC_RNA_PFC_3107,CMC_HBCC,DLPFC,,,QV,1/28/15,3_34,5/21/15,5.5,,JJ,21.6,1.98,3_4,3_4,ATTCAGAA,3_7,3,4,AC8HFGANXX,BC8HF2ANXX,7,7,BC8HF2ANXX::AC8HFGANXX,126554634,116681573,30552,155652,0.92198578,0.9434222,0.36369985,0.054953706,0.5699705,0.000335496
CMC_HBCC_347,CMC_HBCC_RNA_PFC_3108,CMC_HBCC,DLPFC,,,QV,1/28/15,3_27,5/14/15,8.7,,JJ,19.1,1.97,3_4,3_4,GAGATTCC,3_6,14,11,AC8H5NANXX,BC8RUAANXX,6,6,BC8RUAANXX::AC8H5NANXX,109785950,103022319,28419,151747,0.938392563,0.9560151,0.25193042,0.041970313,0.6934324,0.000355557
CMC_HBCC_107,CMC_HBCC_RNA_PFC_3109,CMC_HBCC,DLPFC,,,QV,1/28/15,3_6,4/24/15,8.4,,JJ,23.3,2.04,3_4,3_4,CTGAAGCT,3_1,9,10,BC8L63ANXX,AHHF77BCXX,1,"1,2",BC8L63ANXX::AHHF77BCXX,115340742,108593624,29495,154638,0.941502735,0.9573677,0.26416507,0.040665038,0.6826846,0.000359864
CMC_HBCC_171,CMC_HBCC_RNA_PFC_3110,CMC_HBCC,DLPFC,,,QV,1/28/15,3_28,5/14/15,6.2,,JJ,53.4,2.04,3_1,3_1,AGCGATAG,3_4,13,,AC8L7PANXX,,4,,AC8L7PANXX,77667074,71047234,27635,147870,0.914766456,0.94158304,0.39386442,0.05689829,0.5387303,0.000308988
CMC_HBCC_212,CMC_HBCC_RNA_PFC_3111,CMC_HBCC,DLPFC,,,QV,1/28/15,3_3,4/22/15,8.5,,JJ,22.375,1.98,3_1,3_1,CTGAAGCT,3_7,7,8,AC8AJEANXX,BC8AN2ANXX,7,7,BC8AN2ANXX::AC8AJEANXX,133410866,120473899,30205,155073,0.903029136,0.9468368,0.36903054,0.051586743,0.56890404,0.00033029
CMC_HBCC_301,CMC_HBCC_RNA_PFC_3113,CMC_HBCC,DLPFC,,,QV,1/28/15,3_6,4/24/15,9,,JJ,18.07,2.04,3_5,3_5,TCCGCGAA,3_2,12,11,AC8H6FANXX,BC8RUAANXX,2,8,AC8H6FANXX::BC8RUAANXX,90546598,84440532,27821,150991,0.93256438,0.9565165,0.22773993,0.041340552,0.7182775,0.00038645
CMC_HBCC_191,CMC_HBCC_RNA_PFC_3116,CMC_HBCC,DLPFC,,,QV,1/28/15,3_2,4/22/15,7.8,,JJ,17.03,2.05,3_3,3_3,TCCGCGAA,3_4,3,4,AC8HFGANXX,BC8HF2ANXX,4,4,BC8HF2ANXX::AC8HFGANXX,111507238,103406135,29807,154443,0.927349084,0.9480366,0.35268036,0.050364874,0.5858871,0.000307345
CMC_HBCC_312,CMC_HBCC_RNA_PFC_3118,CMC_HBCC,DLPFC,,,QV,1/28/15,3_14,4/30/15,5.5,,JJ,25.9,2.02,3_3,3_3,TCTCGCGC,3_2,3,4,AC8HFGANXX,BC8HF2ANXX,2,2,BC8HF2ANXX::AC8HFGANXX,105176616,96417648,28401,152777,0.916721337,0.9563303,0.23011315,0.04183908,0.7151843,0.000378561
CMC_HBCC_229,CMC_HBCC_RNA_PFC_3119,CMC_HBCC,DLPFC,,,QV,1/28/15,3_36,5/27/15,8.8,,JJ,30.8,2,3_4,3_4,TCTCGCGC,3_7,3,4,AC8HFGANXX,BC8HF2ANXX,7,7,BC8HF2ANXX::AC8HFGANXX,105971378,97372941,28709,152874,0.918860761,0.95879596,0.23007722,0.039071705,0.7158307,0.000374473
CMC_HBCC_188,CMC_HBCC_RNA_PFC_3128,CMC_HBCC,DLPFC,,,QV,1/28/15,3_13,4/30/15,8.7,,JJ,14.8,2.01,3_4,3_4,CTGAAGCT,3_7,3,4,AC8HFGANXX,BC8HF2ANXX,7,7,BC8HF2ANXX::AC8HFGANXX,117412618,108588315,29038,153330,0.924843657,0.95562965,0.25373974,0.042242687,0.69109,0.000516814
CMC_HBCC_258,CMC_HBCC_RNA_PFC_3132,CMC_HBCC,DLPFC,,,QV,1/28/15,3_37,5/28/15,7.4,,JJ,26.7,1.99,3_2,3_2,TCCGGAGA,3_2,5,6,AC8AUEANXX,BC8AG8ANXX,2,7,BC8AG8ANXX::AC8AUEANXX,119758296,108368552,29218,152511,0.904893904,0.95122516,0.34027717,0.04702918,0.6002522,0.00030846
CMC_HBCC_210,CMC_HBCC_RNA_PFC_3136,CMC_HBCC,DLPFC,,,QV,1/28/15,3_15,5/6/15,8.1,,JJ,34.1,2.03,3_1,3_1,ATTACTCG; TATAGCCT,3_1,5,15,AC8AUEANXX,AC8TK6ANXX,1,1,AC8TK6ANXX::AC8AUEANXX,97623038,88420296,27866,150384,0.905731862,0.95853114,0.26153976,0.039560545,0.68730557,0.000331273
CMC_HBCC_183,CMC_HBCC_RNA_PFC_3137,CMC_HBCC,DLPFC,,,QV,1/28/15,3_4,4/23/15,7.2,,JJ,21.225,2.06,3_3,3_3,ATTACTCG,3_3,3,4,AC8HFGANXX,BC8HF2ANXX,3,3,AC8HFGANXX::BC8HF2ANXX,115815012,108147078,30128,155195,0.933791536,0.94264543,0.37072238,0.055623192,0.56270504,0.000321028
CMC_HBCC_251,CMC_HBCC_RNA_PFC_3138,CMC_HBCC,DLPFC,,,QV,1/28/15,3_5,4/23/15,7.9,,JJ,27.45,2.12,3_2,3_2,ATTCAGAA,3_2,5,6,AC8AUEANXX,BC8AG8ANXX,2,2,BC8AG8ANXX::AC8AUEANXX,105632448,94973391,28769,152846,0.899092966,0.9514562,0.27473044,0.046566233,0.6639171,0.000519319
CMC_HBCC_231,CMC_HBCC_RNA_PFC_3139,CMC_HBCC,DLPFC,,,QV,1/28/15,3_1,4/21/15,7.9,,JJ,31.2,2.12,3_4,3_4,CTGAAGCT,3_5,14,11,AC8H5NANXX,BC8RUAANXX,5,5,AC8H5NANXX::BC8RUAANXX,107029794,98901251,29760,154422,0.924053456,0.9437135,0.36282697,0.05470402,0.57221854,0.00029555
CMC_HBCC_242,CMC_HBCC_RNA_PFC_3143,CMC_HBCC,DLPFC,,,QV,1/28/15,3_39,5/29/15,7.9,,JJ,12.3,1.99,3_3,3_3,TCCGGAGA,3_2,3,4,AC8HFGANXX,BC8HF2ANXX,2,2,AC8HFGANXX::BC8HF2ANXX,107357132,98782771,29211,153385,0.920132358,0.9532878,0.30075398,0.045075554,0.64211476,0.000365809
CMC_HBCC_198,CMC_HBCC_RNA_PFC_3149,CMC_HBCC,DLPFC,,,QV,1/28/15,3_36,5/27/15,8.4,,JJ,20.3,1.98,3_3,3_3,CGGCTATG,3_6,3,4,AC8HFGANXX,BC8HF2ANXX,6,6,AC8HFGANXX::BC8HF2ANXX,112160662,104787916,28109,152188,0.934266205,0.96416134,0.1699192,0.03361362,0.781695,0.000412915
CMC_HBCC_278,CMC_HBCC_RNA_PFC_3151,CMC_HBCC,DLPFC,,,QV,1/28/15,3_21,5/8/15,5.5,,JJ,9.1,2.04,3_4,3_4,TAATGCGC,3_3,14,11,AC8H5NANXX,BC8RUAANXX,3,3,AC8H5NANXX::BC8RUAANXX,122162342,113564429,30293,155176,0.929618957,0.94519186,0.4014205,0.053582516,0.5354747,0.000299504
CMC_HBCC_019,CMC_HBCC_RNA_PFC_3153,CMC_HBCC,DLPFC,,,QV,1/28/15,3_22,5/8/15,7.9,,JJ,38.8,2.03,3_2,3_2,TCCGGAGA,3_3,5,6,AC8AUEANXX,BC8AG8ANXX,3,8,AC8AUEANXX::BC8AG8ANXX,105842422,94725825,28536,152126,0.894970308,0.94944537,0.29579532,0.048575327,0.64324474,0.000347378
CMC_HBCC_050,CMC_HBCC_RNA_PFC_3154,CMC_HBCC,DLPFC,,,QV,1/28/15,3_27,5/14/15,8.9,,JJ,31,2.04,3_2,3_2,GAATTCGT,3_3,5,6,AC8AUEANXX,BC8AG8ANXX,3,8,BC8AG8ANXX::AC8AUEANXX,108540614,98076294,27958,150902,0.903590743,0.9583698,0.21459752,0.039507832,0.72925466,0.00038263
CMC_HBCC_003,CMC_HBCC_RNA_PFC_3158,CMC_HBCC,DLPFC,,,QV,1/28/15,3_7,4/29/15,8.4,,JJ,18.1,1.98,3_1,3_1,ATTCAGAA,3_1,7,8,AC8AJEANXX,BC8AN2ANXX,1,1,AC8AJEANXX::BC8AN2ANXX,121085956,110568169,28586,153253,0.913137846,0.95830935,0.20648739,0.039666615,0.7407186,0.000429127
CMC_HBCC_006,CMC_HBCC_RNA_PFC_3162,CMC_HBCC,DLPFC,,,QV,1/28/15,3_12,4/30/15,8,,JJ,35.5,2.01,3_1,3_1,ATTACTCG,3_7,7,8,AC8AJEANXX,BC8AN2ANXX,7,7,BC8AN2ANXX::AC8AJEANXX,118022200,106656629,29129,153849,0.903699719,0.94818455,0.26965004,0.050003886,0.6677951,0.000363637
CMC_HBCC_011,CMC_HBCC_RNA_PFC_3164,CMC_HBCC,DLPFC,,,QV,1/28/15,3_1,4/21/15,8,,JJ,23,2.02,3_1,3_1,GAGATTCC,3_4,7,8,AC8AJEANXX,BC8AN2ANXX,4,4,BC8AN2ANXX::AC8AJEANXX,123848838,111331398,30200,154787,0.898929694,0.940907,0.43129328,0.057691146,0.50201637,0.000281499
CMC_HBCC_067,CMC_HBCC_RNA_PFC_3167,CMC_HBCC,DLPFC,,,QV,1/28/15,3_14,4/30/15,7.8,,JJ,29.9,1.99,3_4,3_4,TCTCGCGC,3_6,14,11,AC8H5NANXX,BC8RUAANXX,6,6,BC8RUAANXX::AC8H5NANXX,97535516,91308806,28534,152613,0.936159563,0.9561805,0.257367,0.041929208,0.6882317,0.000360878
CMC_HBCC_008,CMC_HBCC_RNA_PFC_3170,CMC_HBCC,DLPFC,,,QV,1/28/15,3_32,5/21/15,8.4,,JJ,42,2.02,3_5,3_5,TAATGCGC,3_2,12,11,AC8H6FANXX,BC8RUAANXX,2,8,BC8RUAANXX::AC8H6FANXX,114778802,106877793,29349,154581,0.931163169,0.95429254,0.2723042,0.04388178,0.670897,0.000345171
CMC_HBCC_140,CMC_HBCC_RNA_PFC_3171,CMC_HBCC,DLPFC,,,QV,1/28/15,3_37,5/28/15,7.9,,JJ,17.8,1.98,3_4,3_4,TCCGGAGA,3_8,3,4,AC8HFGANXX,BC8HF2ANXX,8,8,AC8HFGANXX::BC8HF2ANXX,102272964,93760980,28378,151659,0.916771905,0.95625913,0.24832058,0.04162876,0.6981274,0.000368695
CMC_HBCC_040,CMC_HBCC_RNA_PFC_3172,CMC_HBCC,DLPFC,,,QV,1/28/15,3_20,5/7/15,8.1,,JJ,17.1,2,3_4,3_4,TCTCGCGC,3_1,14,11,AC8H5NANXX,BC8RUAANXX,1,1,BC8RUAANXX::AC8H5NANXX,106288256,99446115,28264,151286,0.935626557,0.9555138,0.27502972,0.042462423,0.6714569,0.0003614
CMC_HBCC_196,CMC_HBCC_RNA_PFC_3173,CMC_HBCC,DLPFC,,,QV,1/28/15,3_23,5/13/15,7.4,,JJ,26.1,2.01,3_4,3_4,ATTACTCG,3_4,14,11,AC8H5NANXX,BC8RUAANXX,4,4,BC8RUAANXX::AC8H5NANXX,103293466,95776305,28525,151861,0.927225203,0.95339876,0.2869475,0.044763263,0.6567091,0.000325874
CMC_HBCC_051,CMC_HBCC_RNA_PFC_3177,CMC_HBCC,DLPFC,,,QV,1/28/15,3_33,5/21/15,7.1,,JJ,29.5,2.03,3_1,3_1,ATTCAGAA,3_3,7,8,AC8AJEANXX,BC8AN2ANXX,3,3,AC8AJEANXX::BC8AN2ANXX,120642956,111211464,29355,153524,0.921823103,0.947905,0.31975743,0.05023851,0.61889017,0.000332199
CMC_HBCC_013,CMC_HBCC_RNA_PFC_3178,CMC_HBCC,DLPFC,,,QV,1/28/15,3_31,5/21/15,7.2,,JJ,21.4,1.97,3_1,3_1,ATTCAGAA,3_8,7,8,AC8AJEANXX,BC8AN2ANXX,8,8,AC8AJEANXX::BC8AN2ANXX,104746604,90843731,28879,152566,0.867271372,0.9445076,0.31410807,0.053770658,0.6155849,0.000385456
CMC_HBCC_032,CMC_HBCC_RNA_PFC_3182,CMC_HBCC,DLPFC,,,QV,1/28/15,3_1,4/21/15,8.9,,JJ,10.9,2.06,3_4,3_4,ATTCAGAA,3_5,14,11,AC8H5NANXX,BC8RUAANXX,5,5,AC8H5NANXX::BC8RUAANXX,100135600,94059592,29340,153698,0.939322199,0.949154,0.3545343,0.049019042,0.58594704,0.000303095
CMC_HBCC_135,CMC_HBCC_RNA_PFC_3183,CMC_HBCC,DLPFC,,,QV,1/28/15,3_8,4/29/15,8.7,,JJ,20,1.97,3_4,3_4,AGCGATAG,3_5,14,11,AC8H5NANXX,BC8RUAANXX,5,5,BC8RUAANXX::AC8H5NANXX,101144616,95419351,28426,152441,0.943395257,0.95483094,0.24931861,0.043260314,0.6957038,0.000376605
CMC_HBCC_230,CMC_HBCC_RNA_PFC_3185,CMC_HBCC,DLPFC,,,QV,1/28/15,3_37,5/28/15,8.4,,JJ,29.9,1.99,3_4,3_4,TCTCGCGC,3_4,14,11,AC8H5NANXX,BC8RUAANXX,4,4,BC8RUAANXX::AC8H5NANXX,101411602,93096859,28955,152492,0.918009943,0.9504964,0.32470995,0.047885098,0.6166158,0.000317787
CMC_HBCC_039,CMC_HBCC_RNA_PFC_3186,CMC_HBCC,DLPFC,,,QV,1/28/15,3_24,5/13/15,6.5,,JJ,17.4,1.99,3_5,3_5,CGGCTATG,3_8,14,12,AC8H5NANXX,AC8H6FANXX,8,3,AC8H5NANXX::AC8H6FANXX,140200942,130976800,31032,156576,0.934207703,0.9408146,0.40488523,0.05771235,0.5283436,0.000264946
CMC_HBCC_068,CMC_HBCC_RNA_PFC_3188,CMC_HBCC,DLPFC,,,QV,1/28/15,3_20,5/7/15,7.8,,JJ,38.8,2.06,3_4,3_4,CGGCTATG,3_7,3,4,AC8HFGANXX,BC8HF2ANXX,7,7,BC8HF2ANXX::AC8HFGANXX,116622386,107707452,29453,154058,0.923557266,0.9517494,0.30142117,0.0463942,0.640923,0.000357752
CMC_HBCC_061,CMC_HBCC_RNA_PFC_3189,CMC_HBCC,DLPFC,,,QV,1/28/15,3_27,5/14/15,8.1,,JJ,38.6,2.04,3_1,3_1,CTGAAGCT,3_5,7,8,AC8AJEANXX,BC8AN2ANXX,5,5,AC8AJEANXX::BC8AN2ANXX,133141198,119174075,29388,153960,0.895095408,0.9527446,0.27471778,0.045340594,0.666554,0.000350801
CMC_HBCC_034,CMC_HBCC_RNA_PFC_3192,CMC_HBCC,DLPFC,,,QV,1/28/15,3_34,5/21/15,6.4,,JJ,10.1,2.02,3_1,3_1,GAGATTCC,3_8,7,8,AC8AJEANXX,BC8AN2ANXX,8,8,AC8AJEANXX::BC8AN2ANXX,104297360,90764902,29017,150576,0.870251193,0.935592,0.38388723,0.06274987,0.5388258,0.000340089
CMC_HBCC_076,CMC_HBCC_RNA_PFC_3196,CMC_HBCC,DLPFC,,,QV,1/28/15,3_24,5/13/15,8.6,,JJ,28.2,1.99,3_2,3_2,CTGAAGCT,3_5,5,15,AC8AUEANXX,AC8TK6ANXX,5,3,AC8TK6ANXX::AC8AUEANXX,106674638,98365481,28462,153120,0.922107474,0.9591424,0.20808531,0.038731616,0.73844945,0.000416393
CMC_HBCC_060,CMC_HBCC_RNA_PFC_3198,CMC_HBCC,DLPFC,,,QV,1/28/15,3_23,5/13/15,8.2,,JJ,16.3,1.99,3_4,3_4,CTGAAGCT,3_3,14,11,AC8H5NANXX,BC8RUAANXX,3,3,BC8RUAANXX::AC8H5NANXX,106143228,98838756,29154,153058,0.931182873,0.94643706,0.32795525,0.05196989,0.6090756,0.000320171
CMC_HBCC_189,CMC_HBCC_RNA_PFC_3199,CMC_HBCC,DLPFC,,,QV,1/28/15,3_10,4/30/15,8.4,,JJ,27.8,2.04,3_1,3_1,CGGCTATG,3_3,7,8,AC8AJEANXX,BC8AN2ANXX,3,3,AC8AJEANXX::BC8AN2ANXX,105397604,95943829,28362,152291,0.910303701,0.95563644,0.21724936,0.042259287,0.72740364,0.000433555
CMC_HBCC_161,CMC_HBCC_RNA_PFC_3204,CMC_HBCC,DLPFC,,,QV,1/28/15,3_7,4/29/15,7.8,,JJ,14.1,1.97,3_3,3_3,TCCGCGAA,3_5,3,4,AC8HFGANXX,BC8HF2ANXX,5,5,AC8HFGANXX::BC8HF2ANXX,109129492,100755518,28306,151942,0.923265711,0.9577562,0.22882287,0.040127747,0.7182915,0.00038296
CMC_HBCC_036,CMC_HBCC_RNA_PFC_3206,CMC_HBCC,DLPFC,,,QV,1/28/15,3_39,5/29/15,9.3,,JJ,30.7,2.02,3_4,3_4,TAATGCGC; TATAGCCT,3_2,14,11,AC8H5NANXX,BC8RUAANXX,2,2,AC8H5NANXX::BC8RUAANXX,96998200,91208754,26775,150103,0.940313882,0.9706727,0.12278095,0.02708091,0.83669466,0.000409091
CMC_HBCC_075,CMC_HBCC_RNA_PFC_3207,CMC_HBCC,DLPFC,,,QV,1/28/15,3_22,5/8/15,7.4,,JJ,32.4,2.05,3_3,3_3,CGGCTATG,3_2,3,4,AC8HFGANXX,BC8HF2ANXX,2,2,BC8HF2ANXX::AC8HFGANXX,106751236,98131447,29109,153371,0.919253497,0.95148075,0.30877423,0.046707086,0.633182,0.000337274
CMC_HBCC_065,CMC_HBCC_RNA_PFC_3209,CMC_HBCC,DLPFC,,,QV,1/28/15,3_32,5/21/15,6.3,,JJ,21.9,1.99,3_1,3_1,TCCGCGAA,3_2,5,6,AC8AUEANXX,BC8AG8ANXX,2,7,BC8AG8ANXX::AC8AUEANXX,115925812,103734652,29324,152410,0.894836536,0.9441841,0.41227475,0.054482862,0.52230257,0.0002568
CMC_HBCC_090,CMC_HBCC_RNA_PFC_3358,CMC_HBCC,DLPFC,,,QV,2/2/15,3_12,4/30/15,8.1,,JJ,30.9,2,3_4,3_4,TCTCGCGC,3_8,3,4,AC8HFGANXX,BC8HF2ANXX,8,8,AC8HFGANXX::BC8HF2ANXX,113430686,105430599,29456,152832,0.929471581,0.9430663,0.38615915,0.055424202,0.54871666,0.000284923
CMC_HBCC_177,CMC_HBCC_RNA_PFC_3360,CMC_HBCC,DLPFC,,,QV,2/2/15,3_8,4/29/15,6.8,,JJ,11.8,2,3_4,3_4,ATTCAGAA,3_4,14,11,AC8H5NANXX,BC8RUAANXX,4,4,AC8H5NANXX::BC8RUAANXX,103263274,95541877,29837,154197,0.925226107,0.9415271,0.3930089,0.057050634,0.54034257,0.00034788
CMC_HBCC_238,CMC_HBCC_RNA_PFC_3362,CMC_HBCC,DLPFC,,,QV,2/2/15,3_10,4/30/15,7.3,,JJ,38.1,2.06,3_2,3_2,TCCGCGAA,3_4,5,15,AC8AUEANXX,AC8TK6ANXX,4,2,AC8AUEANXX::AC8TK6ANXX,109179054,99073968,28692,151505,0.907444829,0.9501018,0.30533293,0.048033495,0.6339389,0.000325505
CMC_HBCC_317,CMC_HBCC_RNA_PFC_3363,CMC_HBCC,DLPFC,,,QV,2/2/15,3_38,5/28/15,7.5,,JJ,11.5,1.98,3_3,3_3,TCCGGAGA,3_5,3,4,AC8HFGANXX,BC8HF2ANXX,5,5,BC8HF2ANXX::AC8HFGANXX,113342432,104785922,29053,153217,0.924507443,0.9567227,0.29967943,0.041623484,0.64684373,0.000343439
CMC_HBCC_335,CMC_HBCC_RNA_PFC_3364,CMC_HBCC,DLPFC,,,QV,2/2/15,3_23,5/13/15,8.1,,JJ,21.7,1.98,3_4,3_4,CGGCTATG; TATAGCCT,3_2,14,11,AC8H5NANXX,BC8RUAANXX,2,2,BC8RUAANXX::AC8H5NANXX,109530116,103026475,28793,152608,0.940622349,0.95618933,0.27243268,0.04199344,0.6754203,0.000338089
CMC_HBCC_344,CMC_HBCC_RNA_PFC_3365,CMC_HBCC,DLPFC,,,QV,2/2/15,3_35,5/27/15,8.4,,JJ,27.6,2,3_4,3_4,TCCGCGAA,3_8,3,4,AC8HFGANXX,BC8HF2ANXX,8,8,BC8HF2ANXX::AC8HFGANXX,107288370,99623752,29352,153573,0.928560589,0.95054984,0.30258784,0.047642272,0.6371604,0.000343708
CMC_HBCC_286,CMC_HBCC_RNA_PFC_3368,CMC_HBCC,DLPFC,,,QV,2/2/15,3_16,5/6/15,8.4,,JJ,27.2,2.06,3_3,3_3,TCTCGCGC,3_4,3,4,AC8HFGANXX,BC8HF2ANXX,4,4,AC8HFGANXX::BC8HF2ANXX,91584164,85054116,27587,150683,0.92869894,0.9614748,0.1871915,0.036390267,0.7618613,0.000384089
CMC_HBCC_096,CMC_HBCC_RNA_PFC_3372,CMC_HBCC,DLPFC,,,QV,2/2/15,3_29,5/15/15,7.9,,JJ,16.4,1.98,3_4,3_4,ATTCAGAA,3_8,3,4,AC8HFGANXX,BC8HF2ANXX,8,8,BC8HF2ANXX::AC8HFGANXX,97619300,90942303,28343,151701,0.931601671,0.9529137,0.27628025,0.04514292,0.6666567,0.000416778
CMC_HBCC_322,CMC_HBCC_RNA_PFC_3374,CMC_HBCC,DLPFC,,,QV,2/2/15,3_34,5/21/15,6.2,,JJ,21.4,1.97,3_1,3_1,ATTCAGAA; TATAGCCT,3_1,5,15,AC8AUEANXX,AC8TK6ANXX,1,1,AC8AUEANXX::AC8TK6ANXX,104706862,94948495,29809,153791,0.906802985,0.9414061,0.45078775,0.05736151,0.48343563,0.000258232
CMC_HBCC_211,CMC_HBCC_RNA_PFC_3375,CMC_HBCC,DLPFC,,,QV,2/2/15,3_4,4/23/15,7,,JJ,14.46,2.05,3_3,3_3,TCCGGAGA,3_3,3,4,AC8HFGANXX,BC8HF2ANXX,3,3,BC8HF2ANXX::AC8HFGANXX,115100454,107762798,30085,155282,0.936249982,0.9469899,0.3832988,0.05153284,0.55503577,0.000286925
CMC_HBCC_145,CMC_HBCC_RNA_PFC_3377,CMC_HBCC,DLPFC,,,QV,2/2/15,3_13,4/30/15,7.4,,JJ,20,1.99,3_3,3_3,AGCGATAG,3_4,3,4,AC8HFGANXX,BC8HF2ANXX,4,4,AC8HFGANXX::BC8HF2ANXX,110150128,102840693,29445,154302,0.933641157,0.952999,0.28291723,0.045180023,0.65944195,0.000345761
CMC_HBCC_079,CMC_HBCC_RNA_PFC_3383,CMC_HBCC,DLPFC,,,QV,2/2/15,3_32,5/21/15,8.1,,JJ,27.9,2.01,3_1,3_1,TCCGCGAA,3_3,7,8,AC8AJEANXX,BC8AN2ANXX,3,3,BC8AN2ANXX::AC8AJEANXX,107872620,97806696,28641,152365,0.906686942,0.9514578,0.28786272,0.046779986,0.6538137,0.000566758
CMC_HBCC_082,CMC_HBCC_RNA_PFC_3384,CMC_HBCC,DLPFC,,,QV,2/2/15,3_36,5/27/15,9.1,,JJ,35.4,1.99,3_1,3_1,GAGATTCC,3_7,7,8,AC8AJEANXX,BC8AN2ANXX,7,7,BC8AN2ANXX::AC8AJEANXX,116134860,104759867,28172,152708,0.902053587,0.9535349,0.18648127,0.044467267,0.75422835,0.000393453
CMC_HBCC_084,CMC_HBCC_RNA_PFC_3386,CMC_HBCC,DLPFC,,,QV,2/2/15,3_34,5/21/15,8.1,,JJ,18.5,1.99,3_3,3_3,TCCGCGAA,3_3,3,4,AC8HFGANXX,BC8HF2ANXX,3,3,BC8HF2ANXX::AC8HFGANXX,100328732,93692564,28695,152638,0.933855757,0.95172733,0.25783896,0.0464214,0.6830377,0.000360188
CMC_HBCC_319,CMC_HBCC_RNA_PFC_3387,CMC_HBCC,DLPFC,,,QV,2/2/15,3_25,5/13/15,7.5,,JJ,18.42,1.99,3_1,3_1,TCTCGCGC,3_4,7,8,AC8AJEANXX,BC8AN2ANXX,4,4,BC8AN2ANXX::AC8AJEANXX,93109510,84156124,27526,149098,0.903840263,0.9518326,0.29869783,0.046239473,0.6441696,0.000359439
CMC_HBCC_262,CMC_HBCC_RNA_PFC_3388,CMC_HBCC,DLPFC,,,QV,2/2/15,3_18,5/6/15,6.7,,JJ,29.2,1.99,3_2,3_2,GAGATTCC,3_6,5,15,AC8AUEANXX,AC8TK6ANXX,6,4,AC8AUEANXX::AC8TK6ANXX,109368788,99532758,29452,154174,0.910065475,0.94836015,0.31137028,0.049827132,0.6264393,0.000339752
CMC_HBCC_027,CMC_HBCC_RNA_PFC_3391,CMC_HBCC,DLPFC,,,QV,2/2/15,3_3,4/22/15,6,,JJ,8.335,2,3_3,3_3,GAATTCGT,3_4,3,4,AC8HFGANXX,BC8HF2ANXX,4,4,AC8HFGANXX::BC8HF2ANXX,98380946,91749544,29869,152968,0.932594651,0.93051046,0.5278845,0.06843843,0.3969416,0.000258383
CMC_HBCC_087,CMC_HBCC_RNA_PFC_3392,CMC_HBCC,DLPFC,,,QV,2/2/15,3_5,4/23/15,7.5,,JJ,20.78,2.03,3_2,3_2,TCTCGCGC,3_3,5,6,AC8AUEANXX,BC8AG8ANXX,3,8,BC8AG8ANXX::AC8AUEANXX,100766682,90896485,28312,152108,0.902049003,0.9576302,0.25394815,0.040414993,0.6913356,0.000396272
CMC_HBCC_080,CMC_HBCC_RNA_PFC_3395,CMC_HBCC,DLPFC,,,QV,2/2/15,3_35,5/27/15,8,,JJ,23.5,1.96,3_4,3_4,CTGAAGCT,3_1,14,11,AC8H5NANXX,BC8RUAANXX,1,1,BC8RUAANXX::AC8H5NANXX,117559562,110356434,29135,154262,0.938727842,0.9584763,0.23509824,0.03958789,0.7122074,0.000406924
CMC_HBCC_207,CMC_HBCC_RNA_PFC_3398,CMC_HBCC,DLPFC,,,QV,2/2/15,3_39,5/29/15,5.6,,JJ,31.2,2.01,3_1,3_1,GAGATTCC,3_1,7,8,AC8AJEANXX,BC8AN2ANXX,1,1,AC8AJEANXX::BC8AN2ANXX,138683986,126779232,30813,156767,0.91415913,0.9413042,0.39057663,0.057147745,0.5414982,0.000292601
CMC_HBCC_095,CMC_HBCC_RNA_PFC_3400,CMC_HBCC,DLPFC,,,QV,2/2/15,3_12,4/30/15,8.3,,JJ,26.1,2.01,3_1,3_1,ATTACTCG,3_3,7,8,AC8AJEANXX,BC8AN2ANXX,3,3,BC8AN2ANXX::AC8AJEANXX,120817718,111155182,29819,154298,0.920023849,0.94276613,0.3598606,0.055604946,0.5741724,0.000317149
CMC_HBCC_174,CMC_HBCC_RNA_PFC_3401,CMC_HBCC,DLPFC,,,QV,2/2/15,3_35,5/27/15,8.4,,JJ,30.2,2,3_3,3_3,TCTCGCGC,3_3,3,4,AC8HFGANXX,BC8HF2ANXX,3,3,BC8HF2ANXX::AC8HFGANXX,104382854,97516564,28135,152200,0.934220135,0.9625976,0.19267565,0.035280693,0.75794876,0.000381296
CMC_HBCC_083,CMC_HBCC_RNA_PFC_3402,CMC_HBCC,DLPFC,,,QV,2/2/15,3_28,5/14/15,8.1,,JJ,10.9,1.98,3_2,3_2,CGGCTATG,3_4,5,15,AC8AUEANXX,AC8TK6ANXX,4,2,AC8AUEANXX::AC8TK6ANXX,115548348,104837747,29111,152423,0.907306325,0.94895923,0.392626,0.05006139,0.5465598,0.000271758
CMC_HBCC_092,CMC_HBCC_RNA_PFC_3406,CMC_HBCC,DLPFC,,,QV,2/2/15,3_15,5/6/15,8.5,,JJ,40.6,2.05,3_1,3_1,TCCGGAGA,3_2,7,8,AC8AJEANXX,BC8AN2ANXX,2,2,AC8AJEANXX::BC8AN2ANXX,129028146,112274234,29169,154080,0.870153044,0.9545878,0.2251732,0.04335497,0.7115673,0.000411477
CMC_HBCC_314,CMC_HBCC_RNA_PFC_3408,CMC_HBCC,DLPFC,,,QV,2/2/15,3_15,5/6/15,7.3,,JJ,19.1,1.99,3_3,3_3,GAATTCGT,3_5,3,4,AC8HFGANXX,BC8HF2ANXX,5,5,AC8HFGANXX::BC8HF2ANXX,109399636,101016131,29340,154079,0.923368072,0.9542861,0.27661195,0.043941665,0.66589844,0.000359777
CMC_HBCC_444,CMC_HBCC_RNA_PFC_3410,CMC_HBCC,DLPFC,2,right,QV,2/5/15,3_30,5/15/15,7.6,,JJ,28.3,2.05,3_4,3_4,TCCGCGAA; TATAGCCT,3_2,14,11,AC8H5NANXX,BC8RUAANXX,2,2,AC8H5NANXX::BC8RUAANXX,97711370,91785033,28109,151541,0.939348543,0.9598351,0.23042001,0.038171563,0.72027606,0.000358667
CMC_HBCC_440,CMC_HBCC_RNA_PFC_3417,CMC_HBCC,DLPFC,3,right,QV,2/5/15,3_34,5/21/15,8.9,,JJ,27.4,2.03,3_3,3_3,GAATTCGT,3_2,3,4,AC8HFGANXX,BC8HF2ANXX,2,2,BC8HF2ANXX::AC8HFGANXX,108119052,99215817,27734,151318,0.917653412,0.96208775,0.18342963,0.03580053,0.76608855,0.00038283
CMC_HBCC_397,CMC_HBCC_RNA_PFC_3425,CMC_HBCC,DLPFC,3,left,QV,2/5/15,3_36,5/27/15,8,,JJ,31.4,2.03,3_2,3_2,ATTACTCG,3_6,5,15,AC8AUEANXX,AC8TK6ANXX,6,4,AC8TK6ANXX::AC8AUEANXX,104199352,90997605,27836,150944,0.873302984,0.9583989,0.22375277,0.039494433,0.7211459,0.000382056
CMC_HBCC_441,CMC_HBCC_RNA_PFC_3429,CMC_HBCC,DLPFC,3,right,QV,2/5/15,3_8,4/29/15,6.8,,JJ,32.3,2.05,3_3,3_3,CTGAAGCT,3_6,3,4,AC8HFGANXX,BC8HF2ANXX,6,6,BC8HF2ANXX::AC8HFGANXX,127138764,119129337,29783,153885,0.937002479,0.9469128,0.36773437,0.05138699,0.5713296,0.000290123
CMC_HBCC_426,CMC_HBCC_RNA_PFC_3439,CMC_HBCC,DLPFC,3,right,QV,2/5/15,3_11,4/30/15,7.7,,JJ,27.2,2.02,3_4,3_4,CGCTCATT,3_6,14,11,AC8H5NANXX,BC8RUAANXX,6,6,BC8RUAANXX::AC8H5NANXX,112795652,105795721,29002,153562,0.937941482,0.9535838,0.2474387,0.044437196,0.6949273,0.000361653
CMC_HBCC_383,CMC_HBCC_RNA_PFC_3441,CMC_HBCC,DLPFC,4,right,QV,2/5/15,3_34,5/21/15,8.3,,JJ,26.5,2.01,3_1,3_1,ATTCAGAA,3_6,7,8,AC8AJEANXX,BC8AN2ANXX,6,6,BC8AN2ANXX::AC8AJEANXX,132121232,120869576,29330,154487,0.914838396,0.9536305,0.23630774,0.044370323,0.7068476,0.000376412
CMC_HBCC_425,CMC_HBCC_RNA_PFC_3443,CMC_HBCC,DLPFC,3,right,QV,2/5/15,3_26,5/13/15,6.7,,JJ,38.225,2.05,3_3,3_3,TCCGGAGA,3_4,3,4,AC8HFGANXX,BC8HF2ANXX,4,4,AC8HFGANXX::BC8HF2ANXX,123321548,115081032,28993,153837,0.93317862,0.9588846,0.20156528,0.0388752,0.74557245,0.000408232
CMC_HBCC_449,CMC_HBCC_RNA_PFC_3451,CMC_HBCC,DLPFC,3,right,QV,2/5/15,3_28,5/14/15,7.4,,JJ,44.9,2.03,3_2,3_2,CGGCTATG,3_3,5,6,AC8AUEANXX,BC8AG8ANXX,3,8,BC8AG8ANXX::AC8AUEANXX,103093362,93211023,28047,152233,0.90414185,0.9531087,0.20618244,0.044818066,0.73283345,0.000415974
CMC_HBCC_414,CMC_HBCC_RNA_PFC_3458,CMC_HBCC,DLPFC,3,right,QV,2/5/15,3_37,5/28/15,7.6,,JJ,16.5,1.99,3_2,3_2,ATTACTCG,3_5,5,15,AC8AUEANXX,AC8TK6ANXX,5,3,AC8TK6ANXX::AC8AUEANXX,114783042,103970872,28734,151731,0.90580342,0.947159,0.3789376,0.05130914,0.55932426,0.000282472
CMC_HBCC_432,CMC_HBCC_RNA_PFC_3460,CMC_HBCC,DLPFC,3,right,QV,2/5/15,3_20,5/7/15,7.4,,JJ,34.1,2.08,3_1,3_1,CTGAAGCT,3_2,7,8,AC8AJEANXX,BC8AN2ANXX,2,2,BC8AN2ANXX::AC8AJEANXX,134267364,118112956,30273,155302,0.879684776,0.9422174,0.36440063,0.056073625,0.5658301,0.000343954
CMC_HBCC_439,CMC_HBCC_RNA_PFC_3504,CMC_HBCC,DLPFC,3,right,QV,2/5/15,3_13,4/30/15,7.8,,JJ,17.7,2,3_4,3_4,TAATGCGC,3_7,3,4,AC8HFGANXX,BC8HF2ANXX,7,7,BC8HF2ANXX::AC8HFGANXX,113906266,104752609,28932,153131,0.919638688,0.9553975,0.28034535,0.042746715,0.66412354,0.00043126
CMC_HBCC_437,CMC_HBCC_RNA_PFC_3508,CMC_HBCC,DLPFC,3,right,QV,2/5/15,3_11,4/30/15,7.1,,JJ,19.2,2.01,3_4,3_4,TCTCGCGC; TATAGCCT,3_2,14,11,AC8H5NANXX,BC8RUAANXX,2,2,BC8RUAANXX::AC8H5NANXX,108094302,101520776,30095,154228,0.939187118,0.9459558,0.43032926,0.052841146,0.5089959,0.000247153
CMC_HBCC_435,CMC_HBCC_RNA_PFC_3517,CMC_HBCC,DLPFC,3,right,QV,2/5/15,3_26,5/13/15,8.8,,JJ,26.565,2.03,3_2,3_2,GAGATTCC,3_3,5,6,AC8AUEANXX,BC8AG8ANXX,3,8,AC8AUEANXX::BC8AG8ANXX,104580314,93552619,27645,150327,0.89455286,0.9593729,0.21118182,0.038375676,0.7361401,0.000402906
CMC_HBCC_430,CMC_HBCC_RNA_PFC_3521,CMC_HBCC,DLPFC,4,right,QV,2/5/15,3_21,5/8/15,7.2,,JJ,30.5,2.04,3_1,3_1,CGCTCATT; TATAGCCT,3_1,5,15,AC8AUEANXX,AC8TK6ANXX,1,1,AC8TK6ANXX::AC8AUEANXX,102531588,92935342,28773,151911,0.906406931,0.9513712,0.32672775,0.04690903,0.6155428,0.000351577
CMC_HBCC_464,CMC_HBCC_RNA_PFC_3523,CMC_HBCC,DLPFC,4,left,QV,2/5/15,3_11,4/30/15,6.7,,JJ,22.3,1.97,3_4,3_4,AGCGATAG,3_7,3,4,AC8HFGANXX,BC8HF2ANXX,7,7,BC8HF2ANXX::AC8HFGANXX,124958586,115641063,30051,154795,0.925435112,0.9456396,0.36757004,0.052669007,0.56904346,0.000291738
CMC_HBCC_436,CMC_HBCC_RNA_PFC_3530,CMC_HBCC,DLPFC,3,right,QV,2/5/15,3_4,4/23/15,8.5,,JJ,30.875,2.06,3_4,3_4,ATTACTCG,3_8,3,4,AC8HFGANXX,BC8HF2ANXX,8,8,AC8HFGANXX::BC8HF2ANXX,104816766,95744117,29196,153258,0.913442769,0.95006514,0.33894026,0.04826123,0.6014738,0.000317114
CMC_HBCC_461,CMC_HBCC_RNA_PFC_3536,CMC_HBCC,DLPFC,4,left,QV,2/5/15,3_28,5/14/15,7.7,,JJ,20.7,2,3_4,3_4,ATTACTCG,3_5,14,11,AC8H5NANXX,BC8RUAANXX,5,5,BC8RUAANXX::AC8H5NANXX,98746636,92881532,28064,151650,0.940604518,0.958019,0.22253034,0.039834708,0.7242813,0.000374899
CMC_HBCC_442,CMC_HBCC_RNA_PFC_3552,CMC_HBCC,DLPFC,4,right,QV,2/6/15,3_9,4/30/15,7.4,,JJ,23,1.94,3_4,3_4,TCTCGCGC,3_7,14,11,AC8H5NANXX,BC8RUAANXX,7,7,AC8H5NANXX::BC8RUAANXX,117315542,109245935,29180,153330,0.93121451,0.9519291,0.29706553,0.04621448,0.6451017,0.000337595
CMC_HBCC_392,CMC_HBCC_RNA_PFC_3595,CMC_HBCC,DLPFC,3,right,QV,2/6/15,3_25,5/13/15,8.1,,JJ,22.255,2.01,3_1,3_1,TCTCGCGC; CAGGACGT,3_1,5,15,AC8AUEANXX,AC8TK6ANXX,1,1,AC8TK6ANXX::AC8AUEANXX,116445370,105156226,28641,152205,0.903052015,0.9509162,0.26557598,0.047123183,0.6748184,0.000360773
CMC_HBCC_451,CMC_HBCC_RNA_PFC_3601,CMC_HBCC,DLPFC,4,right,QV,2/6/15,3_24,5/13/15,8.5,,JJ,29.4,2,3_1,3_1,CTGAAGCT,3_6,7,8,AC8AJEANXX,BC8AN2ANXX,6,6,AC8AJEANXX::BC8AN2ANXX,131256172,120482089,29870,155065,0.917915609,0.950108,0.27138346,0.047876153,0.66897523,0.000385764
CMC_HBCC_274,CMC_HBCC_RNA_PFC_3861,CMC_HBCC,DLPFC,3,right,QV,2/18/15,3_9,4/30/15,7.5,,JJ,33.4,2.04,3_1,3_1,TCTCGCGC,3_8,7,8,AC8AJEANXX,BC8AN2ANXX,8,8,AC8AJEANXX::BC8AN2ANXX,93815238,77615855,26986,148486,0.82732674,0.95541734,0.24576017,0.042552248,0.69269884,0.000360003
CMC_HBCC_373,CMC_HBCC_RNA_PFC_3881,CMC_HBCC,DLPFC,5,right,QV,2/18/15,3_21,5/8/15,7.9,,JJ,28.4,2.05,3_5,3_5,GAGATTCC,3_7,14,11,AC8H5NANXX,BC8RUAANXX,7,7,BC8RUAANXX::AC8H5NANXX,113870498,106368862,29189,153279,0.934121338,0.95179313,0.30665728,0.046386242,0.6361302,0.000356562
CMC_HBCC_379,CMC_HBCC_RNA_PFC_3883,CMC_HBCC,DLPFC,3,left,QV,2/18/15,3_21,5/8/15,5.8,,JJ,23.3,1.97,3_1,3_1,TCCGGAGA,3_5,7,8,AC8AJEANXX,BC8AN2ANXX,5,5,AC8AJEANXX::BC8AN2ANXX,147261038,126038214,31363,156088,0.855882966,0.92137116,0.49535316,0.07736922,0.41972554,0.000264704
CMC_HBCC_380,CMC_HBCC_RNA_PFC_3886,CMC_HBCC,DLPFC,4,right,QV,2/18/15,3_28,5/14/15,7.4,,JJ,33.8,2.04,3_2,3_2,CGCTCATT,3_4,5,15,AC8AUEANXX,AC8TK6ANXX,4,2,AC8AUEANXX::AC8TK6ANXX,111103050,99875012,29662,154502,0.898940326,0.9414484,0.33863774,0.057079013,0.59262186,0.000393593
CMC_HBCC_368,CMC_HBCC_RNA_PFC_3888,CMC_HBCC,DLPFC,3,left,QV,2/18/15,3_5,4/23/15,7.8,,JJ,30.45,2.09,3_1,3_1,TCCGGAGA,3_1,7,8,AC8AJEANXX,BC8AN2ANXX,1,1,BC8AN2ANXX::AC8AJEANXX,113588986,103884443,29374,153795,0.914564402,0.94774324,0.29952243,0.05035628,0.63858956,0.000350399
CMC_HBCC_375,CMC_HBCC_RNA_PFC_3903,CMC_HBCC,DLPFC,3,left,QV,2/18/15,3_39,5/29/15,4.6,,JJ,27.1,2.02,3_4,3_4,TAATGCGC,3_1,9,10,BC8L63ANXX,AHHF77BCXX,1,"1,2",BC8L63ANXX::AHHF77BCXX,126663504,119046042,30758,156113,0.939860641,0.9340222,0.38629618,0.06453809,0.5381795,0.000361388
CMC_HBCC_377,CMC_HBCC_RNA_PFC_3905,CMC_HBCC,DLPFC,4,right,QV,2/18/15,3_34,5/21/15,7,,JJ,27.3,2.05,3_3,3_3,CTGAAGCT,3_5,3,4,AC8HFGANXX,BC8HF2ANXX,5,5,BC8HF2ANXX::AC8HFGANXX,119385208,110330059,29542,153461,0.924151835,0.9475713,0.35378534,0.0509908,0.58315027,0.000321598
CMC_HBCC_354,CMC_HBCC_RNA_PFC_3907,CMC_HBCC,DLPFC,4,right,QV,2/18/15,3_18,5/6/15,5.7,,JJ,19.1,1.99,3_1,3_1,TCTCGCGC,3_5,7,8,AC8AJEANXX,BC8AN2ANXX,5,5,AC8AJEANXX::BC8AN2ANXX,124274284,110091768,30369,155944,0.885877307,0.93744385,0.39670417,0.06119495,0.53078973,0.000287975
CMC_HBCC_045,CMC_HBCC_RNA_PFC_3909,CMC_HBCC,DLPFC,3,right,QV,2/18/15,3_27,5/14/15,7.1,,JJ,9.5,1.98,3_2,3_2,CTGAAGCT,3_3,5,6,AC8AUEANXX,BC8AG8ANXX,3,8,AC8AUEANXX::BC8AG8ANXX,118911358,107891374,29131,152109,0.90732606,0.9442764,0.40084288,0.05421346,0.53418744,0.000262639
CMC_HBCC_361,CMC_HBCC_RNA_PFC_3918,CMC_HBCC,DLPFC,4,right,QV,2/18/15,3_4,4/23/15,7.7,,JJ,22.16,2.02,3_1,3_1,CGCTCATT,3_3,7,8,AC8AJEANXX,BC8AN2ANXX,3,3,AC8AJEANXX::BC8AN2ANXX,104925598,96767582,29126,153284,0.922249516,0.9486927,0.29349688,0.049415007,0.6457804,0.00034969
CMC_HBCC_218,CMC_HBCC_RNA_PFC_3082,CMC_HBCC,DLPFC,,,QV,1/28/15,3_16,5/6/15,7.8,,JJ,18.6,2,3_3,3_3,CTGAAGCT; GTACTGAC,3_1,3,4,AC8HFGANXX,BC8HF2ANXX,1,1,AC8HFGANXX::BC8HF2ANXX,115793476,109524908,29168,153950,0.945864238,0.9608401,0.22590901,0.037034087,0.72528356,0.000388812
CMC_HBCC_103,CMC_HBCC_RNA_PFC_3097,CMC_HBCC,DLPFC,,,QV,1/28/15,3_12,4/30/15,7.7,,JJ,22,1.97,3_3,3_3,CGCTCATT; CAGGACGT,3_1,3,4,AC8HFGANXX,BC8HF2ANXX,1,1,BC8HF2ANXX::AC8HFGANXX,113278938,106863797,29716,155021,0.943368634,0.95369506,0.35675108,0.044701986,0.5895265,0.000293942
CMC_HBCC_085,CMC_HBCC_RNA_PFC_3382,CMC_HBCC,DLPFC,,,QV,2/2/15,3_7,4/29/15,8.2,,JJ,22.9,1.96,3_3,3_3,TCCGGAGA; CAGGACGT,3_1,3,4,AC8HFGANXX,BC8HF2ANXX,1,1,BC8HF2ANXX::AC8HFGANXX,94463704,89359380,27993,151606,0.945965235,0.95962256,0.24499042,0.038347304,0.70516217,0.000377862
CMC_HBCC_089,CMC_HBCC_RNA_PFC_3385,CMC_HBCC,DLPFC,,,QV,2/2/15,3_26,5/13/15,8.6,,JJ,29.73,2.04,3_3,3_3,GAATTCGT; GTACTGAC,3_1,3,4,AC8HFGANXX,BC8HF2ANXX,1,1,BC8HF2ANXX::AC8HFGANXX,116471228,109766878,29514,154118,0.942437715,0.9568272,0.28151274,0.041230123,0.66553116,0.000360036
